PRESSURE_MOMENT_X,PRESSURE_MOMENT_Y,PRESSURE_MOMENT_Z,VISCOUS_MOMENT_X,VISCOUS_MOMENT_Y,VISCOUS_MOMENT_Z,PRESSURE_FORCE_X,PRESSURE_FORCE_Y,PRESSURE_FORCE_Z,VISCOUS_FORCE_X,VISCOUS_FORCE_Y,VISCOUS_FORCE_Z,CL/CD,CLF/CL
-5.92E+01,2.71E+01,3.81E+01,3.43E-02,7.00E-01,4.66E-02,-6.51E+01,-1.45E+02,2.14E+00,-1.69E+00,7.25E-02,-2.39E-03,2.171314741,0.022477064
-1.02E+02,3.85E+01,5.95E+01,8.09E-02,6.99E-01,6.32E-03,-9.17E+01,-2.51E+02,4.26E+00,-1.69E+00,1.85E-01,-5.64E-03,2.688477952,0.068783069
-9.03E+01,2.49E+01,4.45E+01,9.01E-02,6.79E-01,-6.13E-03,-5.83E+01,-2.24E+02,3.92E+00,-1.65E+00,2.08E-01,-8.26E-03,3.725055432,0.138095238
-5.49E+01,5.92E+00,1.79E+01,9.36E-02,6.62E-01,-1.27E-02,-1.17E+01,-1.36E+02,2.27E+00,-1.61E+00,2.15E-01,-9.67E-03,10.2,0.260784314
-3.81E+01,2.06E+00,8.59E+00,9.21E-02,6.54E-01,-1.27E-02,-1.65E+00,-9.29E+01,1.69E+00,-1.60E+00,2.09E-01,-9.06E-03,28.60655738,0.330945559
-5.27E+01,1.50E+01,2.18E+01,8.78E-02,6.52E-01,-8.79E-03,-3.23E+01,-1.28E+02,3.13E+00,-1.59E+00,1.98E-01,-8.93E-03,3.776470588,0.191069574
-8.05E+01,3.13E+01,4.13E+01,8.48E-02,6.56E-01,-6.03E-03,-7.14E+01,-1.98E+02,5.46E+00,-1.60E+00,1.89E-01,-8.75E-03,2.714025501,0.120805369
-9.76E+01,3.81E+01,5.02E+01,8.43E-02,6.55E-01,-7.34E-03,-8.75E+01,-2.43E+02,6.98E+00,-1.60E+00,1.88E-01,-1.08E-02,2.731343284,0.125136612
-9.52E+01,3.32E+01,4.45E+01,8.44E-02,6.42E-01,-9.09E-03,-7.54E+01,-2.40E+02,6.96E+00,-1.57E+00,1.89E-01,-1.02E-02,3.10880829,0.162777778
-8.24E+01,2.45E+01,3.35E+01,8.56E-02,6.32E-01,-1.16E-02,-5.43E+01,-2.09E+02,6.08E+00,-1.56E+00,1.92E-01,-9.61E-03,3.738095238,0.20955414
-7.30E+01,2.02E+01,2.72E+01,8.64E-02,6.32E-01,-1.30E-02,-4.37E+01,-1.86E+02,5.54E+00,-1.56E+00,1.94E-01,-9.84E-03,4.105571848,0.232857143
-7.33E+01,2.21E+01,2.84E+01,8.72E-02,6.37E-01,-1.36E-02,-4.81E+01,-1.87E+02,5.87E+00,-1.58E+00,1.95E-01,-1.04E-02,3.743315508,0.223571429
-7.90E+01,2.59E+01,3.23E+01,8.70E-02,6.40E-01,-1.32E-02,-5.73E+01,-2.02E+02,6.61E+00,-1.59E+00,1.93E-01,-1.04E-02,3.431151242,0.209210526
-8.32E+01,2.71E+01,3.35E+01,8.70E-02,6.39E-01,-1.33E-02,-6.01E+01,-2.15E+02,7.03E+00,-1.59E+00,1.92E-01,-1.06E-02,3.49137931,0.215432099
-8.36E+01,2.51E+01,3.15E+01,8.76E-02,6.40E-01,-1.43E-02,-5.56E+01,-2.18E+02,6.84E+00,-1.60E+00,1.93E-01,-1.10E-02,3.813953488,0.236585366
-8.19E+01,2.26E+01,2.90E+01,8.87E-02,6.40E-01,-1.60E-02,-4.98E+01,-2.15E+02,6.37E+00,-1.60E+00,1.95E-01,-1.16E-02,4.170984456,0.254658385
-8.09E+01,2.17E+01,2.80E+01,9.05E-02,6.42E-01,-1.79E-02,-4.75E+01,-2.12E+02,6.07E+00,-1.61E+00,1.98E-01,-1.23E-02,4.308943089,0.259119497
-8.16E+01,2.24E+01,2.86E+01,9.09E-02,6.43E-01,-1.92E-02,-4.89E+01,-2.13E+02,6.10E+00,-1.61E+00,1.99E-01,-1.32E-02,4.210526316,0.255625
-8.34E+01,2.33E+01,2.96E+01,9.06E-02,6.43E-01,-1.99E-02,-5.11E+01,-2.18E+02,6.26E+00,-1.62E+00,1.98E-01,-1.37E-02,4.130982368,0.252439024
-8.50E+01,2.36E+01,2.98E+01,9.03E-02,6.42E-01,-2.04E-02,-5.18E+01,-2.23E+02,6.26E+00,-1.62E+00,1.96E-01,-1.47E-02,4.154228856,0.256886228
-8.60E+01,2.31E+01,2.95E+01,8.96E-02,6.43E-01,-2.07E-02,-5.11E+01,-2.26E+02,6.02E+00,-1.62E+00,1.94E-01,-1.56E-02,4.292929293,0.262352941
-8.65E+01,2.26E+01,2.91E+01,9.00E-02,6.44E-01,-2.16E-02,-5.00E+01,-2.27E+02,5.66E+00,-1.63E+00,1.94E-01,-1.66E-02,4.395886889,0.267251462
-8.69E+01,2.25E+01,2.90E+01,9.12E-02,6.46E-01,-2.30E-02,-4.97E+01,-2.29E+02,5.43E+00,-1.64E+00,1.97E-01,-1.84E-02,4.455958549,0.268604651
-8.77E+01,2.27E+01,2.93E+01,9.23E-02,6.46E-01,-2.45E-02,-5.01E+01,-2.30E+02,5.41E+00,-1.64E+00,1.99E-01,-1.87E-02,4.447300771,0.268786127
-8.87E+01,2.29E+01,2.96E+01,9.27E-02,6.47E-01,-2.55E-02,-5.05E+01,-2.33E+02,5.53E+00,-1.64E+00,1.99E-01,-1.96E-02,4.464285714,0.268571429
-8.97E+01,2.30E+01,2.97E+01,9.32E-02,6.47E-01,-2.66E-02,-5.07E+01,-2.35E+02,5.63E+00,-1.65E+00,2.00E-01,-2.04E-02,4.492385787,0.270056497
-9.05E+01,2.30E+01,2.98E+01,9.35E-02,6.48E-01,-2.76E-02,-5.07E+01,-2.38E+02,5.62E+00,-1.65E+00,2.00E-01,-2.12E-02,4.543147208,0.272067039
-9.11E+01,2.29E+01,2.96E+01,9.33E-02,6.50E-01,-2.84E-02,-5.04E+01,-2.40E+02,5.56E+00,-1.66E+00,1.99E-01,-2.26E-02,4.591836735,0.275
-9.17E+01,2.28E+01,2.96E+01,9.37E-02,6.48E-01,-2.93E-02,-5.02E+01,-2.41E+02,5.56E+00,-1.66E+00,1.98E-01,-2.29E-02,4.641025641,0.27679558
-9.22E+01,2.30E+01,2.97E+01,9.40E-02,6.51E-01,-3.01E-02,-5.04E+01,-2.43E+02,5.67E+00,-1.66E+00,1.98E-01,-2.41E-02,4.654731458,0.278021978
-9.28E+01,2.31E+01,2.98E+01,9.43E-02,6.50E-01,-3.11E-02,-5.05E+01,-2.44E+02,5.87E+00,-1.66E+00,1.98E-01,-2.43E-02,4.65648855,0.278688525
-9.34E+01,2.33E+01,2.99E+01,9.44E-02,6.50E-01,-3.20E-02,-5.06E+01,-2.45E+02,6.08E+00,-1.67E+00,1.98E-01,-2.45E-02,4.681933842,0.279347826
-9.39E+01,2.33E+01,2.99E+01,9.47E-02,6.50E-01,-3.30E-02,-5.05E+01,-2.47E+02,6.26E+00,-1.67E+00,1.98E-01,-2.48E-02,4.719387755,0.280540541
-9.44E+01,2.33E+01,2.98E+01,9.49E-02,6.50E-01,-3.40E-02,-5.04E+01,-2.48E+02,6.39E+00,-1.67E+00,1.98E-01,-2.53E-02,4.757033248,0.282258065
-9.47E+01,2.33E+01,2.97E+01,9.49E-02,6.49E-01,-3.49E-02,-5.02E+01,-2.49E+02,6.50E+00,-1.67E+00,1.97E-01,-2.53E-02,4.794871795,0.28342246
-9.51E+01,2.33E+01,2.97E+01,9.46E-02,6.49E-01,-3.56E-02,-5.01E+01,-2.50E+02,6.61E+00,-1.67E+00,1.95E-01,-2.55E-02,4.832904884,0.284042553
-9.54E+01,2.33E+01,2.96E+01,9.43E-02,6.49E-01,-3.62E-02,-5.00E+01,-2.51E+02,6.72E+00,-1.67E+00,1.94E-01,-2.60E-02,4.832904884,0.286170213
-9.57E+01,2.33E+01,2.96E+01,9.40E-02,6.49E-01,-3.68E-02,-5.00E+01,-2.52E+02,6.82E+00,-1.67E+00,1.93E-01,-2.58E-02,4.858611825,0.286243386
-9.60E+01,2.34E+01,2.96E+01,9.38E-02,6.48E-01,-3.74E-02,-5.00E+01,-2.52E+02,6.89E+00,-1.67E+00,1.92E-01,-2.57E-02,4.884318766,0.286315789
-9.62E+01,2.33E+01,2.95E+01,9.37E-02,6.48E-01,-3.81E-02,-4.99E+01,-2.53E+02,6.97E+00,-1.67E+00,1.91E-01,-2.56E-02,4.896907216,0.288421053
-9.65E+01,2.33E+01,2.94E+01,9.37E-02,6.48E-01,-3.88E-02,-4.97E+01,-2.54E+02,7.04E+00,-1.67E+00,1.91E-01,-2.55E-02,4.948186528,0.289005236
-9.67E+01,2.33E+01,2.93E+01,9.38E-02,6.48E-01,-3.95E-02,-4.95E+01,-2.54E+02,7.09E+00,-1.68E+00,1.90E-01,-2.55E-02,4.961038961,0.290575916
-9.69E+01,2.32E+01,2.93E+01,9.39E-02,6.48E-01,-4.03E-02,-4.95E+01,-2.55E+02,7.11E+00,-1.68E+00,1.90E-01,-2.55E-02,4.987012987,0.290625
-9.71E+01,2.32E+01,2.93E+01,9.41E-02,6.48E-01,-4.10E-02,-4.95E+01,-2.56E+02,7.11E+00,-1.68E+00,1.90E-01,-2.56E-02,4.987012987,0.2921875
-9.73E+01,2.32E+01,2.92E+01,9.42E-02,6.48E-01,-4.17E-02,-4.94E+01,-2.56E+02,7.11E+00,-1.68E+00,1.90E-01,-2.57E-02,5.026041667,0.292227979
-9.74E+01,2.32E+01,2.91E+01,9.43E-02,6.49E-01,-4.23E-02,-4.93E+01,-2.57E+02,7.12E+00,-1.69E+00,1.89E-01,-2.58E-02,5.026041667,0.293264249
-9.74E+01,2.31E+01,2.90E+01,9.45E-02,6.49E-01,-4.29E-02,-4.92E+01,-2.57E+02,7.11E+00,-1.69E+00,1.89E-01,-2.59E-02,5.039164491,0.294818653
-9.74E+01,2.30E+01,2.89E+01,9.46E-02,6.49E-01,-4.35E-02,-4.90E+01,-2.57E+02,7.07E+00,-1.69E+00,1.89E-01,-2.60E-02,5.052356021,0.295854922
-9.74E+01,2.29E+01,2.88E+01,9.48E-02,6.49E-01,-4.42E-02,-4.89E+01,-2.57E+02,7.00E+00,-1.69E+00,1.89E-01,-2.60E-02,5.065616798,0.296891192
-9.74E+01,2.29E+01,2.88E+01,9.51E-02,6.49E-01,-4.48E-02,-4.89E+01,-2.57E+02,6.95E+00,-1.70E+00,1.89E-01,-2.59E-02,5.105263158,0.296391753
-9.74E+01,2.28E+01,2.87E+01,9.53E-02,6.50E-01,-4.55E-02,-4.88E+01,-2.58E+02,6.91E+00,-1.70E+00,1.89E-01,-2.59E-02,5.105263158,0.296907216
-9.73E+01,2.28E+01,2.86E+01,9.55E-02,6.50E-01,-4.61E-02,-4.87E+01,-2.58E+02,6.90E+00,-1.70E+00,1.89E-01,-2.57E-02,5.118733509,0.29742268
-9.73E+01,2.27E+01,2.85E+01,9.58E-02,6.51E-01,-4.67E-02,-4.86E+01,-2.58E+02,6.89E+00,-1.70E+00,1.89E-01,-2.56E-02,5.118733509,0.297938144
-9.72E+01,2.26E+01,2.85E+01,9.59E-02,6.51E-01,-4.72E-02,-4.85E+01,-2.57E+02,6.86E+00,-1.71E+00,1.89E-01,-2.55E-02,5.132275132,0.298453608
-9.71E+01,2.26E+01,2.84E+01,9.62E-02,6.52E-01,-4.78E-02,-4.84E+01,-2.57E+02,6.82E+00,-1.71E+00,1.89E-01,-2.53E-02,5.119363395,0.300518135
-9.70E+01,2.25E+01,2.83E+01,9.64E-02,6.53E-01,-4.83E-02,-4.83E+01,-2.57E+02,6.81E+00,-1.71E+00,1.89E-01,-2.47E-02,5.132978723,0.300518135
-9.69E+01,2.25E+01,2.82E+01,9.68E-02,6.54E-01,-4.89E-02,-4.83E+01,-2.57E+02,6.81E+00,-1.72E+00,1.89E-01,-2.49E-02,5.132978723,0.301036269
-9.67E+01,2.24E+01,2.81E+01,9.67E-02,6.54E-01,-4.92E-02,-4.82E+01,-2.57E+02,6.80E+00,-1.72E+00,1.89E-01,-2.47E-02,5.132978723,0.301036269
-9.66E+01,2.24E+01,2.81E+01,9.69E-02,6.54E-01,-4.97E-02,-4.82E+01,-2.57E+02,6.79E+00,-1.72E+00,1.89E-01,-2.46E-02,5.146666667,0.301036269
-9.65E+01,2.23E+01,2.80E+01,9.71E-02,6.55E-01,-5.00E-02,-4.81E+01,-2.56E+02,6.78E+00,-1.72E+00,1.89E-01,-2.45E-02,5.146666667,0.301036269
-9.64E+01,2.23E+01,2.80E+01,9.74E-02,6.55E-01,-5.04E-02,-4.81E+01,-2.56E+02,6.79E+00,-1.72E+00,1.89E-01,-2.43E-02,5.146666667,0.301036269
-9.63E+01,2.23E+01,2.79E+01,9.76E-02,6.56E-01,-5.07E-02,-4.81E+01,-2.56E+02,6.83E+00,-1.73E+00,1.89E-01,-2.42E-02,5.12,0.302604167
-9.62E+01,2.23E+01,2.79E+01,9.78E-02,6.56E-01,-5.11E-02,-4.81E+01,-2.56E+02,6.88E+00,-1.73E+00,1.89E-01,-2.38E-02,5.12,0.302604167
-9.60E+01,2.23E+01,2.79E+01,9.79E-02,6.57E-01,-5.13E-02,-4.81E+01,-2.56E+02,6.92E+00,-1.73E+00,1.88E-01,-2.39E-02,5.12,0.302083333
-9.59E+01,2.23E+01,2.79E+01,9.80E-02,6.57E-01,-5.17E-02,-4.81E+01,-2.55E+02,6.95E+00,-1.73E+00,1.88E-01,-2.37E-02,5.12,0.302083333
-9.58E+01,2.23E+01,2.78E+01,9.82E-02,6.58E-01,-5.20E-02,-4.81E+01,-2.55E+02,6.99E+00,-1.73E+00,1.88E-01,-2.33E-02,5.12,0.3015625
-9.56E+01,2.23E+01,2.78E+01,9.82E-02,6.58E-01,-5.23E-02,-4.81E+01,-2.55E+02,7.04E+00,-1.73E+00,1.88E-01,-2.33E-02,5.12,0.301041667
-9.55E+01,2.23E+01,2.78E+01,9.83E-02,6.59E-01,-5.26E-02,-4.82E+01,-2.55E+02,7.09E+00,-1.74E+00,1.88E-01,-2.32E-02,5.093333333,0.302094241
-9.54E+01,2.24E+01,2.78E+01,9.83E-02,6.60E-01,-5.29E-02,-4.82E+01,-2.54E+02,7.14E+00,-1.74E+00,1.87E-01,-2.28E-02,5.079787234,0.301570681
-9.52E+01,2.24E+01,2.78E+01,9.83E-02,6.61E-01,-5.32E-02,-4.82E+01,-2.54E+02,7.18E+00,-1.74E+00,1.87E-01,-2.25E-02,5.079787234,0.30104712
-9.50E+01,2.23E+01,2.78E+01,9.83E-02,6.61E-01,-5.35E-02,-4.82E+01,-2.53E+02,7.21E+00,-1.74E+00,1.86E-01,-2.28E-02,5.053191489,0.302105263
-9.48E+01,2.23E+01,2.77E+01,9.82E-02,6.62E-01,-5.38E-02,-4.82E+01,-2.53E+02,7.24E+00,-1.74E+00,1.86E-01,-2.23E-02,5.053191489,0.301052632
-9.46E+01,2.23E+01,2.77E+01,9.82E-02,6.63E-01,-5.41E-02,-4.82E+01,-2.52E+02,7.28E+00,-1.75E+00,1.86E-01,-2.21E-02,5.04,0.301058201
-9.44E+01,2.23E+01,2.76E+01,9.82E-02,6.64E-01,-5.43E-02,-4.82E+01,-2.51E+02,7.33E+00,-1.75E+00,1.85E-01,-2.19E-02,5.04,0.3
-9.42E+01,2.23E+01,2.76E+01,9.82E-02,6.64E-01,-5.46E-02,-4.81E+01,-2.50E+02,7.40E+00,-1.75E+00,1.85E-01,-2.16E-02,5.013333333,0.3
-9.39E+01,2.23E+01,2.76E+01,9.81E-02,6.65E-01,-5.48E-02,-4.81E+01,-2.49E+02,7.47E+00,-1.75E+00,1.85E-01,-2.15E-02,4.986666667,0.3
-9.36E+01,2.22E+01,2.75E+01,9.81E-02,6.66E-01,-5.50E-02,-4.81E+01,-2.48E+02,7.53E+00,-1.75E+00,1.85E-01,-2.12E-02,4.986666667,0.298395722
-9.33E+01,2.22E+01,2.74E+01,9.81E-02,6.66E-01,-5.51E-02,-4.80E+01,-2.47E+02,7.58E+00,-1.75E+00,1.85E-01,-2.08E-02,4.96,0.298387097
-9.30E+01,2.22E+01,2.74E+01,9.83E-02,6.67E-01,-5.53E-02,-4.80E+01,-2.46E+02,7.64E+00,-1.75E+00,1.85E-01,-2.07E-02,4.946524064,0.297837838
-9.27E+01,2.22E+01,2.73E+01,9.84E-02,6.68E-01,-5.54E-02,-4.80E+01,-2.45E+02,7.70E+00,-1.76E+00,1.85E-01,-2.05E-02,4.919786096,0.297282609
-9.24E+01,2.21E+01,2.73E+01,9.86E-02,6.69E-01,-5.56E-02,-4.79E+01,-2.43E+02,7.78E+00,-1.76E+00,1.85E-01,-2.03E-02,4.893048128,0.296721311
-9.20E+01,2.21E+01,2.72E+01,9.86E-02,6.69E-01,-5.56E-02,-4.78E+01,-2.42E+02,7.87E+00,-1.76E+00,1.85E-01,-2.01E-02,4.879356568,0.295604396
-9.16E+01,2.21E+01,2.71E+01,9.88E-02,6.70E-01,-5.57E-02,-4.78E+01,-2.40E+02,7.99E+00,-1.76E+00,1.85E-01,-1.99E-02,4.852546917,0.295027624
-9.12E+01,2.21E+01,2.70E+01,9.89E-02,6.71E-01,-5.57E-02,-4.77E+01,-2.39E+02,8.10E+00,-1.76E+00,1.85E-01,-1.98E-02,4.838709677,0.293888889
-9.08E+01,2.20E+01,2.69E+01,9.90E-02,6.72E-01,-5.58E-02,-4.76E+01,-2.37E+02,8.20E+00,-1.77E+00,1.86E-01,-1.96E-02,4.797843666,0.29494382
-9.03E+01,2.20E+01,2.68E+01,9.93E-02,6.73E-01,-5.59E-02,-4.75E+01,-2.36E+02,8.28E+00,-1.77E+00,1.86E-01,-1.96E-02,4.783783784,0.293785311
-8.99E+01,2.19E+01,2.67E+01,9.95E-02,6.73E-01,-5.60E-02,-4.74E+01,-2.34E+02,8.35E+00,-1.77E+00,1.87E-01,-1.96E-02,4.756756757,0.292613636
-8.94E+01,2.19E+01,2.66E+01,9.97E-02,6.74E-01,-5.61E-02,-4.72E+01,-2.32E+02,8.41E+00,-1.77E+00,1.87E-01,-1.95E-02,4.755434783,0.291428571
-8.90E+01,2.18E+01,2.65E+01,9.99E-02,6.75E-01,-5.61E-02,-4.71E+01,-2.31E+02,8.45E+00,-1.77E+00,1.88E-01,-1.94E-02,4.713896458,0.292485549
-8.86E+01,2.18E+01,2.64E+01,1.00E-01,6.76E-01,-5.63E-02,-4.70E+01,-2.29E+02,8.44E+00,-1.78E+00,1.89E-01,-1.95E-02,4.686648501,0.291860465
-8.82E+01,2.17E+01,2.64E+01,1.01E-01,6.77E-01,-5.64E-02,-4.70E+01,-2.28E+02,8.40E+00,-1.78E+00,1.89E-01,-1.93E-02,4.686648501,0.290116279
-8.79E+01,2.17E+01,2.63E+01,1.01E-01,6.78E-01,-5.65E-02,-4.70E+01,-2.28E+02,8.34E+00,-1.78E+00,1.90E-01,-1.93E-02,4.659400545,0.29005848
-8.77E+01,2.16E+01,2.63E+01,1.01E-01,6.79E-01,-5.66E-02,-4.70E+01,-2.27E+02,8.25E+00,-1.78E+00,1.91E-01,-1.94E-02,4.659400545,0.288888889
-8.75E+01,2.16E+01,2.63E+01,1.01E-01,6.79E-01,-5.67E-02,-4.69E+01,-2.27E+02,8.14E+00,-1.78E+00,1.91E-01,-1.94E-02,4.632152589,0.29
-8.73E+01,2.15E+01,2.63E+01,1.02E-01,6.80E-01,-5.68E-02,-4.69E+01,-2.27E+02,8.01E+00,-1.78E+00,1.92E-01,-1.94E-02,4.632152589,0.289411765
-8.72E+01,2.15E+01,2.63E+01,1.02E-01,6.81E-01,-5.69E-02,-4.70E+01,-2.27E+02,7.87E+00,-1.78E+00,1.93E-01,-1.94E-02,4.632152589,0.289411765
-8.71E+01,2.14E+01,2.63E+01,1.03E-01,6.82E-01,-5.71E-02,-4.70E+01,-2.27E+02,7.72E+00,-1.78E+00,1.94E-01,-1.93E-02,4.632152589,0.29
-8.70E+01,2.14E+01,2.64E+01,1.03E-01,6.82E-01,-5.72E-02,-4.71E+01,-2.27E+02,7.55E+00,-1.78E+00,1.94E-01,-1.93E-02,4.659400545,0.288888889
-8.70E+01,2.14E+01,2.64E+01,1.03E-01,6.83E-01,-5.74E-02,-4.71E+01,-2.28E+02,7.36E+00,-1.78E+00,1.95E-01,-1.90E-02,4.64673913,0.29005848
-8.70E+01,2.13E+01,2.65E+01,1.04E-01,6.84E-01,-5.75E-02,-4.72E+01,-2.29E+02,7.16E+00,-1.79E+00,1.95E-01,-1.87E-02,4.661246612,0.289534884
-8.71E+01,2.13E+01,2.66E+01,1.04E-01,6.84E-01,-5.77E-02,-4.73E+01,-2.30E+02,6.99E+00,-1.79E+00,1.96E-01,-1.83E-02,4.688346883,0.289017341
-8.73E+01,2.13E+01,2.67E+01,1.04E-01,6.85E-01,-5.78E-02,-4.74E+01,-2.31E+02,6.84E+00,-1.79E+00,1.96E-01,-1.81E-02,4.675675676,0.29017341
-8.74E+01,2.13E+01,2.68E+01,1.04E-01,6.85E-01,-5.79E-02,-4.75E+01,-2.31E+02,6.68E+00,-1.79E+00,1.96E-01,-1.78E-02,4.690026954,0.290229885
-8.75E+01,2.13E+01,2.68E+01,1.05E-01,6.86E-01,-5.81E-02,-4.76E+01,-2.32E+02,6.50E+00,-1.79E+00,1.96E-01,-1.75E-02,4.716981132,0.289714286
-8.76E+01,2.13E+01,2.69E+01,1.05E-01,6.87E-01,-5.82E-02,-4.77E+01,-2.33E+02,6.31E+00,-1.79E+00,1.96E-01,-1.73E-02,4.704301075,0.290857143
-8.77E+01,2.13E+01,2.69E+01,1.05E-01,6.87E-01,-5.83E-02,-4.78E+01,-2.34E+02,6.13E+00,-1.79E+00,1.96E-01,-1.70E-02,4.71849866,0.289772727
-8.78E+01,2.13E+01,2.70E+01,1.05E-01,6.88E-01,-5.84E-02,-4.78E+01,-2.34E+02,5.99E+00,-1.79E+00,1.96E-01,-1.69E-02,4.71849866,0.290340909
-8.79E+01,2.13E+01,2.70E+01,1.05E-01,6.89E-01,-5.85E-02,-4.79E+01,-2.34E+02,5.91E+00,-1.79E+00,1.96E-01,-1.67E-02,4.705882353,0.290340909
-8.79E+01,2.13E+01,2.70E+01,1.05E-01,6.90E-01,-5.86E-02,-4.79E+01,-2.34E+02,5.89E+00,-1.80E+00,1.96E-01,-1.66E-02,4.705882353,0.290340909
-8.78E+01,2.13E+01,2.69E+01,1.05E-01,6.91E-01,-5.87E-02,-4.78E+01,-2.33E+02,5.91E+00,-1.80E+00,1.95E-01,-1.65E-02,4.691689008,0.290857143
-8.77E+01,2.13E+01,2.69E+01,1.05E-01,6.91E-01,-5.88E-02,-4.78E+01,-2.33E+02,5.98E+00,-1.80E+00,1.95E-01,-1.65E-02,4.691689008,0.289714286
-8.75E+01,2.13E+01,2.68E+01,1.05E-01,6.92E-01,-5.88E-02,-4.77E+01,-2.32E+02,6.07E+00,-1.80E+00,1.95E-01,-1.62E-02,4.677419355,0.289655172
-8.74E+01,2.13E+01,2.68E+01,1.05E-01,6.93E-01,-5.89E-02,-4.76E+01,-2.31E+02,6.17E+00,-1.80E+00,1.95E-01,-1.61E-02,4.650537634,0.289595376
-8.73E+01,2.13E+01,2.67E+01,1.05E-01,6.94E-01,-5.89E-02,-4.75E+01,-2.30E+02,6.30E+00,-1.81E+00,1.95E-01,-1.60E-02,4.663072776,0.288439306
-8.71E+01,2.13E+01,2.67E+01,1.05E-01,6.95E-01,-5.90E-02,-4.74E+01,-2.29E+02,6.45E+00,-1.81E+00,1.95E-01,-1.58E-02,4.648648649,0.288953488
-8.70E+01,2.13E+01,2.67E+01,1.06E-01,6.96E-01,-5.90E-02,-4.74E+01,-2.29E+02,6.60E+00,-1.81E+00,1.96E-01,-1.58E-02,4.648648649,0.287790698
-8.70E+01,2.13E+01,2.67E+01,1.06E-01,6.96E-01,-5.89E-02,-4.73E+01,-2.29E+02,6.71E+00,-1.81E+00,1.96E-01,-1.58E-02,4.648648649,0.287790698
-8.69E+01,2.14E+01,2.67E+01,1.06E-01,6.97E-01,-5.89E-02,-4.73E+01,-2.29E+02,6.77E+00,-1.81E+00,1.96E-01,-1.58E-02,4.661246612,0.287790698
-8.69E+01,2.13E+01,2.67E+01,1.06E-01,6.98E-01,-5.88E-02,-4.73E+01,-2.29E+02,6.75E+00,-1.81E+00,1.96E-01,-1.59E-02,4.661246612,0.288953488
-8.69E+01,2.13E+01,2.67E+01,1.06E-01,6.98E-01,-5.87E-02,-4.72E+01,-2.30E+02,6.67E+00,-1.82E+00,1.95E-01,-1.59E-02,4.688346883,0.287861272
-8.68E+01,2.12E+01,2.67E+01,1.06E-01,6.99E-01,-5.85E-02,-4.71E+01,-2.30E+02,6.54E+00,-1.82E+00,1.95E-01,-1.60E-02,4.701086957,0.289017341
-8.68E+01,2.12E+01,2.67E+01,1.06E-01,7.00E-01,-5.84E-02,-4.71E+01,-2.31E+02,6.37E+00,-1.82E+00,1.95E-01,-1.61E-02,4.701086957,0.29017341
-8.68E+01,2.11E+01,2.67E+01,1.06E-01,7.00E-01,-5.82E-02,-4.70E+01,-2.31E+02,6.18E+00,-1.82E+00,1.95E-01,-1.61E-02,4.741144414,0.289655172
-8.67E+01,2.11E+01,2.67E+01,1.07E-01,7.00E-01,-5.81E-02,-4.70E+01,-2.32E+02,5.98E+00,-1.82E+00,1.94E-01,-1.62E-02,4.741144414,0.290804598
-8.66E+01,2.10E+01,2.67E+01,1.07E-01,7.01E-01,-5.80E-02,-4.69E+01,-2.32E+02,5.79E+00,-1.82E+00,1.94E-01,-1.63E-02,4.754098361,0.291954023
-8.65E+01,2.09E+01,2.66E+01,1.07E-01,7.01E-01,-5.79E-02,-4.68E+01,-2.32E+02,5.62E+00,-1.82E+00,1.94E-01,-1.63E-02,4.754098361,0.293103448
-8.63E+01,2.08E+01,2.65E+01,1.07E-01,7.02E-01,-5.78E-02,-4.67E+01,-2.32E+02,5.49E+00,-1.82E+00,1.94E-01,-1.63E-02,4.767123288,0.293103448
-8.62E+01,2.07E+01,2.64E+01,1.07E-01,7.02E-01,-5.78E-02,-4.66E+01,-2.32E+02,5.38E+00,-1.82E+00,1.94E-01,-1.64E-02,4.78021978,0.293678161
-8.60E+01,2.07E+01,2.64E+01,1.08E-01,7.03E-01,-5.77E-02,-4.65E+01,-2.32E+02,5.31E+00,-1.82E+00,1.94E-01,-1.64E-02,4.79338843,0.293678161
-8.58E+01,2.06E+01,2.63E+01,1.08E-01,7.03E-01,-5.77E-02,-4.64E+01,-2.31E+02,5.23E+00,-1.83E+00,1.95E-01,-1.65E-02,4.79338843,0.293103448
-8.56E+01,2.05E+01,2.62E+01,1.08E-01,7.04E-01,-5.77E-02,-4.63E+01,-2.31E+02,5.16E+00,-1.83E+00,1.95E-01,-1.66E-02,4.779005525,0.294797688
-8.55E+01,2.05E+01,2.61E+01,1.08E-01,7.04E-01,-5.78E-02,-4.63E+01,-2.30E+02,5.10E+00,-1.83E+00,1.95E-01,-1.66E-02,4.779005525,0.294219653
-8.53E+01,2.04E+01,2.61E+01,1.08E-01,7.05E-01,-5.78E-02,-4.62E+01,-2.30E+02,5.05E+00,-1.83E+00,1.96E-01,-1.67E-02,4.792243767,0.293641618
-8.52E+01,2.04E+01,2.60E+01,1.09E-01,7.06E-01,-5.79E-02,-4.62E+01,-2.29E+02,5.02E+00,-1.83E+00,1.96E-01,-1.68E-02,4.751381215,0.294186047
-8.51E+01,2.04E+01,2.60E+01,1.09E-01,7.06E-01,-5.79E-02,-4.63E+01,-2.29E+02,4.99E+00,-1.83E+00,1.97E-01,-1.68E-02,4.751381215,0.293604651
-8.50E+01,2.04E+01,2.60E+01,1.09E-01,7.08E-01,-5.80E-02,-4.63E+01,-2.28E+02,4.96E+00,-1.84E+00,1.97E-01,-1.69E-02,4.751381215,0.29244186
-8.49E+01,2.04E+01,2.60E+01,1.09E-01,7.08E-01,-5.80E-02,-4.63E+01,-2.28E+02,4.93E+00,-1.84E+00,1.98E-01,-1.70E-02,4.723756906,0.292982456
-8.48E+01,2.04E+01,2.59E+01,1.10E-01,7.09E-01,-5.80E-02,-4.63E+01,-2.27E+02,4.90E+00,-1.84E+00,1.98E-01,-1.71E-02,4.723756906,0.291812865
-8.46E+01,2.04E+01,2.59E+01,1.10E-01,7.10E-01,-5.81E-02,-4.63E+01,-2.26E+02,4.87E+00,-1.84E+00,1.99E-01,-1.72E-02,4.696132597,0.292352941
-8.45E+01,2.04E+01,2.58E+01,1.10E-01,7.10E-01,-5.81E-02,-4.63E+01,-2.26E+02,4.84E+00,-1.85E+00,2.00E-01,-1.72E-02,4.696132597,0.291176471
-8.43E+01,2.04E+01,2.58E+01,1.10E-01,7.11E-01,-5.81E-02,-4.63E+01,-2.25E+02,4.83E+00,-1.85E+00,2.00E-01,-1.72E-02,4.668508287,0.292307692
-8.41E+01,2.04E+01,2.57E+01,1.10E-01,7.12E-01,-5.81E-02,-4.62E+01,-2.25E+02,4.82E+00,-1.85E+00,2.01E-01,-1.72E-02,4.668508287,0.291715976
-8.40E+01,2.04E+01,2.57E+01,1.11E-01,7.12E-01,-5.81E-02,-4.62E+01,-2.24E+02,4.83E+00,-1.85E+00,2.01E-01,-1.72E-02,4.653739612,0.292857143
-8.38E+01,2.04E+01,2.56E+01,1.11E-01,7.13E-01,-5.81E-02,-4.61E+01,-2.24E+02,4.85E+00,-1.85E+00,2.02E-01,-1.71E-02,4.653739612,0.292261905
-8.37E+01,2.04E+01,2.56E+01,1.11E-01,7.14E-01,-5.81E-02,-4.60E+01,-2.23E+02,4.86E+00,-1.86E+00,2.02E-01,-1.70E-02,4.666666667,0.291666667
-8.36E+01,2.04E+01,2.55E+01,1.11E-01,7.14E-01,-5.81E-02,-4.60E+01,-2.23E+02,4.86E+00,-1.86E+00,2.02E-01,-1.69E-02,4.666666667,0.291666667
-8.35E+01,2.03E+01,2.54E+01,1.11E-01,7.14E-01,-5.81E-02,-4.59E+01,-2.23E+02,4.83E+00,-1.86E+00,2.02E-01,-1.68E-02,4.679665738,0.292261905
-8.34E+01,2.03E+01,2.54E+01,1.11E-01,7.15E-01,-5.81E-02,-4.58E+01,-2.23E+02,4.79E+00,-1.86E+00,2.02E-01,-1.66E-02,4.69273743,0.292261905
-8.34E+01,2.03E+01,2.54E+01,1.11E-01,7.15E-01,-5.81E-02,-4.57E+01,-2.23E+02,4.73E+00,-1.86E+00,2.02E-01,-1.64E-02,4.69273743,0.292261905
-8.33E+01,2.02E+01,2.53E+01,1.11E-01,7.16E-01,-5.81E-02,-4.57E+01,-2.23E+02,4.63E+00,-1.86E+00,2.02E-01,-1.62E-02,4.705882353,0.292857143
-8.33E+01,2.02E+01,2.53E+01,1.11E-01,7.16E-01,-5.81E-02,-4.56E+01,-2.23E+02,4.50E+00,-1.86E+00,2.02E-01,-1.59E-02,4.705882353,0.293452381
-8.32E+01,2.01E+01,2.53E+01,1.10E-01,7.16E-01,-5.81E-02,-4.56E+01,-2.23E+02,4.36E+00,-1.86E+00,2.02E-01,-1.56E-02,4.705882353,0.293452381
-8.31E+01,2.00E+01,2.52E+01,1.10E-01,7.16E-01,-5.80E-02,-4.55E+01,-2.23E+02,4.20E+00,-1.86E+00,2.02E-01,-1.54E-02,4.719101124,0.294047619
-8.31E+01,1.99E+01,2.52E+01,1.10E-01,7.16E-01,-5.80E-02,-4.55E+01,-2.23E+02,4.06E+00,-1.86E+00,2.02E-01,-1.48E-02,4.719101124,0.294047619
-8.30E+01,1.99E+01,2.52E+01,1.10E-01,7.16E-01,-5.81E-02,-4.54E+01,-2.23E+02,3.95E+00,-1.86E+00,2.02E-01,-1.44E-02,4.719101124,0.294642857
-8.29E+01,1.98E+01,2.51E+01,1.10E-01,7.16E-01,-5.81E-02,-4.53E+01,-2.23E+02,3.87E+00,-1.86E+00,2.02E-01,-1.39E-02,4.732394366,0.294642857
-8.28E+01,1.97E+01,2.51E+01,1.10E-01,7.16E-01,-5.81E-02,-4.53E+01,-2.23E+02,3.83E+00,-1.86E+00,2.02E-01,-1.33E-02,4.717514124,0.296407186
-8.27E+01,1.97E+01,2.51E+01,1.11E-01,7.16E-01,-5.82E-02,-4.52E+01,-2.23E+02,3.82E+00,-1.86E+00,2.02E-01,-1.28E-02,4.717514124,0.295808383
-8.26E+01,1.97E+01,2.50E+01,1.11E-01,7.17E-01,-5.83E-02,-4.51E+01,-2.22E+02,3.84E+00,-1.86E+00,2.03E-01,-1.23E-02,4.730878187,0.295808383
-8.26E+01,1.96E+01,2.50E+01,1.11E-01,7.16E-01,-5.84E-02,-4.50E+01,-2.22E+02,3.88E+00,-1.86E+00,2.03E-01,-1.18E-02,4.730878187,0.295209581
-8.25E+01,1.96E+01,2.50E+01,1.11E-01,7.16E-01,-5.85E-02,-4.50E+01,-2.22E+02,3.93E+00,-1.86E+00,2.03E-01,-1.14E-02,4.715909091,0.296385542
-8.25E+01,1.96E+01,2.50E+01,1.11E-01,7.16E-01,-5.87E-02,-4.50E+01,-2.21E+02,3.98E+00,-1.86E+00,2.03E-01,-1.10E-02,4.715909091,0.295180723
-8.25E+01,1.97E+01,2.50E+01,1.11E-01,7.16E-01,-5.87E-02,-4.50E+01,-2.21E+02,4.03E+00,-1.86E+00,2.03E-01,-1.07E-02,4.715909091,0.294578313
-8.26E+01,1.97E+01,2.51E+01,1.11E-01,7.16E-01,-5.88E-02,-4.50E+01,-2.21E+02,4.07E+00,-1.86E+00,2.04E-01,-1.04E-02,4.702549575,0.293975904
-8.26E+01,1.97E+01,2.51E+01,1.11E-01,7.16E-01,-5.89E-02,-4.51E+01,-2.21E+02,4.10E+00,-1.86E+00,2.04E-01,-1.02E-02,4.702549575,0.293373494
-8.27E+01,1.98E+01,2.52E+01,1.11E-01,7.15E-01,-5.89E-02,-4.52E+01,-2.21E+02,4.13E+00,-1.86E+00,2.04E-01,-9.96E-03,4.689265537,0.292771084
-8.28E+01,1.99E+01,2.53E+01,1.11E-01,7.15E-01,-5.90E-02,-4.53E+01,-2.21E+02,4.17E+00,-1.86E+00,2.04E-01,-9.99E-03,4.676056338,0.292168675
-8.30E+01,1.99E+01,2.54E+01,1.11E-01,7.15E-01,-5.90E-02,-4.54E+01,-2.21E+02,4.20E+00,-1.86E+00,2.04E-01,-1.00E-02,4.662921348,0.291566265
-8.31E+01,2.00E+01,2.55E+01,1.11E-01,7.15E-01,-5.90E-02,-4.56E+01,-2.21E+02,4.21E+00,-1.86E+00,2.04E-01,-1.00E-02,4.649859944,0.290963855
-8.32E+01,2.01E+01,2.55E+01,1.11E-01,7.15E-01,-5.90E-02,-4.57E+01,-2.21E+02,4.21E+00,-1.86E+00,2.05E-01,-1.01E-02,4.636871508,0.290963855
-8.33E+01,2.01E+01,2.56E+01,1.11E-01,7.14E-01,-5.89E-02,-4.58E+01,-2.22E+02,4.20E+00,-1.86E+00,2.05E-01,-1.03E-02,4.636871508,0.290963855
-8.33E+01,2.02E+01,2.57E+01,1.11E-01,7.14E-01,-5.88E-02,-4.59E+01,-2.22E+02,4.21E+00,-1.86E+00,2.04E-01,-1.04E-02,4.651810585,0.289221557
-8.34E+01,2.02E+01,2.58E+01,1.11E-01,7.14E-01,-5.88E-02,-4.59E+01,-2.22E+02,4.21E+00,-1.86E+00,2.05E-01,-1.08E-02,4.638888889,0.289221557
-8.34E+01,2.03E+01,2.58E+01,1.10E-01,7.14E-01,-5.87E-02,-4.60E+01,-2.22E+02,4.21E+00,-1.86E+00,2.04E-01,-1.08E-02,4.638888889,0.289221557
-8.34E+01,2.03E+01,2.58E+01,1.10E-01,7.14E-01,-5.86E-02,-4.60E+01,-2.22E+02,4.19E+00,-1.86E+00,2.04E-01,-1.08E-02,4.638888889,0.289221557
-8.33E+01,2.03E+01,2.58E+01,1.10E-01,7.14E-01,-5.83E-02,-4.60E+01,-2.22E+02,4.17E+00,-1.86E+00,2.04E-01,-1.09E-02,4.638888889,0.289221557
-8.32E+01,2.03E+01,2.58E+01,1.10E-01,7.14E-01,-5.83E-02,-4.60E+01,-2.22E+02,4.15E+00,-1.86E+00,2.03E-01,-1.09E-02,4.638888889,0.289221557
-8.31E+01,2.03E+01,2.58E+01,1.10E-01,7.14E-01,-5.81E-02,-4.59E+01,-2.22E+02,4.14E+00,-1.86E+00,2.03E-01,-1.09E-02,4.651810585,0.289221557
-8.30E+01,2.02E+01,2.57E+01,1.09E-01,7.14E-01,-5.80E-02,-4.58E+01,-2.22E+02,4.14E+00,-1.86E+00,2.03E-01,-1.08E-02,4.651810585,0.288622754
-8.28E+01,2.02E+01,2.57E+01,1.09E-01,7.14E-01,-5.78E-02,-4.58E+01,-2.21E+02,4.15E+00,-1.86E+00,2.02E-01,-1.08E-02,4.636871508,0.289759036
-8.26E+01,2.02E+01,2.56E+01,1.09E-01,7.15E-01,-5.77E-02,-4.56E+01,-2.21E+02,4.15E+00,-1.86E+00,2.02E-01,-1.07E-02,4.649859944,0.289759036
-8.23E+01,2.01E+01,2.55E+01,1.09E-01,7.15E-01,-5.76E-02,-4.55E+01,-2.20E+02,4.16E+00,-1.86E+00,2.02E-01,-1.05E-02,4.634831461,0.290909091
-8.21E+01,2.01E+01,2.54E+01,1.09E-01,7.15E-01,-5.76E-02,-4.54E+01,-2.19E+02,4.16E+00,-1.87E+00,2.02E-01,-1.05E-02,4.647887324,0.28969697
-8.18E+01,2.00E+01,2.52E+01,1.09E-01,7.15E-01,-5.76E-02,-4.52E+01,-2.19E+02,4.17E+00,-1.87E+00,2.02E-01,-1.04E-02,4.632768362,0.290853659
-8.16E+01,2.00E+01,2.51E+01,1.09E-01,7.16E-01,-5.76E-02,-4.50E+01,-2.18E+02,4.19E+00,-1.87E+00,2.03E-01,-1.03E-02,4.645892351,0.290243902
-8.13E+01,1.99E+01,2.50E+01,1.09E-01,7.16E-01,-5.76E-02,-4.49E+01,-2.17E+02,4.22E+00,-1.87E+00,2.03E-01,-1.03E-02,4.630681818,0.290797546
-8.11E+01,1.99E+01,2.49E+01,1.09E-01,7.16E-01,-5.77E-02,-4.47E+01,-2.16E+02,4.28E+00,-1.87E+00,2.04E-01,-1.02E-02,4.643874644,0.290184049
-8.09E+01,1.99E+01,2.48E+01,1.09E-01,7.17E-01,-5.78E-02,-4.46E+01,-2.16E+02,4.35E+00,-1.87E+00,2.04E-01,-1.02E-02,4.628571429,0.291358025
-8.07E+01,1.99E+01,2.47E+01,1.09E-01,7.17E-01,-5.79E-02,-4.45E+01,-2.15E+02,4.43E+00,-1.87E+00,2.05E-01,-1.02E-02,4.641833811,0.290740741
-8.06E+01,1.99E+01,2.46E+01,1.09E-01,7.17E-01,-5.81E-02,-4.44E+01,-2.15E+02,4.51E+00,-1.87E+00,2.06E-01,-1.00E-02,4.626436782,0.292546584
-8.05E+01,1.99E+01,2.46E+01,1.10E-01,7.18E-01,-5.82E-02,-4.44E+01,-2.14E+02,4.59E+00,-1.87E+00,2.07E-01,-9.96E-03,4.626436782,0.291925466
-8.04E+01,1.99E+01,2.46E+01,1.10E-01,7.18E-01,-5.84E-02,-4.44E+01,-2.14E+02,4.66E+00,-1.87E+00,2.08E-01,-9.88E-03,4.626436782,0.291925466
-8.03E+01,1.99E+01,2.45E+01,1.10E-01,7.18E-01,-5.86E-02,-4.44E+01,-2.14E+02,4.72E+00,-1.87E+00,2.09E-01,-9.81E-03,4.626436782,0.291925466
-8.03E+01,1.99E+01,2.45E+01,1.11E-01,7.19E-01,-5.88E-02,-4.44E+01,-2.14E+02,4.77E+00,-1.87E+00,2.10E-01,-9.70E-03,4.626436782,0.292546584
-8.03E+01,1.99E+01,2.45E+01,1.11E-01,7.19E-01,-5.89E-02,-4.44E+01,-2.15E+02,4.77E+00,-1.88E+00,2.10E-01,-9.68E-03,4.626436782,0.293167702
-8.03E+01,1.99E+01,2.45E+01,1.11E-01,7.19E-01,-5.90E-02,-4.44E+01,-2.15E+02,4.74E+00,-1.88E+00,2.11E-01,-9.61E-03,4.626436782,0.29378882
-8.02E+01,1.98E+01,2.45E+01,1.12E-01,7.19E-01,-5.91E-02,-4.44E+01,-2.15E+02,4.69E+00,-1.88E+00,2.12E-01,-9.53E-03,4.626436782,0.29378882
-8.02E+01,1.98E+01,2.45E+01,1.12E-01,7.19E-01,-5.92E-02,-4.44E+01,-2.15E+02,4.63E+00,-1.88E+00,2.13E-01,-9.47E-03,4.655172414,0.292592593
-8.02E+01,1.98E+01,2.44E+01,1.12E-01,7.20E-01,-5.94E-02,-4.44E+01,-2.15E+02,4.56E+00,-1.88E+00,2.13E-01,-9.29E-03,4.655172414,0.293209877
-8.02E+01,1.98E+01,2.44E+01,1.12E-01,7.20E-01,-5.95E-02,-4.43E+01,-2.15E+02,4.45E+00,-1.88E+00,2.14E-01,-9.05E-03,4.655172414,0.29382716
-8.01E+01,1.97E+01,2.44E+01,1.13E-01,7.20E-01,-5.96E-02,-4.43E+01,-2.15E+02,4.31E+00,-1.88E+00,2.15E-01,-8.96E-03,4.668587896,0.29382716
-8.00E+01,1.96E+01,2.43E+01,1.13E-01,7.20E-01,-5.98E-02,-4.42E+01,-2.15E+02,4.17E+00,-1.88E+00,2.15E-01,-8.80E-03,4.682080925,0.29382716
-7.98E+01,1.95E+01,2.42E+01,1.13E-01,7.19E-01,-6.00E-02,-4.41E+01,-2.15E+02,4.02E+00,-1.88E+00,2.16E-01,-8.70E-03,4.653179191,0.295652174
-7.97E+01,1.94E+01,2.42E+01,1.14E-01,7.19E-01,-6.02E-02,-4.39E+01,-2.14E+02,3.87E+00,-1.88E+00,2.17E-01,-8.58E-03,4.666666667,0.295652174
-7.96E+01,1.93E+01,2.41E+01,1.14E-01,7.19E-01,-6.04E-02,-4.38E+01,-2.14E+02,3.73E+00,-1.88E+00,2.18E-01,-8.32E-03,4.680232558,0.295652174
-7.94E+01,1.92E+01,2.40E+01,1.14E-01,7.19E-01,-6.06E-02,-4.37E+01,-2.14E+02,3.60E+00,-1.88E+00,2.19E-01,-8.22E-03,4.664723032,0.296875
-7.92E+01,1.91E+01,2.39E+01,1.15E-01,7.19E-01,-6.09E-02,-4.35E+01,-2.13E+02,3.51E+00,-1.88E+00,2.20E-01,-7.92E-03,4.692082111,0.29625
-7.90E+01,1.90E+01,2.38E+01,1.15E-01,7.19E-01,-6.12E-02,-4.33E+01,-2.12E+02,3.45E+00,-1.88E+00,2.20E-01,-7.76E-03,4.705882353,0.295625
-7.89E+01,1.89E+01,2.37E+01,1.15E-01,7.19E-01,-6.15E-02,-4.32E+01,-2.12E+02,3.42E+00,-1.88E+00,2.21E-01,-7.52E-03,4.690265487,0.297484277
-7.88E+01,1.89E+01,2.37E+01,1.15E-01,7.19E-01,-6.17E-02,-4.30E+01,-2.11E+02,3.43E+00,-1.88E+00,2.22E-01,-7.30E-03,4.704142012,0.296855346
-7.87E+01,1.89E+01,2.36E+01,1.16E-01,7.19E-01,-6.20E-02,-4.29E+01,-2.11E+02,3.48E+00,-1.88E+00,2.23E-01,-7.11E-03,4.71810089,0.296226415
-7.87E+01,1.89E+01,2.36E+01,1.16E-01,7.19E-01,-6.22E-02,-4.28E+01,-2.11E+02,3.54E+00,-1.88E+00,2.24E-01,-6.94E-03,4.702380952,0.297468354
-7.87E+01,1.89E+01,2.36E+01,1.16E-01,7.19E-01,-6.25E-02,-4.28E+01,-2.11E+02,3.63E+00,-1.88E+00,2.25E-01,-6.82E-03,4.702380952,0.296835443
-7.87E+01,1.89E+01,2.36E+01,1.16E-01,7.19E-01,-6.26E-02,-4.28E+01,-2.10E+02,3.72E+00,-1.88E+00,2.25E-01,-6.67E-03,4.702380952,0.296835443
-7.88E+01,1.90E+01,2.36E+01,1.16E-01,7.19E-01,-6.28E-02,-4.28E+01,-2.11E+02,3.81E+00,-1.88E+00,2.26E-01,-6.55E-03,4.702380952,0.296835443
-7.90E+01,1.90E+01,2.37E+01,1.16E-01,7.19E-01,-6.29E-02,-4.29E+01,-2.11E+02,3.90E+00,-1.88E+00,2.26E-01,-6.42E-03,4.6884273,0.296835443
-7.91E+01,1.91E+01,2.38E+01,1.16E-01,7.19E-01,-6.29E-02,-4.30E+01,-2.11E+02,3.98E+00,-1.88E+00,2.27E-01,-6.32E-03,4.71810089,0.294968553
-7.93E+01,1.92E+01,2.39E+01,1.16E-01,7.19E-01,-6.29E-02,-4.31E+01,-2.12E+02,4.05E+00,-1.88E+00,2.27E-01,-6.22E-03,4.704142012,0.294968553
-7.95E+01,1.92E+01,2.40E+01,1.16E-01,7.19E-01,-6.29E-02,-4.32E+01,-2.12E+02,4.13E+00,-1.88E+00,2.27E-01,-6.11E-03,4.690265487,0.295597484
-7.97E+01,1.93E+01,2.41E+01,1.16E-01,7.19E-01,-6.28E-02,-4.33E+01,-2.13E+02,4.24E+00,-1.88E+00,2.27E-01,-6.03E-03,4.705882353,0.294375
-7.98E+01,1.94E+01,2.41E+01,1.16E-01,7.19E-01,-6.27E-02,-4.35E+01,-2.13E+02,4.34E+00,-1.88E+00,2.26E-01,-5.97E-03,4.692082111,0.294375
-7.99E+01,1.95E+01,2.42E+01,1.16E-01,7.19E-01,-6.26E-02,-4.36E+01,-2.13E+02,4.42E+00,-1.88E+00,2.26E-01,-5.97E-03,4.678362573,0.295
-8.00E+01,1.95E+01,2.43E+01,1.15E-01,7.18E-01,-6.25E-02,-4.37E+01,-2.14E+02,4.47E+00,-1.88E+00,2.26E-01,-5.94E-03,4.693877551,0.293167702
-8.01E+01,1.96E+01,2.43E+01,1.15E-01,7.18E-01,-6.24E-02,-4.38E+01,-2.14E+02,4.50E+00,-1.88E+00,2.26E-01,-5.99E-03,4.680232558,0.29378882
-8.02E+01,1.96E+01,2.44E+01,1.15E-01,7.18E-01,-6.23E-02,-4.39E+01,-2.14E+02,4.54E+00,-1.88E+00,2.26E-01,-5.99E-03,4.680232558,0.29378882
-8.02E+01,1.97E+01,2.44E+01,1.15E-01,7.18E-01,-6.22E-02,-4.40E+01,-2.14E+02,4.57E+00,-1.88E+00,2.25E-01,-6.06E-03,4.666666667,0.293167702
-8.02E+01,1.97E+01,2.44E+01,1.15E-01,7.18E-01,-6.20E-02,-4.40E+01,-2.14E+02,4.57E+00,-1.88E+00,2.25E-01,-6.12E-03,4.666666667,0.293167702
-8.01E+01,1.97E+01,2.44E+01,1.15E-01,7.17E-01,-6.19E-02,-4.40E+01,-2.14E+02,4.55E+00,-1.88E+00,2.25E-01,-6.16E-03,4.666666667,0.292546584
-8.01E+01,1.97E+01,2.44E+01,1.15E-01,7.17E-01,-6.19E-02,-4.40E+01,-2.14E+02,4.52E+00,-1.88E+00,2.25E-01,-6.19E-03,4.666666667,0.291925466
-7.99E+01,1.97E+01,2.43E+01,1.15E-01,7.17E-01,-6.18E-02,-4.40E+01,-2.13E+02,4.50E+00,-1.88E+00,2.25E-01,-6.19E-03,4.637681159,0.293125
-7.98E+01,1.97E+01,2.43E+01,1.15E-01,7.16E-01,-6.18E-02,-4.40E+01,-2.13E+02,4.47E+00,-1.88E+00,2.26E-01,-6.23E-03,4.637681159,0.2925
-7.96E+01,1.97E+01,2.42E+01,1.15E-01,7.16E-01,-6.18E-02,-4.39E+01,-2.12E+02,4.45E+00,-1.88E+00,2.26E-01,-6.22E-03,4.622093023,0.293710692
-7.94E+01,1.96E+01,2.41E+01,1.15E-01,7.16E-01,-6.18E-02,-4.38E+01,-2.12E+02,4.43E+00,-1.88E+00,2.26E-01,-6.33E-03,4.622093023,0.293081761
-7.92E+01,1.96E+01,2.40E+01,1.15E-01,7.16E-01,-6.18E-02,-4.37E+01,-2.11E+02,4.39E+00,-1.88E+00,2.27E-01,-6.31E-03,4.635568513,0.29245283
-7.90E+01,1.95E+01,2.40E+01,1.15E-01,7.16E-01,-6.19E-02,-4.36E+01,-2.11E+02,4.35E+00,-1.88E+00,2.27E-01,-6.34E-03,4.619883041,0.293670886
-7.88E+01,1.95E+01,2.39E+01,1.15E-01,7.16E-01,-6.20E-02,-4.35E+01,-2.10E+02,4.29E+00,-1.88E+00,2.28E-01,-6.32E-03,4.633431085,0.293037975
-7.86E+01,1.94E+01,2.38E+01,1.15E-01,7.16E-01,-6.21E-02,-4.34E+01,-2.09E+02,4.23E+00,-1.88E+00,2.28E-01,-6.32E-03,4.617647059,0.294267516
-7.84E+01,1.93E+01,2.37E+01,1.15E-01,7.15E-01,-6.22E-02,-4.32E+01,-2.09E+02,4.17E+00,-1.88E+00,2.29E-01,-6.31E-03,4.631268437,0.293630573
-7.82E+01,1.92E+01,2.36E+01,1.15E-01,7.16E-01,-6.24E-02,-4.31E+01,-2.08E+02,4.11E+00,-1.88E+00,2.29E-01,-6.31E-03,4.615384615,0.295512821
-7.80E+01,1.92E+01,2.35E+01,1.16E-01,7.16E-01,-6.25E-02,-4.29E+01,-2.08E+02,4.06E+00,-1.88E+00,2.30E-01,-6.21E-03,4.629080119,0.294871795
-7.79E+01,1.91E+01,2.34E+01,1.16E-01,7.16E-01,-6.27E-02,-4.28E+01,-2.08E+02,4.03E+00,-1.88E+00,2.31E-01,-6.09E-03,4.642857143,0.294871795
-7.78E+01,1.91E+01,2.34E+01,1.16E-01,7.16E-01,-6.28E-02,-4.27E+01,-2.07E+02,4.00E+00,-1.88E+00,2.31E-01,-5.98E-03,4.656716418,0.294871795
-7.77E+01,1.90E+01,2.33E+01,1.16E-01,7.16E-01,-6.30E-02,-4.26E+01,-2.07E+02,3.99E+00,-1.88E+00,2.32E-01,-5.87E-03,4.656716418,0.294871795
-7.76E+01,1.90E+01,2.33E+01,1.16E-01,7.16E-01,-6.32E-02,-4.25E+01,-2.07E+02,4.00E+00,-1.88E+00,2.32E-01,-5.76E-03,4.670658683,0.295512821
-7.76E+01,1.89E+01,2.33E+01,1.17E-01,7.16E-01,-6.33E-02,-4.25E+01,-2.07E+02,4.02E+00,-1.88E+00,2.33E-01,-5.61E-03,4.670658683,0.295512821
-7.76E+01,1.89E+01,2.32E+01,1.17E-01,7.17E-01,-6.35E-02,-4.24E+01,-2.07E+02,4.06E+00,-1.88E+00,2.33E-01,-5.53E-03,4.684684685,0.296153846
-7.77E+01,1.89E+01,2.32E+01,1.17E-01,7.17E-01,-6.37E-02,-4.24E+01,-2.08E+02,4.11E+00,-1.88E+00,2.34E-01,-5.47E-03,4.684684685,0.296794872
-7.77E+01,1.89E+01,2.32E+01,1.17E-01,7.17E-01,-6.38E-02,-4.23E+01,-2.08E+02,4.18E+00,-1.88E+00,2.34E-01,-5.47E-03,4.698795181,0.297435897
-7.78E+01,1.89E+01,2.32E+01,1.17E-01,7.17E-01,-6.40E-02,-4.22E+01,-2.08E+02,4.27E+00,-1.88E+00,2.35E-01,-5.41E-03,4.698795181,0.298717949
-7.78E+01,1.89E+01,2.32E+01,1.17E-01,7.17E-01,-6.41E-02,-4.22E+01,-2.08E+02,4.38E+00,-1.88E+00,2.35E-01,-5.46E-03,4.698795181,0.298717949
-7.79E+01,1.89E+01,2.31E+01,1.18E-01,7.17E-01,-6.43E-02,-4.21E+01,-2.08E+02,4.51E+00,-1.88E+00,2.36E-01,-5.52E-03,4.743202417,0.297452229
-7.79E+01,1.89E+01,2.31E+01,1.18E-01,7.17E-01,-6.44E-02,-4.21E+01,-2.09E+02,4.64E+00,-1.89E+00,2.36E-01,-5.56E-03,4.743202417,0.298089172
-7.79E+01,1.89E+01,2.31E+01,1.18E-01,7.17E-01,-6.45E-02,-4.20E+01,-2.09E+02,4.76E+00,-1.89E+00,2.37E-01,-5.58E-03,4.757575758,0.298089172
-7.80E+01,1.90E+01,2.31E+01,1.18E-01,7.17E-01,-6.46E-02,-4.20E+01,-2.09E+02,4.87E+00,-1.89E+00,2.37E-01,-5.61E-03,4.757575758,0.298726115
-7.80E+01,1.90E+01,2.31E+01,1.18E-01,7.17E-01,-6.46E-02,-4.19E+01,-2.09E+02,4.97E+00,-1.89E+00,2.37E-01,-5.68E-03,4.757575758,0.298726115
-7.80E+01,1.90E+01,2.31E+01,1.18E-01,7.17E-01,-6.47E-02,-4.19E+01,-2.09E+02,5.07E+00,-1.89E+00,2.38E-01,-5.71E-03,4.772036474,0.298726115
-7.80E+01,1.90E+01,2.31E+01,1.18E-01,7.16E-01,-6.48E-02,-4.18E+01,-2.09E+02,5.15E+00,-1.89E+00,2.38E-01,-5.74E-03,4.772036474,0.299363057
-7.81E+01,1.90E+01,2.31E+01,1.19E-01,7.16E-01,-6.48E-02,-4.18E+01,-2.09E+02,5.22E+00,-1.89E+00,2.38E-01,-5.81E-03,4.772036474,0.299363057
-7.81E+01,1.90E+01,2.31E+01,1.19E-01,7.16E-01,-6.48E-02,-4.18E+01,-2.09E+02,5.27E+00,-1.89E+00,2.39E-01,-5.88E-03,4.772036474,0.299363057
-7.81E+01,1.90E+01,2.31E+01,1.19E-01,7.17E-01,-6.48E-02,-4.18E+01,-2.09E+02,5.29E+00,-1.89E+00,2.39E-01,-5.87E-03,4.772036474,0.299363057
-7.81E+01,1.90E+01,2.31E+01,1.19E-01,7.17E-01,-6.48E-02,-4.18E+01,-2.09E+02,5.29E+00,-1.89E+00,2.39E-01,-5.90E-03,4.786585366,0.299363057
-7.81E+01,1.90E+01,2.31E+01,1.19E-01,7.17E-01,-6.48E-02,-4.17E+01,-2.09E+02,5.29E+00,-1.89E+00,2.39E-01,-5.89E-03,4.786585366,0.299363057
-7.81E+01,1.90E+01,2.31E+01,1.19E-01,7.17E-01,-6.48E-02,-4.17E+01,-2.09E+02,5.29E+00,-1.89E+00,2.39E-01,-5.82E-03,4.786585366,0.299363057
-7.81E+01,1.90E+01,2.31E+01,1.18E-01,7.17E-01,-6.48E-02,-4.17E+01,-2.09E+02,5.29E+00,-1.89E+00,2.39E-01,-5.72E-03,4.786585366,0.298726115
-7.81E+01,1.90E+01,2.31E+01,1.18E-01,7.17E-01,-6.48E-02,-4.17E+01,-2.09E+02,5.27E+00,-1.89E+00,2.39E-01,-5.58E-03,4.786585366,0.298726115
-7.81E+01,1.90E+01,2.31E+01,1.18E-01,7.17E-01,-6.48E-02,-4.17E+01,-2.09E+02,5.24E+00,-1.89E+00,2.39E-01,-5.40E-03,4.786585366,0.298726115
-7.81E+01,1.90E+01,2.31E+01,1.18E-01,7.17E-01,-6.48E-02,-4.17E+01,-2.09E+02,5.20E+00,-1.89E+00,2.39E-01,-5.27E-03,4.786585366,0.298726115
-7.81E+01,1.90E+01,2.31E+01,1.18E-01,7.17E-01,-6.48E-02,-4.17E+01,-2.09E+02,5.16E+00,-1.89E+00,2.39E-01,-5.21E-03,4.786585366,0.298726115
-7.82E+01,1.90E+01,2.31E+01,1.18E-01,7.17E-01,-6.48E-02,-4.18E+01,-2.09E+02,5.13E+00,-1.89E+00,2.39E-01,-5.19E-03,4.786585366,0.299363057
-7.82E+01,1.90E+01,2.31E+01,1.18E-01,7.17E-01,-6.49E-02,-4.18E+01,-2.09E+02,5.12E+00,-1.89E+00,2.39E-01,-5.18E-03,4.772036474,0.299363057
-7.83E+01,1.90E+01,2.31E+01,1.18E-01,7.16E-01,-6.50E-02,-4.18E+01,-2.09E+02,5.11E+00,-1.89E+00,2.39E-01,-5.27E-03,4.772036474,0.3
-7.83E+01,1.90E+01,2.32E+01,1.18E-01,7.16E-01,-6.49E-02,-4.18E+01,-2.09E+02,5.10E+00,-1.89E+00,2.39E-01,-5.37E-03,4.772036474,0.3
-7.83E+01,1.90E+01,2.32E+01,1.18E-01,7.16E-01,-6.49E-02,-4.19E+01,-2.10E+02,5.10E+00,-1.89E+00,2.39E-01,-5.53E-03,4.802431611,0.298734177
-7.83E+01,1.90E+01,2.32E+01,1.18E-01,7.16E-01,-6.49E-02,-4.19E+01,-2.10E+02,5.10E+00,-1.89E+00,2.38E-01,-5.79E-03,4.802431611,0.298734177
-7.84E+01,1.90E+01,2.32E+01,1.18E-01,7.16E-01,-6.50E-02,-4.19E+01,-2.10E+02,5.12E+00,-1.89E+00,2.38E-01,-6.00E-03,4.802431611,0.299367089
-7.84E+01,1.90E+01,2.32E+01,1.17E-01,7.15E-01,-6.50E-02,-4.19E+01,-2.10E+02,5.14E+00,-1.89E+00,2.38E-01,-6.15E-03,4.802431611,0.3
-7.84E+01,1.91E+01,2.32E+01,1.17E-01,7.15E-01,-6.50E-02,-4.19E+01,-2.11E+02,5.18E+00,-1.89E+00,2.38E-01,-6.38E-03,4.787878788,0.3
-7.84E+01,1.91E+01,2.32E+01,1.17E-01,7.15E-01,-6.50E-02,-4.19E+01,-2.11E+02,5.22E+00,-1.89E+00,2.38E-01,-6.49E-03,4.787878788,0.300632911
-7.84E+01,1.91E+01,2.32E+01,1.17E-01,7.14E-01,-6.50E-02,-4.19E+01,-2.11E+02,5.28E+00,-1.89E+00,2.38E-01,-6.57E-03,4.787878788,0.300632911
-7.85E+01,1.91E+01,2.32E+01,1.17E-01,7.14E-01,-6.50E-02,-4.19E+01,-2.11E+02,5.34E+00,-1.89E+00,2.38E-01,-6.55E-03,4.818181818,0.299371069
-7.85E+01,1.92E+01,2.32E+01,1.18E-01,7.14E-01,-6.50E-02,-4.19E+01,-2.11E+02,5.41E+00,-1.89E+00,2.38E-01,-6.52E-03,4.818181818,0.299371069
-7.85E+01,1.92E+01,2.32E+01,1.18E-01,7.14E-01,-6.50E-02,-4.19E+01,-2.11E+02,5.48E+00,-1.89E+00,2.38E-01,-6.49E-03,4.818181818,0.299371069
-7.84E+01,1.93E+01,2.32E+01,1.18E-01,7.14E-01,-6.50E-02,-4.19E+01,-2.11E+02,5.56E+00,-1.89E+00,2.38E-01,-6.39E-03,4.832826748,0.299371069
-7.84E+01,1.93E+01,2.32E+01,1.18E-01,7.14E-01,-6.51E-02,-4.19E+01,-2.11E+02,5.64E+00,-1.89E+00,2.38E-01,-6.24E-03,4.802431611,0.301265823
-7.83E+01,1.93E+01,2.31E+01,1.18E-01,7.15E-01,-6.51E-02,-4.18E+01,-2.11E+02,5.72E+00,-1.89E+00,2.38E-01,-6.05E-03,4.802431611,0.301265823
-7.83E+01,1.93E+01,2.31E+01,1.18E-01,7.15E-01,-6.51E-02,-4.17E+01,-2.11E+02,5.79E+00,-1.89E+00,2.38E-01,-5.82E-03,4.817073171,0.301265823
-7.82E+01,1.93E+01,2.31E+01,1.18E-01,7.15E-01,-6.52E-02,-4.17E+01,-2.11E+02,5.85E+00,-1.89E+00,2.39E-01,-5.53E-03,4.817073171,0.301898734
-7.82E+01,1.93E+01,2.30E+01,1.18E-01,7.15E-01,-6.53E-02,-4.16E+01,-2.11E+02,5.90E+00,-1.89E+00,2.39E-01,-5.22E-03,4.831804281,0.301898734
-7.81E+01,1.93E+01,2.30E+01,1.18E-01,7.16E-01,-6.53E-02,-4.16E+01,-2.11E+02,5.94E+00,-1.89E+00,2.39E-01,-4.91E-03,4.831804281,0.301898734
-7.81E+01,1.93E+01,2.30E+01,1.18E-01,7.16E-01,-6.54E-02,-4.15E+01,-2.11E+02,5.98E+00,-1.89E+00,2.39E-01,-4.65E-03,4.831804281,0.302531646
-7.81E+01,1.93E+01,2.29E+01,1.18E-01,7.16E-01,-6.55E-02,-4.15E+01,-2.11E+02,6.00E+00,-1.89E+00,2.39E-01,-4.43E-03,4.846625767,0.303164557
-7.81E+01,1.93E+01,2.29E+01,1.18E-01,7.16E-01,-6.56E-02,-4.15E+01,-2.11E+02,6.02E+00,-1.89E+00,2.39E-01,-4.27E-03,4.846625767,0.303797468
-7.81E+01,1.93E+01,2.29E+01,1.19E-01,7.16E-01,-6.57E-02,-4.15E+01,-2.11E+02,6.02E+00,-1.89E+00,2.39E-01,-4.16E-03,4.877300613,0.302515723
-7.82E+01,1.93E+01,2.29E+01,1.19E-01,7.16E-01,-6.57E-02,-4.15E+01,-2.11E+02,6.02E+00,-1.89E+00,2.39E-01,-4.11E-03,4.877300613,0.303144654
-7.82E+01,1.93E+01,2.29E+01,1.19E-01,7.16E-01,-6.58E-02,-4.15E+01,-2.12E+02,6.00E+00,-1.89E+00,2.39E-01,-4.15E-03,4.877300613,0.303773585
-7.83E+01,1.93E+01,2.30E+01,1.19E-01,7.16E-01,-6.58E-02,-4.15E+01,-2.12E+02,5.98E+00,-1.89E+00,2.39E-01,-4.23E-03,4.862385321,0.303773585
-7.84E+01,1.93E+01,2.30E+01,1.19E-01,7.16E-01,-6.59E-02,-4.16E+01,-2.12E+02,5.94E+00,-1.89E+00,2.39E-01,-4.36E-03,4.862385321,0.304402516
-7.85E+01,1.93E+01,2.30E+01,1.19E-01,7.16E-01,-6.59E-02,-4.16E+01,-2.13E+02,5.89E+00,-1.89E+00,2.39E-01,-4.47E-03,4.892966361,0.303125
-7.85E+01,1.93E+01,2.30E+01,1.19E-01,7.16E-01,-6.59E-02,-4.16E+01,-2.13E+02,5.81E+00,-1.89E+00,2.39E-01,-4.58E-03,4.892966361,0.303125
-7.86E+01,1.92E+01,2.31E+01,1.19E-01,7.16E-01,-6.59E-02,-4.16E+01,-2.13E+02,5.73E+00,-1.89E+00,2.39E-01,-4.68E-03,4.892966361,0.303125
-7.86E+01,1.92E+01,2.31E+01,1.19E-01,7.16E-01,-6.59E-02,-4.16E+01,-2.13E+02,5.65E+00,-1.89E+00,2.39E-01,-4.79E-03,4.892966361,0.30375
-7.87E+01,1.92E+01,2.31E+01,1.19E-01,7.16E-01,-6.59E-02,-4.16E+01,-2.13E+02,5.59E+00,-1.89E+00,2.39E-01,-4.77E-03,4.892966361,0.30375
-7.87E+01,1.91E+01,2.31E+01,1.19E-01,7.16E-01,-6.59E-02,-4.16E+01,-2.13E+02,5.53E+00,-1.89E+00,2.39E-01,-4.78E-03,4.892966361,0.30375
-7.87E+01,1.91E+01,2.30E+01,1.19E-01,7.16E-01,-6.59E-02,-4.16E+01,-2.13E+02,5.49E+00,-1.89E+00,2.39E-01,-4.79E-03,4.892966361,0.304375
-7.87E+01,1.91E+01,2.30E+01,1.19E-01,7.16E-01,-6.58E-02,-4.15E+01,-2.13E+02,5.46E+00,-1.89E+00,2.39E-01,-4.74E-03,4.90797546,0.304375
-7.86E+01,1.91E+01,2.30E+01,1.19E-01,7.16E-01,-6.58E-02,-4.14E+01,-2.13E+02,5.46E+00,-1.89E+00,2.38E-01,-4.58E-03,4.90797546,0.304375
-7.86E+01,1.91E+01,2.30E+01,1.19E-01,7.17E-01,-6.57E-02,-4.14E+01,-2.13E+02,5.50E+00,-1.89E+00,2.38E-01,-4.38E-03,4.90797546,0.304375
-7.86E+01,1.91E+01,2.29E+01,1.19E-01,7.17E-01,-6.57E-02,-4.13E+01,-2.13E+02,5.57E+00,-1.90E+00,2.38E-01,-4.11E-03,4.923076923,0.304375
-7.85E+01,1.91E+01,2.29E+01,1.19E-01,7.17E-01,-6.56E-02,-4.13E+01,-2.13E+02,5.67E+00,-1.90E+00,2.38E-01,-3.75E-03,4.923076923,0.304375
-7.85E+01,1.91E+01,2.29E+01,1.19E-01,7.17E-01,-6.55E-02,-4.12E+01,-2.13E+02,5.77E+00,-1.90E+00,2.38E-01,-3.43E-03,4.938271605,0.305
-7.85E+01,1.91E+01,2.28E+01,1.19E-01,7.18E-01,-6.54E-02,-4.11E+01,-2.13E+02,5.86E+00,-1.90E+00,2.38E-01,-3.08E-03,4.953560372,0.305
-7.84E+01,1.91E+01,2.28E+01,1.19E-01,7.18E-01,-6.53E-02,-4.10E+01,-2.13E+02,5.93E+00,-1.90E+00,2.38E-01,-2.75E-03,4.953560372,0.305
-7.84E+01,1.91E+01,2.28E+01,1.19E-01,7.18E-01,-6.52E-02,-4.10E+01,-2.13E+02,5.99E+00,-1.90E+00,2.38E-01,-2.46E-03,4.953560372,0.305
-7.85E+01,1.91E+01,2.28E+01,1.19E-01,7.18E-01,-6.51E-02,-4.10E+01,-2.13E+02,6.03E+00,-1.90E+00,2.37E-01,-2.20E-03,4.953560372,0.305625
-7.85E+01,1.91E+01,2.28E+01,1.19E-01,7.18E-01,-6.50E-02,-4.10E+01,-2.13E+02,6.05E+00,-1.90E+00,2.37E-01,-1.96E-03,4.953560372,0.305625
-7.86E+01,1.91E+01,2.28E+01,1.19E-01,7.18E-01,-6.50E-02,-4.11E+01,-2.13E+02,6.05E+00,-1.90E+00,2.37E-01,-1.83E-03,4.953560372,0.30625
-7.86E+01,1.91E+01,2.28E+01,1.19E-01,7.18E-01,-6.49E-02,-4.11E+01,-2.13E+02,6.05E+00,-1.90E+00,2.37E-01,-1.77E-03,4.953560372,0.30625
-7.87E+01,1.91E+01,2.29E+01,1.19E-01,7.18E-01,-6.49E-02,-4.11E+01,-2.14E+02,6.03E+00,-1.90E+00,2.37E-01,-1.80E-03,4.969135802,0.304968944
-7.88E+01,1.91E+01,2.29E+01,1.19E-01,7.18E-01,-6.49E-02,-4.12E+01,-2.14E+02,5.98E+00,-1.90E+00,2.37E-01,-1.91E-03,4.969135802,0.304968944
-7.89E+01,1.91E+01,2.30E+01,1.18E-01,7.18E-01,-6.49E-02,-4.13E+01,-2.14E+02,5.91E+00,-1.90E+00,2.37E-01,-2.03E-03,4.953846154,0.304968944
-7.91E+01,1.91E+01,2.31E+01,1.18E-01,7.17E-01,-6.49E-02,-4.14E+01,-2.15E+02,5.85E+00,-1.90E+00,2.37E-01,-2.15E-03,4.938650307,0.305590062
-7.92E+01,1.91E+01,2.31E+01,1.18E-01,7.17E-01,-6.49E-02,-4.15E+01,-2.15E+02,5.78E+00,-1.90E+00,2.37E-01,-2.23E-03,4.95412844,0.303703704
-7.93E+01,1.92E+01,2.32E+01,1.18E-01,7.17E-01,-6.49E-02,-4.16E+01,-2.15E+02,5.71E+00,-1.90E+00,2.37E-01,-2.27E-03,4.93902439,0.304320988
-7.94E+01,1.92E+01,2.33E+01,1.18E-01,7.17E-01,-6.49E-02,-4.17E+01,-2.16E+02,5.65E+00,-1.90E+00,2.37E-01,-2.27E-03,4.93902439,0.304320988
-7.95E+01,1.92E+01,2.33E+01,1.18E-01,7.17E-01,-6.48E-02,-4.18E+01,-2.16E+02,5.60E+00,-1.90E+00,2.36E-01,-2.29E-03,4.924012158,0.304320988
-7.95E+01,1.92E+01,2.33E+01,1.18E-01,7.17E-01,-6.48E-02,-4.19E+01,-2.16E+02,5.56E+00,-1.90E+00,2.36E-01,-2.33E-03,4.924012158,0.304320988
-7.96E+01,1.92E+01,2.34E+01,1.18E-01,7.17E-01,-6.48E-02,-4.19E+01,-2.16E+02,5.53E+00,-1.90E+00,2.36E-01,-2.29E-03,4.909090909,0.304320988
-7.96E+01,1.92E+01,2.34E+01,1.18E-01,7.17E-01,-6.48E-02,-4.19E+01,-2.16E+02,5.50E+00,-1.90E+00,2.36E-01,-2.26E-03,4.909090909,0.304320988
-7.96E+01,1.92E+01,2.34E+01,1.18E-01,7.17E-01,-6.47E-02,-4.20E+01,-2.16E+02,5.50E+00,-1.90E+00,2.35E-01,-2.16E-03,4.909090909,0.304320988
-7.96E+01,1.92E+01,2.34E+01,1.18E-01,7.18E-01,-6.47E-02,-4.20E+01,-2.16E+02,5.52E+00,-1.90E+00,2.35E-01,-2.02E-03,4.909090909,0.304320988
-7.96E+01,1.92E+01,2.34E+01,1.18E-01,7.18E-01,-6.46E-02,-4.20E+01,-2.16E+02,5.56E+00,-1.90E+00,2.35E-01,-1.81E-03,4.909090909,0.303703704
-7.96E+01,1.93E+01,2.34E+01,1.18E-01,7.18E-01,-6.46E-02,-4.20E+01,-2.16E+02,5.61E+00,-1.90E+00,2.34E-01,-1.58E-03,4.909090909,0.303703704
-7.96E+01,1.93E+01,2.34E+01,1.18E-01,7.18E-01,-6.45E-02,-4.20E+01,-2.16E+02,5.67E+00,-1.90E+00,2.34E-01,-1.34E-03,4.909090909,0.303703704
-7.95E+01,1.93E+01,2.34E+01,1.18E-01,7.19E-01,-6.44E-02,-4.20E+01,-2.16E+02,5.72E+00,-1.90E+00,2.34E-01,-1.11E-03,4.909090909,0.30308642
-7.95E+01,1.93E+01,2.34E+01,1.18E-01,7.19E-01,-6.43E-02,-4.19E+01,-2.16E+02,5.76E+00,-1.90E+00,2.33E-01,-8.07E-04,4.909090909,0.30308642
-7.95E+01,1.93E+01,2.34E+01,1.17E-01,7.19E-01,-6.43E-02,-4.19E+01,-2.16E+02,5.80E+00,-1.90E+00,2.33E-01,-5.98E-04,4.909090909,0.30308642
-7.95E+01,1.94E+01,2.34E+01,1.17E-01,7.19E-01,-6.42E-02,-4.20E+01,-2.16E+02,5.84E+00,-1.90E+00,2.33E-01,-4.22E-04,4.909090909,0.30308642
-7.95E+01,1.94E+01,2.34E+01,1.17E-01,7.20E-01,-6.41E-02,-4.20E+01,-2.16E+02,5.86E+00,-1.90E+00,2.33E-01,-3.21E-04,4.909090909,0.30308642
-7.95E+01,1.94E+01,2.34E+01,1.17E-01,7.20E-01,-6.41E-02,-4.20E+01,-2.16E+02,5.89E+00,-1.90E+00,2.32E-01,-2.80E-04,4.909090909,0.30308642
-7.95E+01,1.94E+01,2.34E+01,1.17E-01,7.20E-01,-6.40E-02,-4.20E+01,-2.16E+02,5.90E+00,-1.91E+00,2.32E-01,-3.08E-04,4.894259819,0.30308642
-7.95E+01,1.94E+01,2.34E+01,1.17E-01,7.20E-01,-6.40E-02,-4.21E+01,-2.16E+02,5.90E+00,-1.91E+00,2.32E-01,-3.31E-04,4.894259819,0.30308642
-7.96E+01,1.94E+01,2.35E+01,1.17E-01,7.20E-01,-6.39E-02,-4.21E+01,-2.16E+02,5.88E+00,-1.91E+00,2.32E-01,-3.72E-04,4.894259819,0.303703704
-7.96E+01,1.94E+01,2.35E+01,1.17E-01,7.20E-01,-6.39E-02,-4.22E+01,-2.16E+02,5.85E+00,-1.91E+00,2.32E-01,-4.03E-04,4.879518072,0.303703704
-7.97E+01,1.95E+01,2.35E+01,1.17E-01,7.20E-01,-6.39E-02,-4.23E+01,-2.16E+02,5.81E+00,-1.91E+00,2.32E-01,-4.20E-04,4.909638554,0.301840491
-7.97E+01,1.95E+01,2.36E+01,1.17E-01,7.20E-01,-6.39E-02,-4.23E+01,-2.17E+02,5.75E+00,-1.91E+00,2.32E-01,-4.25E-04,4.894894895,0.301840491
-7.97E+01,1.95E+01,2.36E+01,1.17E-01,7.20E-01,-6.39E-02,-4.24E+01,-2.17E+02,5.68E+00,-1.91E+00,2.32E-01,-4.36E-04,4.894894895,0.301840491
-7.98E+01,1.95E+01,2.36E+01,1.17E-01,7.20E-01,-6.40E-02,-4.25E+01,-2.17E+02,5.60E+00,-1.91E+00,2.32E-01,-4.31E-04,4.880239521,0.301840491
-7.98E+01,1.95E+01,2.37E+01,1.17E-01,7.20E-01,-6.40E-02,-4.25E+01,-2.17E+02,5.52E+00,-1.91E+00,2.32E-01,-4.67E-04,4.880239521,0.301840491
-7.98E+01,1.95E+01,2.37E+01,1.17E-01,7.21E-01,-6.40E-02,-4.26E+01,-2.17E+02,5.44E+00,-1.91E+00,2.32E-01,-3.82E-04,4.880239521,0.301840491
-7.98E+01,1.95E+01,2.37E+01,1.17E-01,7.21E-01,-6.41E-02,-4.26E+01,-2.17E+02,5.37E+00,-1.91E+00,2.32E-01,-2.49E-04,4.865671642,0.301840491
-7.97E+01,1.94E+01,2.37E+01,1.17E-01,7.21E-01,-6.41E-02,-4.26E+01,-2.17E+02,5.31E+00,-1.91E+00,2.33E-01,-1.83E-04,4.865671642,0.301840491
-7.97E+01,1.94E+01,2.37E+01,1.17E-01,7.22E-01,-6.41E-02,-4.26E+01,-2.17E+02,5.27E+00,-1.91E+00,2.33E-01,-1.29E-04,4.865671642,0.301226994
-7.96E+01,1.94E+01,2.37E+01,1.17E-01,7.22E-01,-6.42E-02,-4.26E+01,-2.17E+02,5.25E+00,-1.91E+00,2.33E-01,3.26E-05,4.865671642,0.301226994
-7.95E+01,1.94E+01,2.36E+01,1.17E-01,7.23E-01,-6.42E-02,-4.26E+01,-2.16E+02,5.25E+00,-1.91E+00,2.33E-01,2.03E-04,4.880239521,0.300613497
-7.94E+01,1.94E+01,2.36E+01,1.17E-01,7.23E-01,-6.42E-02,-4.25E+01,-2.16E+02,5.27E+00,-1.91E+00,2.34E-01,3.77E-04,4.850299401,0.302469136
-7.93E+01,1.94E+01,2.36E+01,1.18E-01,7.24E-01,-6.43E-02,-4.25E+01,-2.16E+02,5.30E+00,-1.91E+00,2.34E-01,5.79E-04,4.850299401,0.301851852
-7.91E+01,1.94E+01,2.35E+01,1.18E-01,7.24E-01,-6.43E-02,-4.24E+01,-2.15E+02,5.35E+00,-1.91E+00,2.34E-01,7.19E-04,4.864864865,0.301234568
-7.90E+01,1.94E+01,2.34E+01,1.18E-01,7.25E-01,-6.44E-02,-4.23E+01,-2.15E+02,5.40E+00,-1.92E+00,2.35E-01,8.24E-04,4.834834835,0.302484472
-7.89E+01,1.94E+01,2.34E+01,1.18E-01,7.25E-01,-6.45E-02,-4.22E+01,-2.14E+02,5.47E+00,-1.92E+00,2.35E-01,9.12E-04,4.84939759,0.301863354
-7.88E+01,1.93E+01,2.33E+01,1.18E-01,7.26E-01,-6.46E-02,-4.22E+01,-2.14E+02,5.54E+00,-1.92E+00,2.36E-01,8.94E-04,4.864048338,0.301242236
-7.87E+01,1.93E+01,2.33E+01,1.19E-01,7.26E-01,-6.47E-02,-4.21E+01,-2.13E+02,5.61E+00,-1.92E+00,2.36E-01,8.13E-04,4.833836858,0.3025
-7.86E+01,1.93E+01,2.32E+01,1.19E-01,7.26E-01,-6.48E-02,-4.20E+01,-2.13E+02,5.68E+00,-1.92E+00,2.37E-01,6.25E-04,4.848484848,0.301875
-7.85E+01,1.93E+01,2.32E+01,1.19E-01,7.27E-01,-6.49E-02,-4.19E+01,-2.12E+02,5.73E+00,-1.92E+00,2.38E-01,3.50E-04,4.848484848,0.30125
-7.84E+01,1.93E+01,2.31E+01,1.19E-01,7.27E-01,-6.51E-02,-4.19E+01,-2.12E+02,5.76E+00,-1.92E+00,2.38E-01,-1.89E-05,4.818181818,0.302515723
-7.83E+01,1.93E+01,2.31E+01,1.20E-01,7.27E-01,-6.52E-02,-4.18E+01,-2.12E+02,5.79E+00,-1.92E+00,2.39E-01,-4.63E-04,4.832826748,0.301886792
-7.83E+01,1.93E+01,2.31E+01,1.20E-01,7.27E-01,-6.54E-02,-4.18E+01,-2.11E+02,5.80E+00,-1.92E+00,2.39E-01,-9.21E-04,4.832826748,0.301257862
-7.82E+01,1.93E+01,2.31E+01,1.20E-01,7.27E-01,-6.55E-02,-4.18E+01,-2.11E+02,5.80E+00,-1.92E+00,2.40E-01,-1.37E-03,4.802431611,0.302531646
-7.82E+01,1.92E+01,2.30E+01,1.20E-01,7.27E-01,-6.57E-02,-4.18E+01,-2.11E+02,5.76E+00,-1.92E+00,2.41E-01,-1.85E-03,4.802431611,0.301898734
-7.81E+01,1.92E+01,2.31E+01,1.21E-01,7.27E-01,-6.58E-02,-4.18E+01,-2.10E+02,5.69E+00,-1.92E+00,2.41E-01,-2.31E-03,4.802431611,0.301265823
-7.81E+01,1.92E+01,2.31E+01,1.21E-01,7.27E-01,-6.59E-02,-4.18E+01,-2.10E+02,5.60E+00,-1.92E+00,2.42E-01,-2.74E-03,4.802431611,0.300632911
-7.81E+01,1.91E+01,2.31E+01,1.21E-01,7.27E-01,-6.60E-02,-4.18E+01,-2.10E+02,5.49E+00,-1.92E+00,2.42E-01,-3.11E-03,4.802431611,0.300632911
-7.81E+01,1.91E+01,2.31E+01,1.21E-01,7.27E-01,-6.61E-02,-4.18E+01,-2.10E+02,5.39E+00,-1.92E+00,2.43E-01,-3.44E-03,4.802431611,0.300632911
-7.81E+01,1.91E+01,2.31E+01,1.21E-01,7.27E-01,-6.61E-02,-4.18E+01,-2.10E+02,5.29E+00,-1.92E+00,2.43E-01,-3.73E-03,4.802431611,0.300632911
-7.80E+01,1.90E+01,2.31E+01,1.22E-01,7.27E-01,-6.62E-02,-4.18E+01,-2.10E+02,5.18E+00,-1.92E+00,2.43E-01,-3.88E-03,4.802431611,0.300632911
-7.80E+01,1.90E+01,2.31E+01,1.22E-01,7.27E-01,-6.62E-02,-4.18E+01,-2.11E+02,5.09E+00,-1.92E+00,2.43E-01,-3.96E-03,4.802431611,0.301265823
-7.80E+01,1.90E+01,2.31E+01,1.22E-01,7.27E-01,-6.62E-02,-4.18E+01,-2.11E+02,5.01E+00,-1.92E+00,2.44E-01,-3.93E-03,4.802431611,0.301898734
-7.80E+01,1.90E+01,2.32E+01,1.22E-01,7.27E-01,-6.62E-02,-4.19E+01,-2.11E+02,4.95E+00,-1.92E+00,2.44E-01,-3.85E-03,4.832826748,0.300628931
-7.81E+01,1.90E+01,2.32E+01,1.22E-01,7.28E-01,-6.62E-02,-4.19E+01,-2.12E+02,4.94E+00,-1.92E+00,2.44E-01,-3.57E-03,4.818181818,0.300628931
-7.81E+01,1.90E+01,2.32E+01,1.22E-01,7.28E-01,-6.61E-02,-4.19E+01,-2.12E+02,4.96E+00,-1.92E+00,2.44E-01,-3.15E-03,4.818181818,0.301257862
-7.80E+01,1.90E+01,2.32E+01,1.22E-01,7.28E-01,-6.61E-02,-4.19E+01,-2.12E+02,5.02E+00,-1.92E+00,2.44E-01,-2.69E-03,4.818181818,0.301886792
-7.80E+01,1.91E+01,2.32E+01,1.22E-01,7.28E-01,-6.60E-02,-4.19E+01,-2.12E+02,5.10E+00,-1.92E+00,2.43E-01,-2.23E-03,4.818181818,0.301886792
-7.80E+01,1.91E+01,2.32E+01,1.22E-01,7.28E-01,-6.59E-02,-4.19E+01,-2.12E+02,5.20E+00,-1.92E+00,2.43E-01,-1.82E-03,4.818181818,0.301886792
-7.80E+01,1.91E+01,2.32E+01,1.22E-01,7.29E-01,-6.58E-02,-4.19E+01,-2.12E+02,5.31E+00,-1.92E+00,2.43E-01,-1.45E-03,4.818181818,0.301886792
-7.80E+01,1.92E+01,2.32E+01,1.22E-01,7.29E-01,-6.58E-02,-4.19E+01,-2.12E+02,5.43E+00,-1.92E+00,2.43E-01,-1.19E-03,4.818181818,0.301886792
-7.80E+01,1.92E+01,2.32E+01,1.22E-01,7.29E-01,-6.57E-02,-4.19E+01,-2.12E+02,5.55E+00,-1.92E+00,2.43E-01,-1.01E-03,4.832826748,0.301257862
-7.80E+01,1.92E+01,2.32E+01,1.22E-01,7.29E-01,-6.57E-02,-4.19E+01,-2.11E+02,5.66E+00,-1.92E+00,2.43E-01,-9.35E-04,4.832826748,0.301257862
-7.80E+01,1.93E+01,2.31E+01,1.22E-01,7.28E-01,-6.56E-02,-4.18E+01,-2.11E+02,5.77E+00,-1.92E+00,2.43E-01,-9.47E-04,4.832826748,0.300628931
-7.80E+01,1.93E+01,2.31E+01,1.22E-01,7.28E-01,-6.56E-02,-4.18E+01,-2.11E+02,5.85E+00,-1.92E+00,2.43E-01,-1.00E-03,4.802431611,0.301898734
-7.80E+01,1.93E+01,2.31E+01,1.22E-01,7.28E-01,-6.56E-02,-4.18E+01,-2.11E+02,5.92E+00,-1.92E+00,2.43E-01,-1.09E-03,4.802431611,0.301265823
-7.79E+01,1.93E+01,2.31E+01,1.22E-01,7.28E-01,-6.56E-02,-4.17E+01,-2.10E+02,5.97E+00,-1.92E+00,2.43E-01,-1.24E-03,4.817073171,0.300632911
-7.79E+01,1.93E+01,2.31E+01,1.22E-01,7.28E-01,-6.56E-02,-4.17E+01,-2.10E+02,6.00E+00,-1.92E+00,2.43E-01,-1.41E-03,4.817073171,0.3
-7.79E+01,1.93E+01,2.31E+01,1.22E-01,7.28E-01,-6.56E-02,-4.17E+01,-2.10E+02,6.00E+00,-1.92E+00,2.44E-01,-1.59E-03,4.786585366,0.301273885
-7.78E+01,1.93E+01,2.30E+01,1.22E-01,7.28E-01,-6.56E-02,-4.17E+01,-2.09E+02,5.97E+00,-1.92E+00,2.44E-01,-1.76E-03,4.786585366,0.300636943
-7.78E+01,1.93E+01,2.30E+01,1.22E-01,7.28E-01,-6.56E-02,-4.17E+01,-2.09E+02,5.91E+00,-1.92E+00,2.44E-01,-1.93E-03,4.786585366,0.3
-7.77E+01,1.92E+01,2.30E+01,1.22E-01,7.28E-01,-6.56E-02,-4.16E+01,-2.09E+02,5.84E+00,-1.92E+00,2.44E-01,-2.11E-03,4.786585366,0.299363057
-7.77E+01,1.92E+01,2.30E+01,1.22E-01,7.28E-01,-6.56E-02,-4.16E+01,-2.08E+02,5.76E+00,-1.92E+00,2.44E-01,-2.26E-03,4.801223242,0.298726115
-7.76E+01,1.92E+01,2.30E+01,1.22E-01,7.28E-01,-6.56E-02,-4.16E+01,-2.08E+02,5.68E+00,-1.92E+00,2.44E-01,-2.42E-03,4.801223242,0.298726115
-7.76E+01,1.91E+01,2.30E+01,1.22E-01,7.28E-01,-6.57E-02,-4.16E+01,-2.08E+02,5.59E+00,-1.92E+00,2.45E-01,-2.57E-03,4.770642202,0.3
-7.76E+01,1.91E+01,2.30E+01,1.22E-01,7.28E-01,-6.57E-02,-4.16E+01,-2.08E+02,5.50E+00,-1.92E+00,2.45E-01,-2.70E-03,4.770642202,0.3
-7.76E+01,1.91E+01,2.30E+01,1.22E-01,7.28E-01,-6.57E-02,-4.16E+01,-2.08E+02,5.40E+00,-1.92E+00,2.45E-01,-2.84E-03,4.801223242,0.298089172
-7.76E+01,1.90E+01,2.30E+01,1.22E-01,7.28E-01,-6.57E-02,-4.16E+01,-2.08E+02,5.32E+00,-1.92E+00,2.45E-01,-2.95E-03,4.801223242,0.298726115
-7.75E+01,1.90E+01,2.30E+01,1.22E-01,7.28E-01,-6.57E-02,-4.16E+01,-2.08E+02,5.24E+00,-1.92E+00,2.45E-01,-3.04E-03,4.801223242,0.298726115
-7.75E+01,1.90E+01,2.30E+01,1.22E-01,7.28E-01,-6.57E-02,-4.15E+01,-2.08E+02,5.20E+00,-1.92E+00,2.45E-01,-3.04E-03,4.801223242,0.298726115
-7.75E+01,1.90E+01,2.30E+01,1.23E-01,7.29E-01,-6.57E-02,-4.15E+01,-2.08E+02,5.18E+00,-1.92E+00,2.45E-01,-2.95E-03,4.801223242,0.299363057
-7.74E+01,1.90E+01,2.30E+01,1.23E-01,7.29E-01,-6.57E-02,-4.15E+01,-2.08E+02,5.19E+00,-1.92E+00,2.45E-01,-2.78E-03,4.801223242,0.299363057
-7.74E+01,1.90E+01,2.30E+01,1.23E-01,7.29E-01,-6.57E-02,-4.15E+01,-2.08E+02,5.24E+00,-1.92E+00,2.45E-01,-2.69E-03,4.81595092,0.299363057
-7.74E+01,1.90E+01,2.29E+01,1.23E-01,7.29E-01,-6.57E-02,-4.15E+01,-2.08E+02,5.32E+00,-1.92E+00,2.45E-01,-2.54E-03,4.81595092,0.299363057
-7.74E+01,1.90E+01,2.29E+01,1.23E-01,7.29E-01,-6.57E-02,-4.14E+01,-2.08E+02,5.42E+00,-1.92E+00,2.46E-01,-2.38E-03,4.81595092,0.299363057
-7.74E+01,1.91E+01,2.29E+01,1.23E-01,7.29E-01,-6.57E-02,-4.14E+01,-2.08E+02,5.55E+00,-1.92E+00,2.46E-01,-2.21E-03,4.81595092,0.299363057
-7.74E+01,1.91E+01,2.29E+01,1.23E-01,7.29E-01,-6.56E-02,-4.13E+01,-2.08E+02,5.70E+00,-1.92E+00,2.46E-01,-2.08E-03,4.8,0.301282051
-7.74E+01,1.92E+01,2.29E+01,1.23E-01,7.29E-01,-6.56E-02,-4.13E+01,-2.08E+02,5.85E+00,-1.92E+00,2.46E-01,-2.04E-03,4.8,0.301282051
-7.74E+01,1.92E+01,2.29E+01,1.23E-01,7.29E-01,-6.56E-02,-4.13E+01,-2.08E+02,6.01E+00,-1.92E+00,2.46E-01,-2.04E-03,4.8,0.301282051
-7.74E+01,1.93E+01,2.29E+01,1.23E-01,7.29E-01,-6.56E-02,-4.13E+01,-2.08E+02,6.16E+00,-1.92E+00,2.46E-01,-2.15E-03,4.8,0.301282051
-7.74E+01,1.93E+01,2.29E+01,1.23E-01,7.29E-01,-6.56E-02,-4.13E+01,-2.08E+02,6.28E+00,-1.92E+00,2.46E-01,-2.32E-03,4.8,0.301282051
-7.74E+01,1.94E+01,2.29E+01,1.23E-01,7.29E-01,-6.56E-02,-4.13E+01,-2.08E+02,6.38E+00,-1.92E+00,2.46E-01,-2.56E-03,4.8,0.301923077
-7.75E+01,1.94E+01,2.29E+01,1.23E-01,7.29E-01,-6.56E-02,-4.13E+01,-2.08E+02,6.43E+00,-1.92E+00,2.46E-01,-2.85E-03,4.830769231,0.3
-7.75E+01,1.94E+01,2.29E+01,1.23E-01,7.29E-01,-6.56E-02,-4.13E+01,-2.08E+02,6.46E+00,-1.92E+00,2.46E-01,-3.15E-03,4.830769231,0.3
-7.75E+01,1.94E+01,2.29E+01,1.22E-01,7.28E-01,-6.57E-02,-4.13E+01,-2.08E+02,6.45E+00,-1.92E+00,2.46E-01,-3.46E-03,4.830769231,0.3
-7.75E+01,1.94E+01,2.29E+01,1.22E-01,7.28E-01,-6.57E-02,-4.13E+01,-2.08E+02,6.39E+00,-1.92E+00,2.46E-01,-3.81E-03,4.830769231,0.299363057
-7.75E+01,1.94E+01,2.29E+01,1.22E-01,7.28E-01,-6.57E-02,-4.14E+01,-2.08E+02,6.28E+00,-1.92E+00,2.46E-01,-4.13E-03,4.81595092,0.299363057
-7.76E+01,1.93E+01,2.29E+01,1.22E-01,7.28E-01,-6.58E-02,-4.14E+01,-2.08E+02,6.13E+00,-1.92E+00,2.46E-01,-4.48E-03,4.81595092,0.299363057
-7.76E+01,1.93E+01,2.30E+01,1.22E-01,7.27E-01,-6.59E-02,-4.15E+01,-2.08E+02,5.97E+00,-1.92E+00,2.47E-01,-4.79E-03,4.81595092,0.299363057
-7.76E+01,1.93E+01,2.30E+01,1.22E-01,7.27E-01,-6.59E-02,-4.15E+01,-2.08E+02,5.81E+00,-1.92E+00,2.47E-01,-5.05E-03,4.801223242,0.299363057
-7.76E+01,1.92E+01,2.30E+01,1.22E-01,7.28E-01,-6.60E-02,-4.15E+01,-2.08E+02,5.65E+00,-1.92E+00,2.47E-01,-5.22E-03,4.801223242,0.298726115
-7.76E+01,1.92E+01,2.30E+01,1.22E-01,7.28E-01,-6.61E-02,-4.16E+01,-2.09E+02,5.50E+00,-1.92E+00,2.47E-01,-5.32E-03,4.801223242,0.298726115
-7.76E+01,1.92E+01,2.30E+01,1.22E-01,7.28E-01,-6.61E-02,-4.16E+01,-2.09E+02,5.37E+00,-1.92E+00,2.47E-01,-5.34E-03,4.801223242,0.298726115
-7.76E+01,1.92E+01,2.30E+01,1.22E-01,7.28E-01,-6.62E-02,-4.16E+01,-2.09E+02,5.28E+00,-1.92E+00,2.47E-01,-5.33E-03,4.786585366,0.299363057
-7.76E+01,1.91E+01,2.30E+01,1.22E-01,7.28E-01,-6.62E-02,-4.16E+01,-2.09E+02,5.21E+00,-1.92E+00,2.48E-01,-5.23E-03,4.786585366,0.299363057
-7.75E+01,1.91E+01,2.30E+01,1.22E-01,7.29E-01,-6.63E-02,-4.16E+01,-2.09E+02,5.19E+00,-1.92E+00,2.48E-01,-5.06E-03,4.801223242,0.299363057
-7.75E+01,1.91E+01,2.30E+01,1.22E-01,7.29E-01,-6.63E-02,-4.16E+01,-2.09E+02,5.19E+00,-1.92E+00,2.48E-01,-4.82E-03,4.801223242,0.299363057
-7.74E+01,1.91E+01,2.30E+01,1.23E-01,7.29E-01,-6.63E-02,-4.15E+01,-2.09E+02,5.24E+00,-1.92E+00,2.48E-01,-4.48E-03,4.801223242,0.3
-7.74E+01,1.91E+01,2.29E+01,1.23E-01,7.30E-01,-6.64E-02,-4.15E+01,-2.09E+02,5.31E+00,-1.92E+00,2.48E-01,-4.13E-03,4.801223242,0.300636943
-7.74E+01,1.91E+01,2.29E+01,1.23E-01,7.30E-01,-6.64E-02,-4.15E+01,-2.09E+02,5.41E+00,-1.92E+00,2.48E-01,-3.76E-03,4.81595092,0.300636943
-7.73E+01,1.92E+01,2.29E+01,1.23E-01,7.30E-01,-6.64E-02,-4.14E+01,-2.09E+02,5.53E+00,-1.93E+00,2.48E-01,-3.48E-03,4.81595092,0.301273885
-7.73E+01,1.92E+01,2.29E+01,1.23E-01,7.31E-01,-6.64E-02,-4.14E+01,-2.09E+02,5.64E+00,-1.93E+00,2.48E-01,-3.19E-03,4.81595092,0.301910828
-7.73E+01,1.92E+01,2.29E+01,1.23E-01,7.31E-01,-6.65E-02,-4.14E+01,-2.09E+02,5.74E+00,-1.93E+00,2.48E-01,-2.95E-03,4.81595092,0.302547771
-7.73E+01,1.92E+01,2.28E+01,1.23E-01,7.31E-01,-6.65E-02,-4.13E+01,-2.10E+02,5.84E+00,-1.93E+00,2.48E-01,-2.87E-03,4.830769231,0.303184713
-7.73E+01,1.92E+01,2.28E+01,1.23E-01,7.31E-01,-6.66E-02,-4.13E+01,-2.10E+02,5.94E+00,-1.93E+00,2.49E-01,-2.84E-03,4.861538462,0.301265823
-7.73E+01,1.92E+01,2.28E+01,1.23E-01,7.31E-01,-6.66E-02,-4.13E+01,-2.10E+02,6.02E+00,-1.93E+00,2.49E-01,-2.77E-03,4.861538462,0.301898734
-7.74E+01,1.92E+01,2.28E+01,1.23E-01,7.31E-01,-6.67E-02,-4.13E+01,-2.10E+02,6.08E+00,-1.93E+00,2.49E-01,-2.77E-03,4.861538462,0.302531646
-7.74E+01,1.92E+01,2.28E+01,1.23E-01,7.31E-01,-6.67E-02,-4.13E+01,-2.10E+02,6.11E+00,-1.93E+00,2.49E-01,-2.84E-03,4.861538462,0.302531646
-7.74E+01,1.92E+01,2.29E+01,1.23E-01,7.31E-01,-6.68E-02,-4.13E+01,-2.10E+02,6.09E+00,-1.93E+00,2.49E-01,-3.02E-03,4.861538462,0.303164557
-7.74E+01,1.92E+01,2.29E+01,1.24E-01,7.31E-01,-6.69E-02,-4.13E+01,-2.10E+02,6.04E+00,-1.93E+00,2.49E-01,-3.13E-03,4.861538462,0.303164557
-7.75E+01,1.92E+01,2.29E+01,1.24E-01,7.31E-01,-6.69E-02,-4.13E+01,-2.11E+02,5.96E+00,-1.93E+00,2.50E-01,-3.24E-03,4.861538462,0.303164557
-7.75E+01,1.91E+01,2.29E+01,1.24E-01,7.31E-01,-6.70E-02,-4.14E+01,-2.11E+02,5.84E+00,-1.93E+00,2.50E-01,-3.29E-03,4.846625767,0.303164557
-7.75E+01,1.91E+01,2.29E+01,1.24E-01,7.31E-01,-6.70E-02,-4.14E+01,-2.11E+02,5.71E+00,-1.93E+00,2.50E-01,-3.38E-03,4.846625767,0.303164557
-7.75E+01,1.90E+01,2.29E+01,1.24E-01,7.32E-01,-6.71E-02,-4.14E+01,-2.11E+02,5.57E+00,-1.93E+00,2.50E-01,-3.46E-03,4.846625767,0.303164557
-7.75E+01,1.90E+01,2.29E+01,1.24E-01,7.32E-01,-6.71E-02,-4.14E+01,-2.11E+02,5.44E+00,-1.93E+00,2.50E-01,-3.51E-03,4.846625767,0.303164557
-7.75E+01,1.90E+01,2.29E+01,1.24E-01,7.32E-01,-6.72E-02,-4.14E+01,-2.11E+02,5.31E+00,-1.93E+00,2.51E-01,-3.50E-03,4.846625767,0.302531646
-7.75E+01,1.89E+01,2.29E+01,1.24E-01,7.32E-01,-6.72E-02,-4.14E+01,-2.10E+02,5.20E+00,-1.93E+00,2.51E-01,-3.46E-03,4.846625767,0.302531646
-7.75E+01,1.89E+01,2.29E+01,1.24E-01,7.32E-01,-6.72E-02,-4.14E+01,-2.10E+02,5.11E+00,-1.93E+00,2.51E-01,-3.39E-03,4.846625767,0.302531646
-7.75E+01,1.89E+01,2.29E+01,1.24E-01,7.32E-01,-6.72E-02,-4.14E+01,-2.10E+02,5.05E+00,-1.93E+00,2.51E-01,-3.29E-03,4.846625767,0.302531646
-7.75E+01,1.89E+01,2.29E+01,1.25E-01,7.32E-01,-6.72E-02,-4.14E+01,-2.10E+02,5.01E+00,-1.93E+00,2.51E-01,-3.17E-03,4.846625767,0.301898734
-7.75E+01,1.89E+01,2.29E+01,1.25E-01,7.33E-01,-6.72E-02,-4.14E+01,-2.10E+02,5.01E+00,-1.93E+00,2.52E-01,-3.00E-03,4.846625767,0.301898734
-7.75E+01,1.89E+01,2.29E+01,1.25E-01,7.33E-01,-6.72E-02,-4.14E+01,-2.10E+02,5.04E+00,-1.93E+00,2.52E-01,-2.76E-03,4.846625767,0.301898734
-7.75E+01,1.90E+01,2.29E+01,1.25E-01,7.33E-01,-6.72E-02,-4.14E+01,-2.10E+02,5.10E+00,-1.93E+00,2.52E-01,-2.53E-03,4.846625767,0.301898734
-7.75E+01,1.90E+01,2.29E+01,1.25E-01,7.33E-01,-6.72E-02,-4.14E+01,-2.10E+02,5.18E+00,-1.93E+00,2.52E-01,-2.32E-03,4.846625767,0.302531646
-7.75E+01,1.90E+01,2.29E+01,1.25E-01,7.33E-01,-6.72E-02,-4.14E+01,-2.10E+02,5.28E+00,-1.93E+00,2.52E-01,-2.11E-03,4.846625767,0.302531646
-7.75E+01,1.91E+01,2.29E+01,1.25E-01,7.33E-01,-6.72E-02,-4.14E+01,-2.10E+02,5.38E+00,-1.94E+00,2.52E-01,-1.91E-03,4.846625767,0.303164557
-7.76E+01,1.91E+01,2.29E+01,1.25E-01,7.34E-01,-6.72E-02,-4.14E+01,-2.11E+02,5.49E+00,-1.94E+00,2.52E-01,-1.71E-03,4.846625767,0.303164557
-7.77E+01,1.91E+01,2.29E+01,1.25E-01,7.34E-01,-6.72E-02,-4.14E+01,-2.11E+02,5.59E+00,-1.94E+00,2.52E-01,-1.65E-03,4.846625767,0.303797468
-7.77E+01,1.92E+01,2.29E+01,1.25E-01,7.34E-01,-6.72E-02,-4.15E+01,-2.11E+02,5.68E+00,-1.94E+00,2.53E-01,-1.66E-03,4.877300613,0.301886792
-7.77E+01,1.92E+01,2.29E+01,1.25E-01,7.34E-01,-6.72E-02,-4.15E+01,-2.11E+02,5.75E+00,-1.94E+00,2.53E-01,-1.70E-03,4.877300613,0.302515723
-7.77E+01,1.92E+01,2.29E+01,1.26E-01,7.34E-01,-6.72E-02,-4.15E+01,-2.11E+02,5.80E+00,-1.94E+00,2.53E-01,-1.81E-03,4.877300613,0.302515723
-7.78E+01,1.92E+01,2.29E+01,1.26E-01,7.34E-01,-6.73E-02,-4.15E+01,-2.11E+02,5.82E+00,-1.94E+00,2.53E-01,-1.91E-03,4.877300613,0.302515723
-7.78E+01,1.92E+01,2.29E+01,1.26E-01,7.34E-01,-6.73E-02,-4.15E+01,-2.11E+02,5.81E+00,-1.94E+00,2.53E-01,-2.04E-03,4.877300613,0.302515723
-7.78E+01,1.92E+01,2.29E+01,1.26E-01,7.34E-01,-6.74E-02,-4.14E+01,-2.11E+02,5.79E+00,-1.94E+00,2.53E-01,-2.16E-03,4.877300613,0.302515723
-7.78E+01,1.91E+01,2.29E+01,1.26E-01,7.34E-01,-6.75E-02,-4.14E+01,-2.11E+02,5.75E+00,-1.94E+00,2.54E-01,-2.26E-03,4.877300613,0.302515723
-7.78E+01,1.91E+01,2.29E+01,1.26E-01,7.34E-01,-6.75E-02,-4.14E+01,-2.11E+02,5.70E+00,-1.94E+00,2.54E-01,-2.34E-03,4.877300613,0.302515723
-7.78E+01,1.91E+01,2.29E+01,1.26E-01,7.34E-01,-6.76E-02,-4.14E+01,-2.11E+02,5.65E+00,-1.94E+00,2.54E-01,-2.37E-03,4.877300613,0.302515723
-7.77E+01,1.90E+01,2.29E+01,1.26E-01,7.34E-01,-6.77E-02,-4.14E+01,-2.11E+02,5.59E+00,-1.94E+00,2.54E-01,-2.41E-03,4.877300613,0.302515723
-7.77E+01,1.90E+01,2.29E+01,1.26E-01,7.34E-01,-6.78E-02,-4.13E+01,-2.11E+02,5.53E+00,-1.94E+00,2.54E-01,-2.43E-03,4.877300613,0.303144654
-7.77E+01,1.90E+01,2.29E+01,1.26E-01,7.34E-01,-6.78E-02,-4.13E+01,-2.11E+02,5.47E+00,-1.94E+00,2.54E-01,-2.43E-03,4.892307692,0.303144654
-7.77E+01,1.89E+01,2.29E+01,1.26E-01,7.35E-01,-6.79E-02,-4.13E+01,-2.11E+02,5.41E+00,-1.94E+00,2.55E-01,-2.39E-03,4.892307692,0.303144654
-7.77E+01,1.89E+01,2.29E+01,1.26E-01,7.35E-01,-6.80E-02,-4.12E+01,-2.11E+02,5.37E+00,-1.94E+00,2.55E-01,-2.30E-03,4.892307692,0.303144654
-7.77E+01,1.89E+01,2.29E+01,1.26E-01,7.35E-01,-6.80E-02,-4.12E+01,-2.11E+02,5.35E+00,-1.94E+00,2.55E-01,-2.19E-03,4.892307692,0.303144654
-7.77E+01,1.89E+01,2.28E+01,1.26E-01,7.35E-01,-6.80E-02,-4.12E+01,-2.11E+02,5.35E+00,-1.94E+00,2.55E-01,-2.01E-03,4.907407407,0.302515723
-7.77E+01,1.89E+01,2.28E+01,1.26E-01,7.35E-01,-6.80E-02,-4.12E+01,-2.11E+02,5.36E+00,-1.94E+00,2.55E-01,-1.81E-03,4.907407407,0.302515723
-7.76E+01,1.89E+01,2.28E+01,1.26E-01,7.36E-01,-6.80E-02,-4.12E+01,-2.11E+02,5.38E+00,-1.94E+00,2.55E-01,-1.62E-03,4.87654321,0.30443038
-7.76E+01,1.89E+01,2.28E+01,1.26E-01,7.36E-01,-6.80E-02,-4.11E+01,-2.11E+02,5.41E+00,-1.94E+00,2.55E-01,-1.39E-03,4.87654321,0.30443038
-7.76E+01,1.89E+01,2.28E+01,1.26E-01,7.36E-01,-6.80E-02,-4.11E+01,-2.11E+02,5.47E+00,-1.94E+00,2.55E-01,-1.18E-03,4.87654321,0.30443038
-7.76E+01,1.90E+01,2.28E+01,1.26E-01,7.36E-01,-6.79E-02,-4.12E+01,-2.11E+02,5.53E+00,-1.94E+00,2.55E-01,-9.76E-04,4.87654321,0.30443038
-7.77E+01,1.90E+01,2.28E+01,1.26E-01,7.36E-01,-6.79E-02,-4.12E+01,-2.11E+02,5.61E+00,-1.94E+00,2.55E-01,-8.35E-04,4.87654321,0.303797468
-7.77E+01,1.91E+01,2.28E+01,1.26E-01,7.36E-01,-6.78E-02,-4.12E+01,-2.11E+02,5.69E+00,-1.94E+00,2.55E-01,-7.39E-04,4.861538462,0.303797468
-7.77E+01,1.91E+01,2.28E+01,1.26E-01,7.36E-01,-6.78E-02,-4.12E+01,-2.11E+02,5.77E+00,-1.94E+00,2.55E-01,-6.86E-04,4.861538462,0.303797468
-7.77E+01,1.92E+01,2.28E+01,1.26E-01,7.35E-01,-6.77E-02,-4.13E+01,-2.11E+02,5.85E+00,-1.94E+00,2.55E-01,-6.76E-04,4.861538462,0.303797468
-7.77E+01,1.92E+01,2.29E+01,1.26E-01,7.35E-01,-6.77E-02,-4.13E+01,-2.11E+02,5.93E+00,-1.94E+00,2.54E-01,-6.51E-04,4.846625767,0.303797468
-7.77E+01,1.93E+01,2.29E+01,1.26E-01,7.35E-01,-6.76E-02,-4.14E+01,-2.11E+02,6.01E+00,-1.94E+00,2.54E-01,-7.21E-04,4.846625767,0.303797468
-7.78E+01,1.93E+01,2.29E+01,1.26E-01,7.35E-01,-6.76E-02,-4.15E+01,-2.11E+02,6.08E+00,-1.94E+00,2.54E-01,-7.57E-04,4.846625767,0.303164557
-7.78E+01,1.93E+01,2.29E+01,1.26E-01,7.35E-01,-6.75E-02,-4.15E+01,-2.11E+02,6.15E+00,-1.94E+00,2.54E-01,-8.21E-04,4.831804281,0.303164557
-7.78E+01,1.94E+01,2.30E+01,1.26E-01,7.35E-01,-6.74E-02,-4.15E+01,-2.11E+02,6.20E+00,-1.94E+00,2.54E-01,-8.45E-04,4.831804281,0.303164557
-7.78E+01,1.94E+01,2.30E+01,1.26E-01,7.34E-01,-6.74E-02,-4.16E+01,-2.11E+02,6.23E+00,-1.94E+00,2.53E-01,-8.70E-04,4.831804281,0.303164557
-7.77E+01,1.94E+01,2.30E+01,1.26E-01,7.34E-01,-6.73E-02,-4.16E+01,-2.11E+02,6.23E+00,-1.94E+00,2.53E-01,-8.20E-04,4.817073171,0.302531646
-7.77E+01,1.94E+01,2.30E+01,1.25E-01,7.34E-01,-6.73E-02,-4.17E+01,-2.11E+02,6.21E+00,-1.94E+00,2.53E-01,-7.48E-04,4.817073171,0.302531646
-7.77E+01,1.94E+01,2.30E+01,1.25E-01,7.34E-01,-6.73E-02,-4.17E+01,-2.11E+02,6.17E+00,-1.94E+00,2.53E-01,-7.04E-04,4.817073171,0.302531646
-7.77E+01,1.94E+01,2.30E+01,1.25E-01,7.34E-01,-6.72E-02,-4.18E+01,-2.11E+02,6.12E+00,-1.94E+00,2.53E-01,-6.16E-04,4.802431611,0.302531646
-7.77E+01,1.94E+01,2.30E+01,1.25E-01,7.34E-01,-6.72E-02,-4.18E+01,-2.11E+02,6.05E+00,-1.93E+00,2.52E-01,-4.71E-04,4.802431611,0.302531646
-7.77E+01,1.93E+01,2.31E+01,1.25E-01,7.34E-01,-6.72E-02,-4.18E+01,-2.11E+02,5.97E+00,-1.93E+00,2.52E-01,-2.66E-04,4.832826748,0.300628931
-7.77E+01,1.93E+01,2.31E+01,1.25E-01,7.34E-01,-6.72E-02,-4.18E+01,-2.11E+02,5.89E+00,-1.93E+00,2.52E-01,2.92E-05,4.832826748,0.300628931
-7.77E+01,1.93E+01,2.31E+01,1.25E-01,7.34E-01,-6.71E-02,-4.18E+01,-2.11E+02,5.81E+00,-1.93E+00,2.52E-01,3.40E-04,4.832826748,0.300628931
-7.77E+01,1.92E+01,2.31E+01,1.25E-01,7.35E-01,-6.71E-02,-4.18E+01,-2.11E+02,5.73E+00,-1.93E+00,2.52E-01,6.79E-04,4.832826748,0.300628931
-7.77E+01,1.92E+01,2.31E+01,1.25E-01,7.35E-01,-6.71E-02,-4.18E+01,-2.11E+02,5.66E+00,-1.93E+00,2.52E-01,1.01E-03,4.832826748,0.300628931
-7.77E+01,1.91E+01,2.30E+01,1.25E-01,7.35E-01,-6.71E-02,-4.17E+01,-2.11E+02,5.59E+00,-1.94E+00,2.52E-01,1.33E-03,4.802431611,0.302531646
-7.77E+01,1.91E+01,2.30E+01,1.25E-01,7.35E-01,-6.71E-02,-4.17E+01,-2.11E+02,5.54E+00,-1.94E+00,2.51E-01,1.50E-03,4.817073171,0.302531646
-7.76E+01,1.90E+01,2.30E+01,1.25E-01,7.35E-01,-6.71E-02,-4.17E+01,-2.11E+02,5.50E+00,-1.94E+00,2.51E-01,1.71E-03,4.817073171,0.302531646
-7.76E+01,1.90E+01,2.30E+01,1.25E-01,7.35E-01,-6.71E-02,-4.17E+01,-2.11E+02,5.50E+00,-1.94E+00,2.51E-01,1.84E-03,4.817073171,0.302531646
-7.76E+01,1.90E+01,2.30E+01,1.25E-01,7.35E-01,-6.70E-02,-4.16E+01,-2.10E+02,5.53E+00,-1.94E+00,2.51E-01,1.85E-03,4.817073171,0.301898734
-7.76E+01,1.90E+01,2.30E+01,1.25E-01,7.35E-01,-6.70E-02,-4.16E+01,-2.10E+02,5.58E+00,-1.94E+00,2.51E-01,1.72E-03,4.831804281,0.301898734
-7.76E+01,1.90E+01,2.29E+01,1.25E-01,7.36E-01,-6.70E-02,-4.16E+01,-2.10E+02,5.65E+00,-1.94E+00,2.51E-01,1.52E-03,4.831804281,0.301265823
-7.75E+01,1.90E+01,2.29E+01,1.25E-01,7.36E-01,-6.70E-02,-4.15E+01,-2.10E+02,5.73E+00,-1.94E+00,2.51E-01,1.25E-03,4.801223242,0.302547771
-7.75E+01,1.91E+01,2.29E+01,1.25E-01,7.36E-01,-6.69E-02,-4.15E+01,-2.09E+02,5.82E+00,-1.94E+00,2.51E-01,8.98E-04,4.801223242,0.301910828
-7.74E+01,1.91E+01,2.29E+01,1.25E-01,7.36E-01,-6.69E-02,-4.14E+01,-2.09E+02,5.92E+00,-1.94E+00,2.51E-01,4.66E-04,4.81595092,0.300636943
-7.74E+01,1.91E+01,2.28E+01,1.25E-01,7.36E-01,-6.69E-02,-4.14E+01,-2.08E+02,6.01E+00,-1.94E+00,2.51E-01,-1.35E-05,4.785276074,0.301923077
-7.73E+01,1.91E+01,2.28E+01,1.25E-01,7.36E-01,-6.69E-02,-4.13E+01,-2.08E+02,6.09E+00,-1.94E+00,2.51E-01,-5.19E-04,4.8,0.301282051
-7.72E+01,1.91E+01,2.28E+01,1.25E-01,7.36E-01,-6.69E-02,-4.13E+01,-2.07E+02,6.15E+00,-1.94E+00,2.51E-01,-1.02E-03,4.8,0.3
-7.72E+01,1.92E+01,2.28E+01,1.25E-01,7.36E-01,-6.69E-02,-4.12E+01,-2.07E+02,6.19E+00,-1.94E+00,2.51E-01,-1.53E-03,4.8,0.299358974
-7.71E+01,1.92E+01,2.27E+01,1.25E-01,7.36E-01,-6.69E-02,-4.12E+01,-2.07E+02,6.21E+00,-1.94E+00,2.52E-01,-2.05E-03,4.783950617,0.300645161
-7.71E+01,1.92E+01,2.27E+01,1.25E-01,7.36E-01,-6.70E-02,-4.12E+01,-2.07E+02,6.22E+00,-1.94E+00,2.52E-01,-2.56E-03,4.783950617,0.300645161
-7.70E+01,1.92E+01,2.27E+01,1.25E-01,7.36E-01,-6.70E-02,-4.12E+01,-2.07E+02,6.19E+00,-1.94E+00,2.52E-01,-3.04E-03,4.783950617,0.300645161
-7.70E+01,1.91E+01,2.27E+01,1.25E-01,7.36E-01,-6.71E-02,-4.12E+01,-2.07E+02,6.13E+00,-1.94E+00,2.53E-01,-3.45E-03,4.783950617,0.300645161
-7.70E+01,1.91E+01,2.27E+01,1.25E-01,7.36E-01,-6.71E-02,-4.12E+01,-2.07E+02,6.05E+00,-1.94E+00,2.53E-01,-3.76E-03,4.783950617,0.300645161
-7.70E+01,1.91E+01,2.28E+01,1.26E-01,7.36E-01,-6.72E-02,-4.12E+01,-2.07E+02,5.96E+00,-1.94E+00,2.53E-01,-3.96E-03,4.783950617,0.301290323
-7.70E+01,1.91E+01,2.28E+01,1.26E-01,7.36E-01,-6.73E-02,-4.12E+01,-2.07E+02,5.87E+00,-1.94E+00,2.54E-01,-4.05E-03,4.8,0.3
-7.71E+01,1.90E+01,2.28E+01,1.26E-01,7.37E-01,-6.73E-02,-4.13E+01,-2.08E+02,5.76E+00,-1.94E+00,2.54E-01,-4.02E-03,4.8,0.300641026
-7.71E+01,1.90E+01,2.29E+01,1.26E-01,7.37E-01,-6.74E-02,-4.13E+01,-2.08E+02,5.65E+00,-1.94E+00,2.54E-01,-3.86E-03,4.8,0.301282051
-7.71E+01,1.90E+01,2.29E+01,1.26E-01,7.37E-01,-6.74E-02,-4.14E+01,-2.08E+02,5.53E+00,-1.94E+00,2.54E-01,-3.61E-03,4.785276074,0.301282051
-7.71E+01,1.89E+01,2.29E+01,1.26E-01,7.37E-01,-6.74E-02,-4.14E+01,-2.09E+02,5.42E+00,-1.94E+00,2.54E-01,-3.34E-03,4.81595092,0.3
-7.72E+01,1.89E+01,2.29E+01,1.26E-01,7.37E-01,-6.75E-02,-4.14E+01,-2.09E+02,5.33E+00,-1.94E+00,2.54E-01,-3.06E-03,4.81595092,0.3
-7.72E+01,1.89E+01,2.30E+01,1.26E-01,7.37E-01,-6.75E-02,-4.15E+01,-2.09E+02,5.27E+00,-1.94E+00,2.54E-01,-2.79E-03,4.801223242,0.300636943
-7.72E+01,1.89E+01,2.30E+01,1.26E-01,7.37E-01,-6.74E-02,-4.15E+01,-2.09E+02,5.23E+00,-1.94E+00,2.54E-01,-2.61E-03,4.801223242,0.300636943
-7.72E+01,1.89E+01,2.30E+01,1.26E-01,7.37E-01,-6.74E-02,-4.15E+01,-2.09E+02,5.21E+00,-1.94E+00,2.54E-01,-2.54E-03,4.801223242,0.3
-7.72E+01,1.89E+01,2.30E+01,1.26E-01,7.37E-01,-6.74E-02,-4.16E+01,-2.09E+02,5.22E+00,-1.94E+00,2.54E-01,-2.55E-03,4.801223242,0.3
-7.72E+01,1.89E+01,2.30E+01,1.26E-01,7.37E-01,-6.73E-02,-4.16E+01,-2.08E+02,5.25E+00,-1.94E+00,2.54E-01,-2.65E-03,4.801223242,0.299363057
-7.72E+01,1.90E+01,2.30E+01,1.26E-01,7.37E-01,-6.73E-02,-4.16E+01,-2.08E+02,5.31E+00,-1.94E+00,2.53E-01,-2.79E-03,4.770642202,0.300641026
-7.72E+01,1.90E+01,2.30E+01,1.26E-01,7.37E-01,-6.72E-02,-4.16E+01,-2.08E+02,5.39E+00,-1.94E+00,2.53E-01,-2.97E-03,4.770642202,0.3
-7.71E+01,1.90E+01,2.29E+01,1.26E-01,7.37E-01,-6.72E-02,-4.15E+01,-2.08E+02,5.50E+00,-1.94E+00,2.53E-01,-3.19E-03,4.770642202,0.299358974
-7.70E+01,1.91E+01,2.29E+01,1.26E-01,7.37E-01,-6.71E-02,-4.15E+01,-2.07E+02,5.60E+00,-1.94E+00,2.53E-01,-3.41E-03,4.770642202,0.298717949
-7.70E+01,1.91E+01,2.29E+01,1.26E-01,7.37E-01,-6.71E-02,-4.15E+01,-2.07E+02,5.69E+00,-1.94E+00,2.53E-01,-3.64E-03,4.754601227,0.3
-7.69E+01,1.91E+01,2.29E+01,1.26E-01,7.37E-01,-6.71E-02,-4.14E+01,-2.07E+02,5.78E+00,-1.94E+00,2.53E-01,-3.84E-03,4.754601227,0.299354839
-7.69E+01,1.91E+01,2.29E+01,1.25E-01,7.37E-01,-6.70E-02,-4.14E+01,-2.06E+02,5.85E+00,-1.94E+00,2.54E-01,-4.04E-03,4.754601227,0.298709677
-7.69E+01,1.92E+01,2.29E+01,1.25E-01,7.37E-01,-6.70E-02,-4.14E+01,-2.06E+02,5.90E+00,-1.94E+00,2.54E-01,-4.23E-03,4.754601227,0.298709677
-7.68E+01,1.92E+01,2.28E+01,1.25E-01,7.37E-01,-6.70E-02,-4.14E+01,-2.06E+02,5.94E+00,-1.94E+00,2.54E-01,-4.44E-03,4.754601227,0.298064516
-7.68E+01,1.92E+01,2.29E+01,1.26E-01,7.37E-01,-6.70E-02,-4.14E+01,-2.06E+02,5.97E+00,-1.94E+00,2.54E-01,-4.55E-03,4.754601227,0.298064516
-7.69E+01,1.92E+01,2.29E+01,1.26E-01,7.37E-01,-6.71E-02,-4.14E+01,-2.06E+02,5.97E+00,-1.94E+00,2.54E-01,-4.63E-03,4.754601227,0.298709677
-7.69E+01,1.92E+01,2.29E+01,1.26E-01,7.37E-01,-6.71E-02,-4.14E+01,-2.06E+02,5.96E+00,-1.94E+00,2.54E-01,-4.68E-03,4.754601227,0.298709677
-7.69E+01,1.92E+01,2.29E+01,1.26E-01,7.38E-01,-6.71E-02,-4.14E+01,-2.06E+02,5.93E+00,-1.94E+00,2.55E-01,-4.68E-03,4.754601227,0.299354839
-7.70E+01,1.92E+01,2.29E+01,1.26E-01,7.38E-01,-6.71E-02,-4.14E+01,-2.07E+02,5.89E+00,-1.94E+00,2.55E-01,-4.58E-03,4.754601227,0.299354839
-7.70E+01,1.91E+01,2.29E+01,1.26E-01,7.38E-01,-6.72E-02,-4.15E+01,-2.07E+02,5.84E+00,-1.94E+00,2.55E-01,-4.44E-03,4.785276074,0.298076923
-7.71E+01,1.91E+01,2.29E+01,1.26E-01,7.38E-01,-6.72E-02,-4.15E+01,-2.07E+02,5.77E+00,-1.94E+00,2.55E-01,-4.28E-03,4.770642202,0.298717949
-7.71E+01,1.91E+01,2.30E+01,1.26E-01,7.38E-01,-6.72E-02,-4.15E+01,-2.07E+02,5.69E+00,-1.94E+00,2.55E-01,-4.11E-03,4.770642202,0.298717949
-7.72E+01,1.91E+01,2.30E+01,1.26E-01,7.38E-01,-6.73E-02,-4.15E+01,-2.08E+02,5.61E+00,-1.94E+00,2.55E-01,-3.94E-03,4.770642202,0.299358974
-7.72E+01,1.90E+01,2.30E+01,1.26E-01,7.38E-01,-6.73E-02,-4.15E+01,-2.08E+02,5.53E+00,-1.94E+00,2.55E-01,-3.82E-03,4.770642202,0.299358974
-7.73E+01,1.90E+01,2.30E+01,1.26E-01,7.38E-01,-6.73E-02,-4.15E+01,-2.08E+02,5.47E+00,-1.94E+00,2.55E-01,-3.78E-03,4.770642202,0.3
-7.73E+01,1.90E+01,2.30E+01,1.26E-01,7.38E-01,-6.74E-02,-4.16E+01,-2.08E+02,5.42E+00,-1.94E+00,2.55E-01,-3.80E-03,4.770642202,0.3
-7.73E+01,1.90E+01,2.29E+01,1.26E-01,7.38E-01,-6.74E-02,-4.16E+01,-2.08E+02,5.38E+00,-1.94E+00,2.55E-01,-3.91E-03,4.770642202,0.3
-7.73E+01,1.90E+01,2.29E+01,1.26E-01,7.38E-01,-6.74E-02,-4.15E+01,-2.08E+02,5.36E+00,-1.94E+00,2.55E-01,-4.11E-03,4.770642202,0.300641026
-7.74E+01,1.89E+01,2.29E+01,1.26E-01,7.38E-01,-6.74E-02,-4.15E+01,-2.08E+02,5.36E+00,-1.94E+00,2.55E-01,-4.36E-03,4.770642202,0.300641026
-7.74E+01,1.90E+01,2.29E+01,1.26E-01,7.38E-01,-6.74E-02,-4.15E+01,-2.08E+02,5.39E+00,-1.94E+00,2.56E-01,-4.62E-03,4.770642202,0.300641026
-7.74E+01,1.90E+01,2.29E+01,1.26E-01,7.38E-01,-6.75E-02,-4.15E+01,-2.08E+02,5.44E+00,-1.94E+00,2.56E-01,-4.79E-03,4.770642202,0.300641026
-7.73E+01,1.90E+01,2.29E+01,1.26E-01,7.38E-01,-6.74E-02,-4.15E+01,-2.08E+02,5.52E+00,-1.94E+00,2.56E-01,-5.11E-03,4.785276074,0.300641026
-7.73E+01,1.90E+01,2.29E+01,1.26E-01,7.38E-01,-6.74E-02,-4.14E+01,-2.08E+02,5.60E+00,-1.94E+00,2.56E-01,-5.31E-03,4.785276074,0.300641026
-7.73E+01,1.91E+01,2.29E+01,1.26E-01,7.37E-01,-6.74E-02,-4.14E+01,-2.08E+02,5.69E+00,-1.94E+00,2.56E-01,-5.42E-03,4.785276074,0.300641026
-7.73E+01,1.91E+01,2.29E+01,1.26E-01,7.37E-01,-6.74E-02,-4.14E+01,-2.08E+02,5.77E+00,-1.94E+00,2.56E-01,-5.49E-03,4.785276074,0.300641026
-7.73E+01,1.91E+01,2.29E+01,1.26E-01,7.37E-01,-6.74E-02,-4.13E+01,-2.08E+02,5.85E+00,-1.94E+00,2.56E-01,-5.58E-03,4.785276074,0.300641026
-7.74E+01,1.91E+01,2.29E+01,1.26E-01,7.37E-01,-6.75E-02,-4.13E+01,-2.08E+02,5.91E+00,-1.94E+00,2.56E-01,-5.64E-03,4.8,0.301282051
-7.74E+01,1.92E+01,2.29E+01,1.26E-01,7.37E-01,-6.75E-02,-4.13E+01,-2.08E+02,5.95E+00,-1.94E+00,2.56E-01,-5.65E-03,4.8,0.301282051
-7.74E+01,1.92E+01,2.29E+01,1.26E-01,7.37E-01,-6.75E-02,-4.13E+01,-2.08E+02,5.98E+00,-1.94E+00,2.56E-01,-5.61E-03,4.8,0.301282051
-7.75E+01,1.92E+01,2.29E+01,1.26E-01,7.37E-01,-6.76E-02,-4.13E+01,-2.08E+02,5.99E+00,-1.94E+00,2.57E-01,-5.53E-03,4.8,0.301282051
-7.75E+01,1.92E+01,2.29E+01,1.26E-01,7.37E-01,-6.76E-02,-4.13E+01,-2.08E+02,5.98E+00,-1.94E+00,2.57E-01,-5.37E-03,4.830769231,0.3
-7.75E+01,1.92E+01,2.29E+01,1.26E-01,7.37E-01,-6.77E-02,-4.13E+01,-2.09E+02,5.95E+00,-1.94E+00,2.57E-01,-5.22E-03,4.81595092,0.3
-7.76E+01,1.92E+01,2.29E+01,1.26E-01,7.38E-01,-6.78E-02,-4.14E+01,-2.09E+02,5.90E+00,-1.94E+00,2.57E-01,-5.09E-03,4.81595092,0.3
-7.76E+01,1.92E+01,2.30E+01,1.26E-01,7.38E-01,-6.79E-02,-4.14E+01,-2.09E+02,5.84E+00,-1.94E+00,2.57E-01,-4.85E-03,4.81595092,0.3
-7.76E+01,1.92E+01,2.30E+01,1.26E-01,7.38E-01,-6.80E-02,-4.14E+01,-2.09E+02,5.76E+00,-1.94E+00,2.57E-01,-4.66E-03,4.81595092,0.3
-7.77E+01,1.91E+01,2.30E+01,1.26E-01,7.38E-01,-6.80E-02,-4.15E+01,-2.09E+02,5.67E+00,-1.94E+00,2.57E-01,-4.48E-03,4.801223242,0.300636943
-7.77E+01,1.91E+01,2.30E+01,1.26E-01,7.38E-01,-6.81E-02,-4.15E+01,-2.09E+02,5.58E+00,-1.94E+00,2.58E-01,-4.35E-03,4.801223242,0.300636943
-7.78E+01,1.91E+01,2.30E+01,1.26E-01,7.38E-01,-6.82E-02,-4.16E+01,-2.09E+02,5.51E+00,-1.94E+00,2.58E-01,-4.27E-03,4.801223242,0.300636943
-7.78E+01,1.91E+01,2.31E+01,1.26E-01,7.38E-01,-6.82E-02,-4.16E+01,-2.09E+02,5.44E+00,-1.94E+00,2.58E-01,-4.24E-03,4.786585366,0.300636943
-7.78E+01,1.91E+01,2.31E+01,1.26E-01,7.38E-01,-6.83E-02,-4.16E+01,-2.09E+02,5.39E+00,-1.94E+00,2.58E-01,-4.27E-03,4.786585366,0.300636943
-7.78E+01,1.91E+01,2.31E+01,1.26E-01,7.38E-01,-6.83E-02,-4.16E+01,-2.09E+02,5.36E+00,-1.94E+00,2.58E-01,-4.36E-03,4.786585366,0.300636943
-7.78E+01,1.91E+01,2.30E+01,1.26E-01,7.38E-01,-6.83E-02,-4.16E+01,-2.09E+02,5.35E+00,-1.94E+00,2.58E-01,-4.51E-03,4.786585366,0.300636943
-7.77E+01,1.91E+01,2.30E+01,1.26E-01,7.38E-01,-6.84E-02,-4.16E+01,-2.09E+02,5.35E+00,-1.94E+00,2.58E-01,-4.68E-03,4.786585366,0.300636943
-7.77E+01,1.91E+01,2.30E+01,1.26E-01,7.38E-01,-6.84E-02,-4.16E+01,-2.09E+02,5.37E+00,-1.94E+00,2.58E-01,-4.89E-03,4.786585366,0.300636943
-7.77E+01,1.91E+01,2.30E+01,1.26E-01,7.38E-01,-6.84E-02,-4.16E+01,-2.09E+02,5.40E+00,-1.94E+00,2.58E-01,-5.09E-03,4.786585366,0.300636943
-7.77E+01,1.91E+01,2.30E+01,1.26E-01,7.38E-01,-6.84E-02,-4.16E+01,-2.09E+02,5.45E+00,-1.94E+00,2.58E-01,-5.27E-03,4.786585366,0.300636943
-7.76E+01,1.92E+01,2.30E+01,1.26E-01,7.38E-01,-6.84E-02,-4.16E+01,-2.09E+02,5.50E+00,-1.94E+00,2.58E-01,-5.41E-03,4.801223242,0.300636943
-7.76E+01,1.92E+01,2.30E+01,1.26E-01,7.38E-01,-6.84E-02,-4.16E+01,-2.09E+02,5.57E+00,-1.94E+00,2.58E-01,-5.51E-03,4.801223242,0.300636943
-7.76E+01,1.92E+01,2.29E+01,1.26E-01,7.38E-01,-6.84E-02,-4.15E+01,-2.09E+02,5.63E+00,-1.94E+00,2.58E-01,-5.58E-03,4.801223242,0.300636943
-7.75E+01,1.92E+01,2.29E+01,1.26E-01,7.38E-01,-6.84E-02,-4.15E+01,-2.09E+02,5.69E+00,-1.94E+00,2.58E-01,-5.66E-03,4.801223242,0.300636943
-7.75E+01,1.92E+01,2.29E+01,1.26E-01,7.38E-01,-6.84E-02,-4.15E+01,-2.09E+02,5.73E+00,-1.94E+00,2.58E-01,-5.69E-03,4.801223242,0.300636943
-7.75E+01,1.93E+01,2.29E+01,1.26E-01,7.38E-01,-6.84E-02,-4.15E+01,-2.09E+02,5.77E+00,-1.94E+00,2.58E-01,-5.65E-03,4.801223242,0.300636943
-7.75E+01,1.93E+01,2.29E+01,1.27E-01,7.38E-01,-6.85E-02,-4.15E+01,-2.09E+02,5.80E+00,-1.94E+00,2.58E-01,-5.59E-03,4.801223242,0.300636943
-7.75E+01,1.93E+01,2.29E+01,1.27E-01,7.38E-01,-6.85E-02,-4.15E+01,-2.09E+02,5.84E+00,-1.94E+00,2.58E-01,-5.49E-03,4.801223242,0.300636943
-7.75E+01,1.93E+01,2.29E+01,1.27E-01,7.38E-01,-6.85E-02,-4.15E+01,-2.09E+02,5.86E+00,-1.94E+00,2.58E-01,-5.32E-03,4.801223242,0.300636943
-7.75E+01,1.93E+01,2.29E+01,1.27E-01,7.39E-01,-6.85E-02,-4.15E+01,-2.09E+02,5.88E+00,-1.94E+00,2.59E-01,-5.08E-03,4.801223242,0.300636943
-7.75E+01,1.93E+01,2.29E+01,1.27E-01,7.39E-01,-6.85E-02,-4.15E+01,-2.09E+02,5.89E+00,-1.95E+00,2.59E-01,-4.83E-03,4.801223242,0.300636943
-7.75E+01,1.93E+01,2.29E+01,1.27E-01,7.39E-01,-6.86E-02,-4.15E+01,-2.09E+02,5.89E+00,-1.95E+00,2.59E-01,-4.60E-03,4.801223242,0.301273885
-7.75E+01,1.93E+01,2.29E+01,1.27E-01,7.39E-01,-6.86E-02,-4.15E+01,-2.09E+02,5.88E+00,-1.95E+00,2.59E-01,-4.37E-03,4.801223242,0.301273885
-7.76E+01,1.93E+01,2.30E+01,1.27E-01,7.39E-01,-6.86E-02,-4.15E+01,-2.09E+02,5.86E+00,-1.95E+00,2.59E-01,-4.17E-03,4.801223242,0.301910828
-7.76E+01,1.92E+01,2.30E+01,1.27E-01,7.39E-01,-6.87E-02,-4.15E+01,-2.10E+02,5.83E+00,-1.95E+00,2.59E-01,-4.01E-03,4.801223242,0.301910828
-7.77E+01,1.92E+01,2.30E+01,1.27E-01,7.39E-01,-6.87E-02,-4.16E+01,-2.10E+02,5.80E+00,-1.95E+00,2.59E-01,-3.91E-03,4.831804281,0.300632911
-7.77E+01,1.92E+01,2.30E+01,1.27E-01,7.39E-01,-6.87E-02,-4.16E+01,-2.10E+02,5.76E+00,-1.95E+00,2.59E-01,-3.86E-03,4.831804281,0.300632911
-7.78E+01,1.91E+01,2.30E+01,1.27E-01,7.39E-01,-6.87E-02,-4.16E+01,-2.10E+02,5.72E+00,-1.95E+00,2.59E-01,-3.87E-03,4.831804281,0.301265823
-7.78E+01,1.91E+01,2.30E+01,1.27E-01,7.39E-01,-6.87E-02,-4.16E+01,-2.10E+02,5.69E+00,-1.95E+00,2.59E-01,-3.97E-03,4.831804281,0.301265823
-7.78E+01,1.91E+01,2.30E+01,1.27E-01,7.39E-01,-6.88E-02,-4.16E+01,-2.10E+02,5.66E+00,-1.95E+00,2.58E-01,-4.11E-03,4.831804281,0.301265823
-7.78E+01,1.91E+01,2.30E+01,1.27E-01,7.39E-01,-6.87E-02,-4.16E+01,-2.10E+02,5.64E+00,-1.95E+00,2.58E-01,-4.29E-03,4.831804281,0.301265823
-7.78E+01,1.91E+01,2.30E+01,1.27E-01,7.39E-01,-6.87E-02,-4.16E+01,-2.10E+02,5.61E+00,-1.95E+00,2.58E-01,-4.49E-03,4.831804281,0.301265823
-7.78E+01,1.91E+01,2.30E+01,1.27E-01,7.39E-01,-6.87E-02,-4.15E+01,-2.10E+02,5.59E+00,-1.95E+00,2.58E-01,-4.68E-03,4.831804281,0.301265823
-7.78E+01,1.91E+01,2.30E+01,1.27E-01,7.39E-01,-6.87E-02,-4.15E+01,-2.10E+02,5.56E+00,-1.95E+00,2.58E-01,-4.86E-03,4.831804281,0.301265823
-7.78E+01,1.90E+01,2.30E+01,1.27E-01,7.39E-01,-6.87E-02,-4.15E+01,-2.10E+02,5.54E+00,-1.95E+00,2.58E-01,-4.99E-03,4.831804281,0.301265823
-7.78E+01,1.90E+01,2.30E+01,1.27E-01,7.39E-01,-6.87E-02,-4.15E+01,-2.10E+02,5.53E+00,-1.95E+00,2.58E-01,-5.08E-03,4.831804281,0.301265823
-7.78E+01,1.91E+01,2.30E+01,1.27E-01,7.39E-01,-6.86E-02,-4.15E+01,-2.10E+02,5.53E+00,-1.95E+00,2.58E-01,-5.16E-03,4.831804281,0.301265823
-7.78E+01,1.91E+01,2.30E+01,1.27E-01,7.39E-01,-6.86E-02,-4.15E+01,-2.10E+02,5.54E+00,-1.95E+00,2.58E-01,-5.21E-03,4.831804281,0.300632911
-7.78E+01,1.91E+01,2.29E+01,1.27E-01,7.39E-01,-6.86E-02,-4.15E+01,-2.10E+02,5.54E+00,-1.95E+00,2.58E-01,-5.24E-03,4.831804281,0.300632911
-7.78E+01,1.91E+01,2.29E+01,1.27E-01,7.39E-01,-6.86E-02,-4.15E+01,-2.10E+02,5.55E+00,-1.95E+00,2.58E-01,-5.21E-03,4.831804281,0.300632911
-7.77E+01,1.91E+01,2.29E+01,1.27E-01,7.39E-01,-6.85E-02,-4.14E+01,-2.10E+02,5.57E+00,-1.95E+00,2.58E-01,-5.13E-03,4.846625767,0.300632911
-7.77E+01,1.91E+01,2.29E+01,1.27E-01,7.39E-01,-6.85E-02,-4.14E+01,-2.10E+02,5.59E+00,-1.95E+00,2.58E-01,-5.01E-03,4.81595092,0.302547771
-7.77E+01,1.91E+01,2.29E+01,1.27E-01,7.40E-01,-6.85E-02,-4.14E+01,-2.10E+02,5.62E+00,-1.95E+00,2.59E-01,-4.84E-03,4.81595092,0.301910828
-7.76E+01,1.91E+01,2.29E+01,1.28E-01,7.40E-01,-6.85E-02,-4.14E+01,-2.09E+02,5.65E+00,-1.95E+00,2.59E-01,-4.66E-03,4.81595092,0.301910828
-7.76E+01,1.92E+01,2.29E+01,1.28E-01,7.40E-01,-6.85E-02,-4.14E+01,-2.09E+02,5.68E+00,-1.95E+00,2.59E-01,-4.43E-03,4.81595092,0.301910828
-7.76E+01,1.92E+01,2.29E+01,1.28E-01,7.40E-01,-6.85E-02,-4.14E+01,-2.09E+02,5.70E+00,-1.95E+00,2.59E-01,-4.22E-03,4.81595092,0.301910828
-7.75E+01,1.92E+01,2.29E+01,1.28E-01,7.40E-01,-6.86E-02,-4.14E+01,-2.09E+02,5.72E+00,-1.95E+00,2.59E-01,-4.04E-03,4.81595092,0.301910828
-7.75E+01,1.92E+01,2.29E+01,1.28E-01,7.40E-01,-6.86E-02,-4.14E+01,-2.09E+02,5.74E+00,-1.95E+00,2.59E-01,-3.87E-03,4.81595092,0.301910828
-7.75E+01,1.92E+01,2.29E+01,1.28E-01,7.40E-01,-6.87E-02,-4.13E+01,-2.09E+02,5.75E+00,-1.95E+00,2.59E-01,-3.83E-03,4.81595092,0.301910828
-7.75E+01,1.91E+01,2.29E+01,1.28E-01,7.40E-01,-6.88E-02,-4.13E+01,-2.09E+02,5.75E+00,-1.95E+00,2.59E-01,-3.81E-03,4.81595092,0.302547771
-7.76E+01,1.91E+01,2.29E+01,1.28E-01,7.40E-01,-6.89E-02,-4.14E+01,-2.09E+02,5.74E+00,-1.95E+00,2.59E-01,-3.85E-03,4.81595092,0.302547771
-7.76E+01,1.91E+01,2.29E+01,1.28E-01,7.40E-01,-6.89E-02,-4.14E+01,-2.09E+02,5.71E+00,-1.95E+00,2.59E-01,-3.95E-03,4.81595092,0.302547771
-7.76E+01,1.91E+01,2.29E+01,1.28E-01,7.40E-01,-6.90E-02,-4.14E+01,-2.09E+02,5.67E+00,-1.95E+00,2.60E-01,-4.09E-03,4.81595092,0.302547771
-7.76E+01,1.91E+01,2.29E+01,1.28E-01,7.40E-01,-6.91E-02,-4.14E+01,-2.09E+02,5.64E+00,-1.95E+00,2.60E-01,-4.21E-03,4.81595092,0.302547771
-7.76E+01,1.91E+01,2.29E+01,1.28E-01,7.39E-01,-6.92E-02,-4.14E+01,-2.09E+02,5.60E+00,-1.95E+00,2.60E-01,-4.36E-03,4.81595092,0.302547771
-7.76E+01,1.91E+01,2.29E+01,1.28E-01,7.39E-01,-6.92E-02,-4.14E+01,-2.09E+02,5.56E+00,-1.95E+00,2.60E-01,-4.57E-03,4.81595092,0.302547771
-7.76E+01,1.91E+01,2.29E+01,1.28E-01,7.39E-01,-6.93E-02,-4.14E+01,-2.09E+02,5.52E+00,-1.95E+00,2.60E-01,-4.78E-03,4.81595092,0.302547771
-7.76E+01,1.91E+01,2.29E+01,1.28E-01,7.39E-01,-6.93E-02,-4.14E+01,-2.09E+02,5.48E+00,-1.95E+00,2.60E-01,-4.96E-03,4.81595092,0.301910828
-7.76E+01,1.90E+01,2.29E+01,1.28E-01,7.39E-01,-6.93E-02,-4.14E+01,-2.09E+02,5.43E+00,-1.95E+00,2.60E-01,-5.12E-03,4.81595092,0.301910828
-7.75E+01,1.90E+01,2.29E+01,1.28E-01,7.39E-01,-6.93E-02,-4.14E+01,-2.09E+02,5.38E+00,-1.95E+00,2.60E-01,-5.25E-03,4.81595092,0.301910828
-7.75E+01,1.90E+01,2.28E+01,1.27E-01,7.39E-01,-6.93E-02,-4.14E+01,-2.09E+02,5.35E+00,-1.95E+00,2.60E-01,-5.36E-03,4.81595092,0.301910828
-7.75E+01,1.90E+01,2.28E+01,1.27E-01,7.38E-01,-6.93E-02,-4.14E+01,-2.09E+02,5.33E+00,-1.95E+00,2.59E-01,-5.43E-03,4.81595092,0.301910828
-7.74E+01,1.90E+01,2.28E+01,1.27E-01,7.39E-01,-6.92E-02,-4.14E+01,-2.09E+02,5.34E+00,-1.95E+00,2.59E-01,-5.45E-03,4.81595092,0.301273885
-7.74E+01,1.90E+01,2.28E+01,1.27E-01,7.39E-01,-6.92E-02,-4.14E+01,-2.09E+02,5.37E+00,-1.95E+00,2.59E-01,-5.39E-03,4.81595092,0.301273885
-7.74E+01,1.90E+01,2.28E+01,1.27E-01,7.39E-01,-6.92E-02,-4.14E+01,-2.09E+02,5.42E+00,-1.95E+00,2.59E-01,-5.29E-03,4.81595092,0.301273885
-7.74E+01,1.91E+01,2.28E+01,1.28E-01,7.39E-01,-6.92E-02,-4.13E+01,-2.09E+02,5.48E+00,-1.95E+00,2.59E-01,-5.10E-03,4.81595092,0.301910828
-7.74E+01,1.91E+01,2.28E+01,1.28E-01,7.39E-01,-6.91E-02,-4.13E+01,-2.09E+02,5.57E+00,-1.95E+00,2.59E-01,-4.86E-03,4.81595092,0.301910828
-7.74E+01,1.91E+01,2.28E+01,1.28E-01,7.39E-01,-6.91E-02,-4.13E+01,-2.09E+02,5.66E+00,-1.95E+00,2.60E-01,-4.58E-03,4.830769231,0.301910828
-7.74E+01,1.91E+01,2.28E+01,1.28E-01,7.40E-01,-6.91E-02,-4.13E+01,-2.09E+02,5.76E+00,-1.95E+00,2.60E-01,-4.29E-03,4.830769231,0.301910828
-7.74E+01,1.92E+01,2.28E+01,1.28E-01,7.40E-01,-6.91E-02,-4.13E+01,-2.09E+02,5.85E+00,-1.95E+00,2.60E-01,-4.01E-03,4.830769231,0.301910828
-7.75E+01,1.92E+01,2.28E+01,1.28E-01,7.40E-01,-6.91E-02,-4.13E+01,-2.09E+02,5.94E+00,-1.95E+00,2.60E-01,-3.79E-03,4.830769231,0.302547771
-7.75E+01,1.92E+01,2.28E+01,1.28E-01,7.40E-01,-6.91E-02,-4.13E+01,-2.09E+02,6.02E+00,-1.95E+00,2.60E-01,-3.62E-03,4.830769231,0.302547771
-7.76E+01,1.92E+01,2.29E+01,1.28E-01,7.40E-01,-6.91E-02,-4.13E+01,-2.10E+02,6.08E+00,-1.95E+00,2.60E-01,-3.51E-03,4.81595092,0.303184713
-7.77E+01,1.93E+01,2.29E+01,1.28E-01,7.40E-01,-6.92E-02,-4.14E+01,-2.10E+02,6.13E+00,-1.95E+00,2.60E-01,-3.49E-03,4.846625767,0.301265823
-7.78E+01,1.93E+01,2.29E+01,1.28E-01,7.40E-01,-6.92E-02,-4.14E+01,-2.10E+02,6.14E+00,-1.95E+00,2.60E-01,-3.55E-03,4.846625767,0.301898734
-7.78E+01,1.93E+01,2.29E+01,1.28E-01,7.40E-01,-6.92E-02,-4.15E+01,-2.10E+02,6.14E+00,-1.95E+00,2.60E-01,-3.69E-03,4.831804281,0.301898734
-7.79E+01,1.93E+01,2.30E+01,1.28E-01,7.40E-01,-6.92E-02,-4.15E+01,-2.10E+02,6.10E+00,-1.95E+00,2.60E-01,-3.90E-03,4.831804281,0.301898734
-7.80E+01,1.92E+01,2.30E+01,1.28E-01,7.39E-01,-6.91E-02,-4.15E+01,-2.11E+02,6.05E+00,-1.95E+00,2.60E-01,-4.10E-03,4.831804281,0.302531646
-7.80E+01,1.92E+01,2.30E+01,1.28E-01,7.39E-01,-6.91E-02,-4.16E+01,-2.11E+02,5.98E+00,-1.95E+00,2.59E-01,-4.32E-03,4.831804281,0.302531646
-7.81E+01,1.92E+01,2.30E+01,1.28E-01,7.39E-01,-6.91E-02,-4.16E+01,-2.11E+02,5.90E+00,-1.95E+00,2.59E-01,-4.54E-03,4.817073171,0.302531646
-7.81E+01,1.92E+01,2.31E+01,1.27E-01,7.39E-01,-6.90E-02,-4.16E+01,-2.11E+02,5.81E+00,-1.95E+00,2.59E-01,-4.75E-03,4.847560976,0.300628931
-7.81E+01,1.92E+01,2.31E+01,1.27E-01,7.39E-01,-6.90E-02,-4.17E+01,-2.11E+02,5.71E+00,-1.95E+00,2.59E-01,-4.91E-03,4.847560976,0.300628931
-7.81E+01,1.91E+01,2.31E+01,1.27E-01,7.38E-01,-6.89E-02,-4.17E+01,-2.11E+02,5.61E+00,-1.95E+00,2.58E-01,-5.01E-03,4.847560976,0.300628931
-7.81E+01,1.91E+01,2.31E+01,1.27E-01,7.38E-01,-6.88E-02,-4.17E+01,-2.11E+02,5.52E+00,-1.94E+00,2.58E-01,-5.12E-03,4.847560976,0.300628931
-7.81E+01,1.91E+01,2.31E+01,1.27E-01,7.38E-01,-6.88E-02,-4.17E+01,-2.11E+02,5.44E+00,-1.94E+00,2.58E-01,-5.24E-03,4.847560976,0.300628931
-7.80E+01,1.91E+01,2.31E+01,1.27E-01,7.38E-01,-6.87E-02,-4.17E+01,-2.11E+02,5.38E+00,-1.94E+00,2.57E-01,-5.30E-03,4.847560976,0.300628931
-7.80E+01,1.91E+01,2.31E+01,1.27E-01,7.38E-01,-6.86E-02,-4.16E+01,-2.11E+02,5.35E+00,-1.94E+00,2.57E-01,-5.32E-03,4.847560976,0.300628931
-7.79E+01,1.91E+01,2.30E+01,1.27E-01,7.38E-01,-6.86E-02,-4.16E+01,-2.11E+02,5.35E+00,-1.94E+00,2.57E-01,-5.26E-03,4.817073171,0.302531646
-7.79E+01,1.91E+01,2.30E+01,1.27E-01,7.38E-01,-6.85E-02,-4.16E+01,-2.11E+02,5.38E+00,-1.95E+00,2.57E-01,-5.17E-03,4.831804281,0.302531646
-7.79E+01,1.91E+01,2.30E+01,1.27E-01,7.39E-01,-6.85E-02,-4.15E+01,-2.11E+02,5.44E+00,-1.95E+00,2.56E-01,-5.04E-03,4.831804281,0.302531646
-7.78E+01,1.91E+01,2.30E+01,1.27E-01,7.39E-01,-6.84E-02,-4.15E+01,-2.10E+02,5.52E+00,-1.95E+00,2.56E-01,-4.84E-03,4.831804281,0.301898734
-7.78E+01,1.92E+01,2.29E+01,1.27E-01,7.39E-01,-6.84E-02,-4.15E+01,-2.10E+02,5.62E+00,-1.95E+00,2.56E-01,-4.61E-03,4.831804281,0.301898734
-7.77E+01,1.92E+01,2.29E+01,1.27E-01,7.39E-01,-6.84E-02,-4.14E+01,-2.10E+02,5.72E+00,-1.95E+00,2.56E-01,-4.38E-03,4.846625767,0.301898734
-7.77E+01,1.92E+01,2.29E+01,1.27E-01,7.39E-01,-6.85E-02,-4.14E+01,-2.10E+02,5.81E+00,-1.95E+00,2.56E-01,-4.17E-03,4.846625767,0.301898734
-7.77E+01,1.92E+01,2.29E+01,1.27E-01,7.39E-01,-6.85E-02,-4.14E+01,-2.10E+02,5.90E+00,-1.95E+00,2.56E-01,-4.01E-03,4.846625767,0.301898734
-7.77E+01,1.93E+01,2.29E+01,1.27E-01,7.39E-01,-6.85E-02,-4.14E+01,-2.10E+02,5.97E+00,-1.95E+00,2.57E-01,-3.88E-03,4.846625767,0.301898734
-7.77E+01,1.93E+01,2.29E+01,1.27E-01,7.39E-01,-6.86E-02,-4.14E+01,-2.10E+02,6.03E+00,-1.95E+00,2.57E-01,-3.82E-03,4.846625767,0.301898734
-7.77E+01,1.93E+01,2.29E+01,1.27E-01,7.39E-01,-6.86E-02,-4.14E+01,-2.10E+02,6.07E+00,-1.95E+00,2.57E-01,-3.82E-03,4.846625767,0.301898734
-7.78E+01,1.93E+01,2.29E+01,1.27E-01,7.40E-01,-6.87E-02,-4.14E+01,-2.10E+02,6.10E+00,-1.95E+00,2.57E-01,-3.89E-03,4.846625767,0.302531646
-7.78E+01,1.93E+01,2.29E+01,1.27E-01,7.40E-01,-6.88E-02,-4.14E+01,-2.10E+02,6.09E+00,-1.95E+00,2.57E-01,-3.95E-03,4.846625767,0.302531646
-7.78E+01,1.93E+01,2.29E+01,1.27E-01,7.39E-01,-6.88E-02,-4.14E+01,-2.10E+02,6.06E+00,-1.95E+00,2.57E-01,-4.06E-03,4.846625767,0.302531646
-7.78E+01,1.93E+01,2.29E+01,1.27E-01,7.39E-01,-6.89E-02,-4.14E+01,-2.10E+02,6.01E+00,-1.95E+00,2.57E-01,-4.20E-03,4.846625767,0.302531646
-7.78E+01,1.93E+01,2.29E+01,1.27E-01,7.39E-01,-6.90E-02,-4.15E+01,-2.11E+02,5.93E+00,-1.95E+00,2.57E-01,-4.34E-03,4.831804281,0.302531646
-7.78E+01,1.92E+01,2.29E+01,1.27E-01,7.39E-01,-6.90E-02,-4.15E+01,-2.11E+02,5.85E+00,-1.95E+00,2.57E-01,-4.48E-03,4.831804281,0.302531646
-7.78E+01,1.92E+01,2.29E+01,1.27E-01,7.39E-01,-6.90E-02,-4.15E+01,-2.11E+02,5.76E+00,-1.95E+00,2.57E-01,-4.60E-03,4.831804281,0.302531646
-7.78E+01,1.92E+01,2.29E+01,1.27E-01,7.39E-01,-6.91E-02,-4.15E+01,-2.11E+02,5.67E+00,-1.95E+00,2.58E-01,-4.67E-03,4.831804281,0.302531646
-7.78E+01,1.91E+01,2.29E+01,1.27E-01,7.39E-01,-6.91E-02,-4.15E+01,-2.11E+02,5.58E+00,-1.95E+00,2.58E-01,-4.73E-03,4.831804281,0.302531646
-7.77E+01,1.91E+01,2.29E+01,1.27E-01,7.39E-01,-6.91E-02,-4.15E+01,-2.10E+02,5.50E+00,-1.95E+00,2.58E-01,-4.79E-03,4.831804281,0.302531646
-7.77E+01,1.90E+01,2.29E+01,1.27E-01,7.40E-01,-6.91E-02,-4.14E+01,-2.10E+02,5.43E+00,-1.95E+00,2.58E-01,-4.83E-03,4.846625767,0.302531646
-7.76E+01,1.90E+01,2.29E+01,1.27E-01,7.40E-01,-6.91E-02,-4.14E+01,-2.10E+02,5.38E+00,-1.95E+00,2.58E-01,-4.89E-03,4.846625767,0.302531646
-7.75E+01,1.90E+01,2.29E+01,1.27E-01,7.40E-01,-6.91E-02,-4.14E+01,-2.10E+02,5.35E+00,-1.95E+00,2.58E-01,-4.85E-03,4.846625767,0.301898734
-7.75E+01,1.90E+01,2.28E+01,1.27E-01,7.40E-01,-6.91E-02,-4.13E+01,-2.10E+02,5.34E+00,-1.95E+00,2.58E-01,-4.79E-03,4.861538462,0.301898734
-7.75E+01,1.90E+01,2.28E+01,1.27E-01,7.40E-01,-6.91E-02,-4.13E+01,-2.10E+02,5.35E+00,-1.95E+00,2.58E-01,-4.68E-03,4.861538462,0.301898734
-7.74E+01,1.90E+01,2.28E+01,1.27E-01,7.40E-01,-6.91E-02,-4.12E+01,-2.10E+02,5.40E+00,-1.95E+00,2.58E-01,-4.51E-03,4.830769231,0.303821656
-7.74E+01,1.90E+01,2.28E+01,1.27E-01,7.40E-01,-6.91E-02,-4.12E+01,-2.09E+02,5.47E+00,-1.95E+00,2.58E-01,-4.26E-03,4.830769231,0.303184713
-7.74E+01,1.90E+01,2.28E+01,1.27E-01,7.41E-01,-6.91E-02,-4.12E+01,-2.09E+02,5.55E+00,-1.95E+00,2.58E-01,-4.04E-03,4.830769231,0.303184713
-7.74E+01,1.90E+01,2.28E+01,1.28E-01,7.41E-01,-6.91E-02,-4.12E+01,-2.09E+02,5.63E+00,-1.95E+00,2.58E-01,-3.79E-03,4.845679012,0.303184713
-7.74E+01,1.90E+01,2.28E+01,1.28E-01,7.41E-01,-6.91E-02,-4.12E+01,-2.09E+02,5.71E+00,-1.95E+00,2.58E-01,-3.59E-03,4.845679012,0.302547771
-7.75E+01,1.91E+01,2.28E+01,1.28E-01,7.41E-01,-6.91E-02,-4.12E+01,-2.09E+02,5.79E+00,-1.95E+00,2.58E-01,-3.44E-03,4.830769231,0.302547771
-7.75E+01,1.91E+01,2.28E+01,1.28E-01,7.41E-01,-6.90E-02,-4.12E+01,-2.09E+02,5.87E+00,-1.95E+00,2.58E-01,-3.35E-03,4.830769231,0.302547771
-7.76E+01,1.92E+01,2.28E+01,1.28E-01,7.41E-01,-6.90E-02,-4.13E+01,-2.09E+02,5.94E+00,-1.95E+00,2.58E-01,-3.34E-03,4.830769231,0.302547771
-7.77E+01,1.92E+01,2.29E+01,1.28E-01,7.41E-01,-6.90E-02,-4.13E+01,-2.09E+02,5.99E+00,-1.95E+00,2.58E-01,-3.42E-03,4.81595092,0.302547771
-7.77E+01,1.92E+01,2.29E+01,1.28E-01,7.40E-01,-6.89E-02,-4.14E+01,-2.09E+02,6.04E+00,-1.95E+00,2.58E-01,-3.57E-03,4.81595092,0.302547771
-7.77E+01,1.92E+01,2.29E+01,1.27E-01,7.40E-01,-6.89E-02,-4.14E+01,-2.10E+02,6.06E+00,-1.95E+00,2.58E-01,-3.77E-03,4.81595092,0.302547771
-7.78E+01,1.93E+01,2.29E+01,1.27E-01,7.40E-01,-6.89E-02,-4.15E+01,-2.10E+02,6.07E+00,-1.95E+00,2.58E-01,-3.99E-03,4.801223242,0.301910828
-7.78E+01,1.93E+01,2.29E+01,1.27E-01,7.40E-01,-6.88E-02,-4.15E+01,-2.10E+02,6.05E+00,-1.95E+00,2.58E-01,-4.24E-03,4.801223242,0.301910828
-7.78E+01,1.93E+01,2.30E+01,1.27E-01,7.40E-01,-6.88E-02,-4.15E+01,-2.10E+02,6.02E+00,-1.95E+00,2.58E-01,-4.52E-03,4.801223242,0.301910828
-7.78E+01,1.93E+01,2.30E+01,1.27E-01,7.39E-01,-6.88E-02,-4.16E+01,-2.09E+02,5.99E+00,-1.95E+00,2.57E-01,-4.83E-03,4.801223242,0.301910828
-7.78E+01,1.92E+01,2.30E+01,1.27E-01,7.39E-01,-6.87E-02,-4.16E+01,-2.09E+02,5.94E+00,-1.95E+00,2.57E-01,-5.02E-03,4.801223242,0.301273885
-7.77E+01,1.92E+01,2.30E+01,1.27E-01,7.39E-01,-6.87E-02,-4.16E+01,-2.09E+02,5.88E+00,-1.95E+00,2.57E-01,-5.22E-03,4.801223242,0.301273885
-7.77E+01,1.92E+01,2.30E+01,1.27E-01,7.39E-01,-6.87E-02,-4.16E+01,-2.09E+02,5.81E+00,-1.94E+00,2.57E-01,-5.37E-03,4.801223242,0.301273885
-7.76E+01,1.92E+01,2.30E+01,1.27E-01,7.39E-01,-6.87E-02,-4.15E+01,-2.09E+02,5.73E+00,-1.94E+00,2.57E-01,-5.56E-03,4.801223242,0.301273885
-7.76E+01,1.91E+01,2.29E+01,1.27E-01,7.39E-01,-6.87E-02,-4.15E+01,-2.09E+02,5.65E+00,-1.94E+00,2.57E-01,-5.68E-03,4.801223242,0.300636943
-7.75E+01,1.91E+01,2.29E+01,1.27E-01,7.39E-01,-6.87E-02,-4.15E+01,-2.09E+02,5.59E+00,-1.94E+00,2.57E-01,-5.81E-03,4.801223242,0.300636943
-7.75E+01,1.91E+01,2.29E+01,1.27E-01,7.39E-01,-6.87E-02,-4.15E+01,-2.09E+02,5.53E+00,-1.94E+00,2.57E-01,-5.85E-03,4.801223242,0.300636943
-7.74E+01,1.90E+01,2.29E+01,1.27E-01,7.39E-01,-6.87E-02,-4.14E+01,-2.09E+02,5.48E+00,-1.94E+00,2.57E-01,-5.84E-03,4.81595092,0.300636943
-7.74E+01,1.90E+01,2.29E+01,1.27E-01,7.39E-01,-6.87E-02,-4.14E+01,-2.09E+02,5.43E+00,-1.94E+00,2.57E-01,-5.78E-03,4.81595092,0.300636943
-7.74E+01,1.90E+01,2.28E+01,1.27E-01,7.39E-01,-6.87E-02,-4.14E+01,-2.09E+02,5.40E+00,-1.94E+00,2.58E-01,-5.62E-03,4.81595092,0.300636943
-7.74E+01,1.90E+01,2.28E+01,1.27E-01,7.39E-01,-6.88E-02,-4.13E+01,-2.08E+02,5.38E+00,-1.94E+00,2.58E-01,-5.41E-03,4.81595092,0.300636943
-7.73E+01,1.90E+01,2.28E+01,1.27E-01,7.39E-01,-6.88E-02,-4.13E+01,-2.08E+02,5.38E+00,-1.95E+00,2.58E-01,-5.18E-03,4.830769231,0.300636943
-7.73E+01,1.90E+01,2.28E+01,1.28E-01,7.40E-01,-6.88E-02,-4.13E+01,-2.08E+02,5.41E+00,-1.95E+00,2.58E-01,-4.94E-03,4.830769231,0.300636943
-7.73E+01,1.90E+01,2.28E+01,1.28E-01,7.40E-01,-6.88E-02,-4.13E+01,-2.08E+02,5.45E+00,-1.95E+00,2.58E-01,-4.72E-03,4.830769231,0.300636943
-7.73E+01,1.90E+01,2.28E+01,1.28E-01,7.40E-01,-6.88E-02,-4.13E+01,-2.08E+02,5.51E+00,-1.95E+00,2.58E-01,-4.54E-03,4.830769231,0.300636943
-7.73E+01,1.90E+01,2.28E+01,1.28E-01,7.40E-01,-6.88E-02,-4.13E+01,-2.08E+02,5.58E+00,-1.95E+00,2.58E-01,-4.37E-03,4.830769231,0.300636943
-7.74E+01,1.90E+01,2.28E+01,1.28E-01,7.40E-01,-6.88E-02,-4.13E+01,-2.08E+02,5.65E+00,-1.95E+00,2.58E-01,-4.28E-03,4.830769231,0.300636943
-7.74E+01,1.91E+01,2.28E+01,1.28E-01,7.40E-01,-6.88E-02,-4.13E+01,-2.09E+02,5.73E+00,-1.95E+00,2.59E-01,-4.29E-03,4.830769231,0.300636943
-7.74E+01,1.91E+01,2.28E+01,1.28E-01,7.40E-01,-6.88E-02,-4.13E+01,-2.09E+02,5.80E+00,-1.95E+00,2.59E-01,-4.39E-03,4.830769231,0.300636943
-7.74E+01,1.91E+01,2.28E+01,1.28E-01,7.40E-01,-6.88E-02,-4.13E+01,-2.09E+02,5.88E+00,-1.95E+00,2.59E-01,-4.52E-03,4.830769231,0.300636943
-7.74E+01,1.92E+01,2.28E+01,1.28E-01,7.40E-01,-6.88E-02,-4.13E+01,-2.09E+02,5.95E+00,-1.95E+00,2.59E-01,-4.67E-03,4.830769231,0.300636943
-7.74E+01,1.92E+01,2.28E+01,1.28E-01,7.40E-01,-6.88E-02,-4.13E+01,-2.09E+02,6.00E+00,-1.95E+00,2.59E-01,-4.86E-03,4.830769231,0.300636943
-7.74E+01,1.92E+01,2.28E+01,1.28E-01,7.40E-01,-6.88E-02,-4.13E+01,-2.09E+02,6.04E+00,-1.95E+00,2.59E-01,-5.06E-03,4.830769231,0.300636943
-7.74E+01,1.92E+01,2.28E+01,1.28E-01,7.40E-01,-6.89E-02,-4.13E+01,-2.09E+02,6.05E+00,-1.95E+00,2.59E-01,-5.21E-03,4.830769231,0.300636943
-7.74E+01,1.92E+01,2.28E+01,1.28E-01,7.40E-01,-6.89E-02,-4.13E+01,-2.09E+02,6.04E+00,-1.95E+00,2.59E-01,-5.35E-03,4.830769231,0.300636943
-7.74E+01,1.92E+01,2.28E+01,1.28E-01,7.40E-01,-6.89E-02,-4.13E+01,-2.09E+02,6.01E+00,-1.95E+00,2.59E-01,-5.45E-03,4.830769231,0.300636943
-7.74E+01,1.92E+01,2.28E+01,1.28E-01,7.40E-01,-6.90E-02,-4.13E+01,-2.09E+02,5.96E+00,-1.95E+00,2.60E-01,-5.54E-03,4.830769231,0.300636943
-7.74E+01,1.92E+01,2.28E+01,1.28E-01,7.40E-01,-6.90E-02,-4.13E+01,-2.09E+02,5.90E+00,-1.95E+00,2.60E-01,-5.61E-03,4.830769231,0.301273885
-7.74E+01,1.91E+01,2.28E+01,1.28E-01,7.40E-01,-6.91E-02,-4.13E+01,-2.09E+02,5.83E+00,-1.95E+00,2.60E-01,-5.68E-03,4.830769231,0.301273885
-7.74E+01,1.91E+01,2.28E+01,1.28E-01,7.41E-01,-6.91E-02,-4.13E+01,-2.09E+02,5.75E+00,-1.95E+00,2.60E-01,-5.67E-03,4.830769231,0.301273885
-7.74E+01,1.91E+01,2.28E+01,1.28E-01,7.41E-01,-6.92E-02,-4.13E+01,-2.09E+02,5.68E+00,-1.95E+00,2.60E-01,-5.62E-03,4.830769231,0.301273885
-7.74E+01,1.91E+01,2.29E+01,1.28E-01,7.41E-01,-6.92E-02,-4.13E+01,-2.09E+02,5.60E+00,-1.95E+00,2.60E-01,-5.50E-03,4.830769231,0.301273885
-7.75E+01,1.91E+01,2.29E+01,1.28E-01,7.41E-01,-6.92E-02,-4.13E+01,-2.09E+02,5.53E+00,-1.95E+00,2.60E-01,-5.33E-03,4.81595092,0.301273885
-7.75E+01,1.90E+01,2.29E+01,1.28E-01,7.41E-01,-6.93E-02,-4.14E+01,-2.09E+02,5.45E+00,-1.95E+00,2.60E-01,-5.11E-03,4.81595092,0.301273885
-7.75E+01,1.90E+01,2.29E+01,1.28E-01,7.41E-01,-6.93E-02,-4.14E+01,-2.09E+02,5.38E+00,-1.95E+00,2.60E-01,-4.89E-03,4.81595092,0.301910828
-7.75E+01,1.90E+01,2.29E+01,1.28E-01,7.41E-01,-6.93E-02,-4.14E+01,-2.09E+02,5.32E+00,-1.95E+00,2.60E-01,-4.68E-03,4.81595092,0.301910828
-7.75E+01,1.90E+01,2.29E+01,1.28E-01,7.41E-01,-6.93E-02,-4.14E+01,-2.09E+02,5.29E+00,-1.95E+00,2.60E-01,-4.50E-03,4.81595092,0.301910828
-7.76E+01,1.90E+01,2.29E+01,1.28E-01,7.41E-01,-6.92E-02,-4.14E+01,-2.09E+02,5.29E+00,-1.95E+00,2.60E-01,-4.31E-03,4.81595092,0.301910828
-7.76E+01,1.90E+01,2.29E+01,1.28E-01,7.41E-01,-6.92E-02,-4.15E+01,-2.09E+02,5.32E+00,-1.95E+00,2.60E-01,-4.19E-03,4.801223242,0.301910828
-7.76E+01,1.90E+01,2.29E+01,1.28E-01,7.42E-01,-6.92E-02,-4.15E+01,-2.10E+02,5.37E+00,-1.95E+00,2.60E-01,-4.10E-03,4.801223242,0.302547771
-7.77E+01,1.91E+01,2.29E+01,1.28E-01,7.42E-01,-6.91E-02,-4.15E+01,-2.10E+02,5.45E+00,-1.95E+00,2.60E-01,-4.04E-03,4.831804281,0.300632911
-7.77E+01,1.91E+01,2.29E+01,1.28E-01,7.42E-01,-6.91E-02,-4.15E+01,-2.10E+02,5.55E+00,-1.95E+00,2.60E-01,-4.07E-03,4.831804281,0.300632911
-7.77E+01,1.91E+01,2.29E+01,1.28E-01,7.41E-01,-6.91E-02,-4.15E+01,-2.10E+02,5.67E+00,-1.95E+00,2.60E-01,-4.14E-03,4.831804281,0.300632911
-7.77E+01,1.92E+01,2.29E+01,1.28E-01,7.41E-01,-6.90E-02,-4.15E+01,-2.10E+02,5.79E+00,-1.95E+00,2.60E-01,-4.27E-03,4.831804281,0.300632911
-7.77E+01,1.92E+01,2.29E+01,1.28E-01,7.41E-01,-6.90E-02,-4.15E+01,-2.10E+02,5.89E+00,-1.95E+00,2.59E-01,-4.42E-03,4.831804281,0.301265823
-7.77E+01,1.92E+01,2.29E+01,1.28E-01,7.41E-01,-6.90E-02,-4.15E+01,-2.10E+02,5.99E+00,-1.95E+00,2.59E-01,-4.62E-03,4.831804281,0.301265823
-7.77E+01,1.93E+01,2.29E+01,1.28E-01,7.41E-01,-6.90E-02,-4.14E+01,-2.10E+02,6.08E+00,-1.95E+00,2.59E-01,-4.81E-03,4.846625767,0.301265823
-7.77E+01,1.93E+01,2.29E+01,1.28E-01,7.41E-01,-6.90E-02,-4.14E+01,-2.10E+02,6.15E+00,-1.95E+00,2.59E-01,-4.94E-03,4.846625767,0.301265823
-7.77E+01,1.93E+01,2.29E+01,1.28E-01,7.41E-01,-6.91E-02,-4.14E+01,-2.10E+02,6.19E+00,-1.95E+00,2.59E-01,-5.06E-03,4.846625767,0.301265823
-7.77E+01,1.93E+01,2.29E+01,1.28E-01,7.41E-01,-6.91E-02,-4.14E+01,-2.10E+02,6.19E+00,-1.95E+00,2.59E-01,-5.19E-03,4.846625767,0.301265823
-7.77E+01,1.93E+01,2.29E+01,1.28E-01,7.41E-01,-6.91E-02,-4.15E+01,-2.10E+02,6.16E+00,-1.95E+00,2.59E-01,-5.28E-03,4.846625767,0.301265823
-7.78E+01,1.93E+01,2.30E+01,1.28E-01,7.41E-01,-6.91E-02,-4.15E+01,-2.10E+02,6.09E+00,-1.95E+00,2.59E-01,-5.37E-03,4.831804281,0.301898734
-7.78E+01,1.93E+01,2.30E+01,1.28E-01,7.41E-01,-6.91E-02,-4.15E+01,-2.10E+02,5.99E+00,-1.95E+00,2.59E-01,-5.43E-03,4.831804281,0.301898734
-7.78E+01,1.92E+01,2.30E+01,1.28E-01,7.41E-01,-6.91E-02,-4.15E+01,-2.10E+02,5.88E+00,-1.95E+00,2.59E-01,-5.42E-03,4.831804281,0.301265823
-7.79E+01,1.92E+01,2.30E+01,1.28E-01,7.41E-01,-6.91E-02,-4.16E+01,-2.10E+02,5.75E+00,-1.95E+00,2.59E-01,-5.34E-03,4.831804281,0.301265823
-7.79E+01,1.92E+01,2.31E+01,1.28E-01,7.41E-01,-6.91E-02,-4.16E+01,-2.11E+02,5.62E+00,-1.95E+00,2.59E-01,-5.21E-03,4.817073171,0.301265823
-7.79E+01,1.91E+01,2.31E+01,1.28E-01,7.41E-01,-6.91E-02,-4.17E+01,-2.11E+02,5.49E+00,-1.95E+00,2.59E-01,-5.04E-03,4.817073171,0.301265823
-7.79E+01,1.91E+01,2.31E+01,1.28E-01,7.41E-01,-6.91E-02,-4.17E+01,-2.11E+02,5.38E+00,-1.95E+00,2.59E-01,-4.84E-03,4.817073171,0.301265823
-7.79E+01,1.91E+01,2.31E+01,1.27E-01,7.41E-01,-6.91E-02,-4.17E+01,-2.11E+02,5.28E+00,-1.95E+00,2.58E-01,-4.63E-03,4.817073171,0.301265823
-7.79E+01,1.91E+01,2.31E+01,1.27E-01,7.41E-01,-6.90E-02,-4.17E+01,-2.10E+02,5.20E+00,-1.95E+00,2.58E-01,-4.39E-03,4.817073171,0.300632911
-7.78E+01,1.91E+01,2.31E+01,1.27E-01,7.41E-01,-6.90E-02,-4.17E+01,-2.10E+02,5.16E+00,-1.95E+00,2.58E-01,-4.21E-03,4.802431611,0.300632911
-7.78E+01,1.90E+01,2.31E+01,1.27E-01,7.41E-01,-6.89E-02,-4.17E+01,-2.10E+02,5.15E+00,-1.95E+00,2.58E-01,-4.05E-03,4.817073171,0.300632911
-7.77E+01,1.91E+01,2.31E+01,1.27E-01,7.41E-01,-6.89E-02,-4.17E+01,-2.10E+02,5.18E+00,-1.95E+00,2.58E-01,-3.86E-03,4.817073171,0.300632911
-7.77E+01,1.91E+01,2.30E+01,1.27E-01,7.41E-01,-6.88E-02,-4.17E+01,-2.10E+02,5.25E+00,-1.95E+00,2.58E-01,-3.73E-03,4.817073171,0.3
-7.76E+01,1.91E+01,2.30E+01,1.27E-01,7.41E-01,-6.88E-02,-4.16E+01,-2.10E+02,5.35E+00,-1.95E+00,2.58E-01,-3.66E-03,4.817073171,0.3
-7.75E+01,1.91E+01,2.29E+01,1.27E-01,7.41E-01,-6.87E-02,-4.16E+01,-2.09E+02,5.47E+00,-1.95E+00,2.58E-01,-3.59E-03,4.801223242,0.301910828
-7.75E+01,1.92E+01,2.29E+01,1.27E-01,7.41E-01,-6.87E-02,-4.15E+01,-2.09E+02,5.62E+00,-1.95E+00,2.58E-01,-3.63E-03,4.801223242,0.301910828
-7.74E+01,1.92E+01,2.29E+01,1.27E-01,7.41E-01,-6.87E-02,-4.15E+01,-2.09E+02,5.76E+00,-1.95E+00,2.58E-01,-3.68E-03,4.801223242,0.301910828
-7.73E+01,1.92E+01,2.28E+01,1.27E-01,7.40E-01,-6.88E-02,-4.14E+01,-2.09E+02,5.89E+00,-1.95E+00,2.58E-01,-3.81E-03,4.81595092,0.301910828
-7.73E+01,1.92E+01,2.28E+01,1.27E-01,7.40E-01,-6.88E-02,-4.14E+01,-2.09E+02,5.99E+00,-1.95E+00,2.59E-01,-3.96E-03,4.81595092,0.301273885
-7.72E+01,1.93E+01,2.28E+01,1.28E-01,7.40E-01,-6.89E-02,-4.13E+01,-2.09E+02,6.08E+00,-1.95E+00,2.59E-01,-4.14E-03,4.830769231,0.301273885
-7.72E+01,1.93E+01,2.27E+01,1.28E-01,7.40E-01,-6.90E-02,-4.13E+01,-2.08E+02,6.14E+00,-1.95E+00,2.59E-01,-4.29E-03,4.830769231,0.301273885
-7.71E+01,1.93E+01,2.27E+01,1.28E-01,7.40E-01,-6.90E-02,-4.12E+01,-2.08E+02,6.17E+00,-1.95E+00,2.60E-01,-4.48E-03,4.8,0.303205128
-7.71E+01,1.92E+01,2.27E+01,1.28E-01,7.40E-01,-6.91E-02,-4.12E+01,-2.08E+02,6.17E+00,-1.95E+00,2.60E-01,-4.72E-03,4.814814815,0.303205128
-7.71E+01,1.92E+01,2.27E+01,1.28E-01,7.40E-01,-6.92E-02,-4.11E+01,-2.08E+02,6.14E+00,-1.95E+00,2.60E-01,-4.96E-03,4.814814815,0.303205128
-7.71E+01,1.92E+01,2.27E+01,1.28E-01,7.40E-01,-6.93E-02,-4.11E+01,-2.08E+02,6.07E+00,-1.95E+00,2.61E-01,-5.21E-03,4.814814815,0.303205128
-7.71E+01,1.91E+01,2.27E+01,1.28E-01,7.40E-01,-6.94E-02,-4.11E+01,-2.08E+02,5.98E+00,-1.95E+00,2.61E-01,-5.44E-03,4.814814815,0.303205128
-7.71E+01,1.91E+01,2.27E+01,1.28E-01,7.40E-01,-6.95E-02,-4.11E+01,-2.08E+02,5.86E+00,-1.95E+00,2.61E-01,-5.63E-03,4.814814815,0.302564103
-7.71E+01,1.91E+01,2.27E+01,1.29E-01,7.40E-01,-6.96E-02,-4.11E+01,-2.08E+02,5.75E+00,-1.95E+00,2.62E-01,-5.75E-03,4.814814815,0.302564103
-7.72E+01,1.90E+01,2.27E+01,1.29E-01,7.40E-01,-6.96E-02,-4.12E+01,-2.08E+02,5.64E+00,-1.95E+00,2.62E-01,-5.82E-03,4.814814815,0.302564103
-7.72E+01,1.90E+01,2.27E+01,1.29E-01,7.40E-01,-6.97E-02,-4.12E+01,-2.08E+02,5.55E+00,-1.95E+00,2.62E-01,-5.83E-03,4.814814815,0.302564103
-7.73E+01,1.90E+01,2.28E+01,1.29E-01,7.40E-01,-6.98E-02,-4.12E+01,-2.08E+02,5.47E+00,-1.95E+00,2.62E-01,-5.80E-03,4.814814815,0.302564103
-7.73E+01,1.90E+01,2.28E+01,1.29E-01,7.40E-01,-6.98E-02,-4.12E+01,-2.08E+02,5.42E+00,-1.95E+00,2.62E-01,-5.70E-03,4.830769231,0.300636943
-7.73E+01,1.89E+01,2.28E+01,1.29E-01,7.41E-01,-6.98E-02,-4.12E+01,-2.08E+02,5.39E+00,-1.95E+00,2.62E-01,-5.56E-03,4.830769231,0.300636943
-7.73E+01,1.89E+01,2.28E+01,1.29E-01,7.41E-01,-6.98E-02,-4.12E+01,-2.08E+02,5.39E+00,-1.95E+00,2.62E-01,-5.38E-03,4.830769231,0.300636943
-7.73E+01,1.89E+01,2.28E+01,1.29E-01,7.41E-01,-6.98E-02,-4.12E+01,-2.08E+02,5.42E+00,-1.95E+00,2.62E-01,-5.19E-03,4.830769231,0.300636943
-7.73E+01,1.90E+01,2.28E+01,1.29E-01,7.41E-01,-6.97E-02,-4.12E+01,-2.08E+02,5.48E+00,-1.95E+00,2.62E-01,-5.02E-03,4.830769231,0.300636943
-7.73E+01,1.90E+01,2.28E+01,1.29E-01,7.41E-01,-6.96E-02,-4.12E+01,-2.08E+02,5.55E+00,-1.95E+00,2.62E-01,-4.89E-03,4.830769231,0.300636943
-7.74E+01,1.90E+01,2.28E+01,1.29E-01,7.41E-01,-6.96E-02,-4.12E+01,-2.09E+02,5.63E+00,-1.95E+00,2.61E-01,-4.80E-03,4.830769231,0.300636943
-7.74E+01,1.91E+01,2.28E+01,1.29E-01,7.41E-01,-6.95E-02,-4.12E+01,-2.09E+02,5.73E+00,-1.95E+00,2.61E-01,-4.73E-03,4.830769231,0.301273885
-7.74E+01,1.91E+01,2.28E+01,1.28E-01,7.41E-01,-6.94E-02,-4.13E+01,-2.09E+02,5.82E+00,-1.95E+00,2.61E-01,-4.71E-03,4.830769231,0.301273885
-7.74E+01,1.91E+01,2.28E+01,1.28E-01,7.41E-01,-6.93E-02,-4.13E+01,-2.09E+02,5.92E+00,-1.95E+00,2.61E-01,-4.72E-03,4.830769231,0.301273885
-7.74E+01,1.92E+01,2.28E+01,1.28E-01,7.41E-01,-6.92E-02,-4.13E+01,-2.09E+02,6.00E+00,-1.95E+00,2.60E-01,-4.75E-03,4.830769231,0.301273885
-7.75E+01,1.92E+01,2.29E+01,1.28E-01,7.41E-01,-6.91E-02,-4.13E+01,-2.09E+02,6.06E+00,-1.95E+00,2.60E-01,-4.80E-03,4.830769231,0.301273885
-7.75E+01,1.92E+01,2.29E+01,1.28E-01,7.40E-01,-6.90E-02,-4.13E+01,-2.09E+02,6.10E+00,-1.95E+00,2.60E-01,-4.87E-03,4.81595092,0.301273885
-7.75E+01,1.93E+01,2.29E+01,1.28E-01,7.40E-01,-6.90E-02,-4.14E+01,-2.09E+02,6.13E+00,-1.95E+00,2.59E-01,-4.97E-03,4.81595092,0.301910828
-7.75E+01,1.93E+01,2.29E+01,1.28E-01,7.40E-01,-6.89E-02,-4.14E+01,-2.09E+02,6.15E+00,-1.95E+00,2.59E-01,-5.11E-03,4.81595092,0.301910828
-7.76E+01,1.93E+01,2.29E+01,1.28E-01,7.40E-01,-6.88E-02,-4.14E+01,-2.09E+02,6.15E+00,-1.95E+00,2.59E-01,-5.26E-03,4.81595092,0.301910828
-7.76E+01,1.93E+01,2.30E+01,1.28E-01,7.40E-01,-6.88E-02,-4.15E+01,-2.09E+02,6.12E+00,-1.95E+00,2.59E-01,-5.37E-03,4.801223242,0.301910828
-7.76E+01,1.93E+01,2.30E+01,1.27E-01,7.40E-01,-6.87E-02,-4.15E+01,-2.10E+02,6.09E+00,-1.95E+00,2.58E-01,-5.48E-03,4.801223242,0.301910828
-7.76E+01,1.93E+01,2.30E+01,1.27E-01,7.40E-01,-6.87E-02,-4.16E+01,-2.10E+02,6.05E+00,-1.95E+00,2.58E-01,-5.55E-03,4.831804281,0.3
-7.76E+01,1.93E+01,2.30E+01,1.27E-01,7.40E-01,-6.86E-02,-4.16E+01,-2.10E+02,6.00E+00,-1.95E+00,2.58E-01,-5.60E-03,4.831804281,0.3
-7.76E+01,1.93E+01,2.30E+01,1.27E-01,7.40E-01,-6.86E-02,-4.16E+01,-2.10E+02,5.94E+00,-1.95E+00,2.58E-01,-5.65E-03,4.817073171,0.3
-7.76E+01,1.92E+01,2.30E+01,1.27E-01,7.40E-01,-6.86E-02,-4.16E+01,-2.10E+02,5.88E+00,-1.95E+00,2.58E-01,-5.68E-03,4.817073171,0.3
-7.75E+01,1.92E+01,2.30E+01,1.27E-01,7.40E-01,-6.86E-02,-4.16E+01,-2.10E+02,5.80E+00,-1.95E+00,2.58E-01,-5.69E-03,4.817073171,0.3
-7.75E+01,1.92E+01,2.30E+01,1.27E-01,7.40E-01,-6.86E-02,-4.16E+01,-2.10E+02,5.72E+00,-1.95E+00,2.58E-01,-5.65E-03,4.817073171,0.3
-7.75E+01,1.91E+01,2.30E+01,1.27E-01,7.40E-01,-6.87E-02,-4.16E+01,-2.10E+02,5.65E+00,-1.95E+00,2.58E-01,-5.60E-03,4.831804281,0.3
-7.75E+01,1.91E+01,2.29E+01,1.27E-01,7.40E-01,-6.87E-02,-4.15E+01,-2.10E+02,5.59E+00,-1.95E+00,2.58E-01,-5.53E-03,4.801223242,0.302547771
-7.74E+01,1.91E+01,2.29E+01,1.27E-01,7.40E-01,-6.88E-02,-4.15E+01,-2.10E+02,5.55E+00,-1.95E+00,2.58E-01,-5.44E-03,4.801223242,0.302547771
-7.74E+01,1.91E+01,2.29E+01,1.27E-01,7.40E-01,-6.88E-02,-4.15E+01,-2.09E+02,5.51E+00,-1.95E+00,2.58E-01,-5.29E-03,4.801223242,0.302547771
-7.74E+01,1.90E+01,2.29E+01,1.27E-01,7.41E-01,-6.89E-02,-4.14E+01,-2.09E+02,5.47E+00,-1.95E+00,2.58E-01,-5.11E-03,4.81595092,0.302547771
-7.73E+01,1.90E+01,2.29E+01,1.28E-01,7.41E-01,-6.90E-02,-4.14E+01,-2.09E+02,5.44E+00,-1.95E+00,2.59E-01,-4.92E-03,4.81595092,0.302547771
-7.73E+01,1.90E+01,2.28E+01,1.28E-01,7.41E-01,-6.91E-02,-4.13E+01,-2.09E+02,5.42E+00,-1.95E+00,2.59E-01,-4.69E-03,4.830769231,0.302547771
-7.73E+01,1.90E+01,2.28E+01,1.28E-01,7.41E-01,-6.92E-02,-4.13E+01,-2.09E+02,5.41E+00,-1.95E+00,2.59E-01,-4.45E-03,4.830769231,0.302547771
-7.73E+01,1.90E+01,2.28E+01,1.28E-01,7.41E-01,-6.92E-02,-4.13E+01,-2.09E+02,5.41E+00,-1.95E+00,2.59E-01,-4.18E-03,4.830769231,0.302547771
-7.74E+01,1.90E+01,2.28E+01,1.28E-01,7.41E-01,-6.93E-02,-4.13E+01,-2.09E+02,5.43E+00,-1.95E+00,2.59E-01,-3.93E-03,4.830769231,0.302547771
-7.74E+01,1.90E+01,2.29E+01,1.28E-01,7.41E-01,-6.93E-02,-4.13E+01,-2.10E+02,5.46E+00,-1.95E+00,2.59E-01,-3.71E-03,4.830769231,0.302547771
-7.74E+01,1.90E+01,2.29E+01,1.28E-01,7.41E-01,-6.93E-02,-4.13E+01,-2.10E+02,5.50E+00,-1.95E+00,2.59E-01,-3.50E-03,4.830769231,0.303184713
-7.75E+01,1.90E+01,2.29E+01,1.28E-01,7.41E-01,-6.93E-02,-4.13E+01,-2.10E+02,5.55E+00,-1.95E+00,2.59E-01,-3.31E-03,4.861538462,0.301265823
-7.75E+01,1.91E+01,2.29E+01,1.28E-01,7.41E-01,-6.92E-02,-4.13E+01,-2.10E+02,5.62E+00,-1.95E+00,2.59E-01,-3.16E-03,4.861538462,0.301265823
-7.75E+01,1.91E+01,2.29E+01,1.28E-01,7.41E-01,-6.92E-02,-4.13E+01,-2.10E+02,5.68E+00,-1.95E+00,2.59E-01,-3.05E-03,4.861538462,0.301265823
-7.75E+01,1.91E+01,2.29E+01,1.28E-01,7.41E-01,-6.92E-02,-4.13E+01,-2.10E+02,5.76E+00,-1.95E+00,2.59E-01,-3.01E-03,4.861538462,0.301898734
-7.76E+01,1.92E+01,2.29E+01,1.28E-01,7.41E-01,-6.91E-02,-4.13E+01,-2.10E+02,5.83E+00,-1.95E+00,2.59E-01,-3.00E-03,4.846625767,0.301898734
-7.76E+01,1.92E+01,2.29E+01,1.28E-01,7.41E-01,-6.91E-02,-4.13E+01,-2.10E+02,5.90E+00,-1.95E+00,2.58E-01,-3.03E-03,4.846625767,0.301898734
-7.75E+01,1.92E+01,2.29E+01,1.27E-01,7.41E-01,-6.90E-02,-4.13E+01,-2.10E+02,5.96E+00,-1.95E+00,2.58E-01,-3.12E-03,4.846625767,0.301898734
-7.75E+01,1.92E+01,2.29E+01,1.27E-01,7.41E-01,-6.89E-02,-4.13E+01,-2.10E+02,6.00E+00,-1.95E+00,2.58E-01,-3.24E-03,4.861538462,0.301898734
-7.75E+01,1.92E+01,2.29E+01,1.27E-01,7.41E-01,-6.89E-02,-4.13E+01,-2.10E+02,6.01E+00,-1.95E+00,2.58E-01,-3.38E-03,4.861538462,0.301898734
-7.75E+01,1.92E+01,2.29E+01,1.27E-01,7.40E-01,-6.89E-02,-4.13E+01,-2.10E+02,6.01E+00,-1.95E+00,2.58E-01,-3.52E-03,4.861538462,0.301898734
-7.74E+01,1.92E+01,2.28E+01,1.27E-01,7.40E-01,-6.88E-02,-4.13E+01,-2.10E+02,6.00E+00,-1.95E+00,2.58E-01,-3.72E-03,4.861538462,0.301898734
-7.74E+01,1.92E+01,2.28E+01,1.27E-01,7.40E-01,-6.88E-02,-4.13E+01,-2.10E+02,5.98E+00,-1.95E+00,2.58E-01,-3.95E-03,4.861538462,0.301898734
-7.74E+01,1.92E+01,2.28E+01,1.27E-01,7.40E-01,-6.88E-02,-4.13E+01,-2.10E+02,5.94E+00,-1.95E+00,2.58E-01,-4.16E-03,4.861538462,0.301898734
-7.74E+01,1.92E+01,2.28E+01,1.27E-01,7.40E-01,-6.88E-02,-4.13E+01,-2.10E+02,5.87E+00,-1.95E+00,2.58E-01,-4.34E-03,4.861538462,0.301898734
-7.74E+01,1.91E+01,2.28E+01,1.27E-01,7.40E-01,-6.88E-02,-4.13E+01,-2.10E+02,5.79E+00,-1.95E+00,2.58E-01,-4.51E-03,4.861538462,0.301898734
-7.74E+01,1.91E+01,2.28E+01,1.27E-01,7.40E-01,-6.88E-02,-4.13E+01,-2.10E+02,5.72E+00,-1.95E+00,2.58E-01,-4.63E-03,4.846625767,0.301898734
-7.74E+01,1.91E+01,2.29E+01,1.27E-01,7.39E-01,-6.88E-02,-4.14E+01,-2.10E+02,5.64E+00,-1.95E+00,2.58E-01,-4.71E-03,4.846625767,0.301898734
-7.75E+01,1.91E+01,2.29E+01,1.27E-01,7.39E-01,-6.88E-02,-4.14E+01,-2.10E+02,5.56E+00,-1.95E+00,2.58E-01,-4.74E-03,4.846625767,0.301898734
-7.75E+01,1.91E+01,2.29E+01,1.27E-01,7.39E-01,-6.88E-02,-4.15E+01,-2.10E+02,5.48E+00,-1.95E+00,2.58E-01,-4.73E-03,4.846625767,0.301898734
-7.75E+01,1.91E+01,2.29E+01,1.27E-01,7.39E-01,-6.88E-02,-4.15E+01,-2.10E+02,5.40E+00,-1.95E+00,2.58E-01,-4.66E-03,4.831804281,0.301898734
-7.75E+01,1.91E+01,2.30E+01,1.27E-01,7.39E-01,-6.88E-02,-4.15E+01,-2.10E+02,5.32E+00,-1.95E+00,2.58E-01,-4.56E-03,4.831804281,0.301898734
-7.76E+01,1.91E+01,2.30E+01,1.27E-01,7.39E-01,-6.87E-02,-4.16E+01,-2.10E+02,5.27E+00,-1.95E+00,2.58E-01,-4.42E-03,4.831804281,0.301898734
-7.76E+01,1.91E+01,2.30E+01,1.27E-01,7.40E-01,-6.87E-02,-4.16E+01,-2.10E+02,5.24E+00,-1.95E+00,2.58E-01,-4.23E-03,4.817073171,0.301898734
-7.76E+01,1.91E+01,2.30E+01,1.27E-01,7.40E-01,-6.87E-02,-4.16E+01,-2.10E+02,5.26E+00,-1.95E+00,2.58E-01,-3.99E-03,4.817073171,0.301265823
-7.76E+01,1.91E+01,2.30E+01,1.27E-01,7.40E-01,-6.87E-02,-4.17E+01,-2.10E+02,5.30E+00,-1.95E+00,2.58E-01,-3.71E-03,4.817073171,0.301265823
-7.76E+01,1.91E+01,2.30E+01,1.27E-01,7.40E-01,-6.87E-02,-4.17E+01,-2.10E+02,5.38E+00,-1.95E+00,2.58E-01,-3.47E-03,4.817073171,0.301265823
-7.76E+01,1.91E+01,2.30E+01,1.27E-01,7.40E-01,-6.87E-02,-4.16E+01,-2.10E+02,5.48E+00,-1.95E+00,2.58E-01,-3.23E-03,4.817073171,0.301265823
-7.75E+01,1.92E+01,2.30E+01,1.28E-01,7.40E-01,-6.87E-02,-4.16E+01,-2.10E+02,5.60E+00,-1.95E+00,2.58E-01,-3.01E-03,4.817073171,0.301265823
-7.75E+01,1.92E+01,2.30E+01,1.28E-01,7.40E-01,-6.87E-02,-4.16E+01,-2.10E+02,5.73E+00,-1.95E+00,2.58E-01,-2.83E-03,4.831804281,0.301265823
-7.75E+01,1.92E+01,2.29E+01,1.28E-01,7.40E-01,-6.86E-02,-4.15E+01,-2.10E+02,5.85E+00,-1.95E+00,2.58E-01,-2.70E-03,4.831804281,0.301265823
-7.74E+01,1.92E+01,2.29E+01,1.28E-01,7.40E-01,-6.86E-02,-4.15E+01,-2.10E+02,5.97E+00,-1.95E+00,2.58E-01,-2.61E-03,4.846625767,0.301265823
-7.74E+01,1.92E+01,2.29E+01,1.28E-01,7.40E-01,-6.86E-02,-4.14E+01,-2.10E+02,6.08E+00,-1.95E+00,2.58E-01,-2.58E-03,4.81595092,0.303184713
-7.73E+01,1.92E+01,2.28E+01,1.28E-01,7.40E-01,-6.86E-02,-4.13E+01,-2.09E+02,6.19E+00,-1.95E+00,2.58E-01,-2.61E-03,4.830769231,0.302547771
-7.73E+01,1.92E+01,2.28E+01,1.28E-01,7.40E-01,-6.87E-02,-4.13E+01,-2.09E+02,6.27E+00,-1.95E+00,2.58E-01,-2.68E-03,4.830769231,0.302547771
-7.73E+01,1.92E+01,2.28E+01,1.28E-01,7.40E-01,-6.87E-02,-4.12E+01,-2.09E+02,6.31E+00,-1.95E+00,2.58E-01,-2.78E-03,4.830769231,0.302547771
-7.72E+01,1.92E+01,2.27E+01,1.28E-01,7.40E-01,-6.87E-02,-4.12E+01,-2.09E+02,6.32E+00,-1.95E+00,2.58E-01,-2.99E-03,4.845679012,0.302547771
-7.72E+01,1.92E+01,2.27E+01,1.28E-01,7.40E-01,-6.88E-02,-4.11E+01,-2.09E+02,6.29E+00,-1.95E+00,2.59E-01,-3.18E-03,4.845679012,0.302547771
-7.72E+01,1.91E+01,2.27E+01,1.28E-01,7.40E-01,-6.88E-02,-4.11E+01,-2.09E+02,6.24E+00,-1.95E+00,2.59E-01,-3.38E-03,4.845679012,0.301910828
-7.72E+01,1.91E+01,2.27E+01,1.28E-01,7.40E-01,-6.89E-02,-4.11E+01,-2.09E+02,6.16E+00,-1.95E+00,2.59E-01,-3.59E-03,4.845679012,0.301910828
-7.72E+01,1.90E+01,2.27E+01,1.28E-01,7.40E-01,-6.89E-02,-4.11E+01,-2.08E+02,6.05E+00,-1.95E+00,2.59E-01,-3.82E-03,4.845679012,0.301910828
-7.72E+01,1.90E+01,2.27E+01,1.28E-01,7.40E-01,-6.90E-02,-4.11E+01,-2.08E+02,5.92E+00,-1.95E+00,2.59E-01,-4.05E-03,4.845679012,0.301273885
-7.72E+01,1.90E+01,2.27E+01,1.28E-01,7.39E-01,-6.90E-02,-4.11E+01,-2.08E+02,5.79E+00,-1.95E+00,2.59E-01,-4.23E-03,4.845679012,0.301273885
-7.72E+01,1.89E+01,2.27E+01,1.28E-01,7.39E-01,-6.91E-02,-4.11E+01,-2.08E+02,5.68E+00,-1.95E+00,2.59E-01,-4.39E-03,4.845679012,0.301273885
-7.72E+01,1.89E+01,2.27E+01,1.28E-01,7.39E-01,-6.91E-02,-4.11E+01,-2.08E+02,5.57E+00,-1.95E+00,2.59E-01,-4.53E-03,4.845679012,0.300636943
-7.72E+01,1.89E+01,2.28E+01,1.28E-01,7.39E-01,-6.91E-02,-4.12E+01,-2.08E+02,5.49E+00,-1.95E+00,2.59E-01,-4.64E-03,4.814814815,0.302564103
-7.72E+01,1.89E+01,2.28E+01,1.27E-01,7.39E-01,-6.91E-02,-4.12E+01,-2.08E+02,5.42E+00,-1.95E+00,2.59E-01,-4.72E-03,4.8,0.302564103
-7.72E+01,1.89E+01,2.28E+01,1.27E-01,7.39E-01,-6.91E-02,-4.12E+01,-2.08E+02,5.38E+00,-1.95E+00,2.59E-01,-4.76E-03,4.8,0.302564103
-7.72E+01,1.89E+01,2.28E+01,1.27E-01,7.39E-01,-6.90E-02,-4.13E+01,-2.08E+02,5.38E+00,-1.95E+00,2.58E-01,-4.76E-03,4.8,0.301923077
-7.72E+01,1.90E+01,2.28E+01,1.27E-01,7.39E-01,-6.90E-02,-4.13E+01,-2.08E+02,5.42E+00,-1.95E+00,2.58E-01,-4.71E-03,4.8,0.301923077
-7.72E+01,1.90E+01,2.28E+01,1.27E-01,7.39E-01,-6.89E-02,-4.13E+01,-2.08E+02,5.50E+00,-1.95E+00,2.58E-01,-4.67E-03,4.785276074,0.301923077
-7.72E+01,1.91E+01,2.28E+01,1.27E-01,7.39E-01,-6.89E-02,-4.14E+01,-2.08E+02,5.58E+00,-1.95E+00,2.58E-01,-4.58E-03,4.785276074,0.301923077
-7.72E+01,1.91E+01,2.28E+01,1.27E-01,7.39E-01,-6.88E-02,-4.14E+01,-2.08E+02,5.68E+00,-1.95E+00,2.58E-01,-4.45E-03,4.785276074,0.301923077
-7.72E+01,1.92E+01,2.28E+01,1.27E-01,7.39E-01,-6.88E-02,-4.14E+01,-2.08E+02,5.78E+00,-1.95E+00,2.58E-01,-4.32E-03,4.785276074,0.301282051
-7.71E+01,1.92E+01,2.28E+01,1.27E-01,7.39E-01,-6.88E-02,-4.13E+01,-2.08E+02,5.88E+00,-1.95E+00,2.58E-01,-4.16E-03,4.785276074,0.301282051
-7.71E+01,1.93E+01,2.28E+01,1.27E-01,7.39E-01,-6.88E-02,-4.13E+01,-2.08E+02,5.97E+00,-1.95E+00,2.58E-01,-4.00E-03,4.785276074,0.301282051
-7.71E+01,1.93E+01,2.28E+01,1.27E-01,7.39E-01,-6.87E-02,-4.13E+01,-2.08E+02,6.04E+00,-1.95E+00,2.58E-01,-3.84E-03,4.8,0.301282051
-7.71E+01,1.93E+01,2.28E+01,1.27E-01,7.39E-01,-6.87E-02,-4.13E+01,-2.08E+02,6.10E+00,-1.95E+00,2.58E-01,-3.67E-03,4.8,0.301282051
-7.71E+01,1.93E+01,2.28E+01,1.27E-01,7.39E-01,-6.87E-02,-4.13E+01,-2.08E+02,6.14E+00,-1.95E+00,2.58E-01,-3.52E-03,4.8,0.301282051
-7.71E+01,1.93E+01,2.28E+01,1.27E-01,7.39E-01,-6.87E-02,-4.12E+01,-2.08E+02,6.15E+00,-1.95E+00,2.58E-01,-3.38E-03,4.8,0.301282051
-7.71E+01,1.93E+01,2.28E+01,1.27E-01,7.39E-01,-6.88E-02,-4.12E+01,-2.08E+02,6.13E+00,-1.95E+00,2.59E-01,-3.25E-03,4.8,0.301282051
-7.71E+01,1.92E+01,2.28E+01,1.27E-01,7.39E-01,-6.88E-02,-4.12E+01,-2.08E+02,6.09E+00,-1.95E+00,2.59E-01,-3.14E-03,4.8,0.301282051
-7.71E+01,1.92E+01,2.28E+01,1.27E-01,7.39E-01,-6.88E-02,-4.12E+01,-2.08E+02,6.03E+00,-1.95E+00,2.59E-01,-3.09E-03,4.8,0.301282051
-7.71E+01,1.92E+01,2.28E+01,1.27E-01,7.39E-01,-6.88E-02,-4.12E+01,-2.08E+02,5.95E+00,-1.95E+00,2.59E-01,-3.08E-03,4.8,0.301282051
-7.71E+01,1.91E+01,2.28E+01,1.27E-01,7.39E-01,-6.89E-02,-4.12E+01,-2.08E+02,5.87E+00,-1.95E+00,2.59E-01,-3.11E-03,4.8,0.301282051
-7.72E+01,1.91E+01,2.28E+01,1.27E-01,7.39E-01,-6.89E-02,-4.12E+01,-2.08E+02,5.79E+00,-1.95E+00,2.59E-01,-3.18E-03,4.8,0.301923077
-7.72E+01,1.90E+01,2.28E+01,1.27E-01,7.39E-01,-6.89E-02,-4.12E+01,-2.08E+02,5.71E+00,-1.95E+00,2.59E-01,-3.27E-03,4.8,0.301923077
-7.72E+01,1.90E+01,2.28E+01,1.27E-01,7.39E-01,-6.89E-02,-4.13E+01,-2.08E+02,5.64E+00,-1.94E+00,2.59E-01,-3.36E-03,4.8,0.301923077
-7.72E+01,1.90E+01,2.28E+01,1.27E-01,7.39E-01,-6.90E-02,-4.13E+01,-2.08E+02,5.58E+00,-1.94E+00,2.59E-01,-3.44E-03,4.830769231,0.3
-7.72E+01,1.89E+01,2.28E+01,1.27E-01,7.39E-01,-6.90E-02,-4.13E+01,-2.08E+02,5.54E+00,-1.94E+00,2.59E-01,-3.56E-03,4.830769231,0.300636943
-7.72E+01,1.89E+01,2.28E+01,1.27E-01,7.39E-01,-6.90E-02,-4.13E+01,-2.09E+02,5.52E+00,-1.94E+00,2.59E-01,-3.72E-03,4.830769231,0.300636943
-7.72E+01,1.89E+01,2.28E+01,1.27E-01,7.39E-01,-6.89E-02,-4.13E+01,-2.09E+02,5.52E+00,-1.94E+00,2.59E-01,-3.86E-03,4.830769231,0.300636943
-7.72E+01,1.89E+01,2.28E+01,1.27E-01,7.39E-01,-6.89E-02,-4.13E+01,-2.09E+02,5.52E+00,-1.94E+00,2.59E-01,-3.99E-03,4.830769231,0.300636943
-7.72E+01,1.89E+01,2.28E+01,1.27E-01,7.39E-01,-6.89E-02,-4.13E+01,-2.09E+02,5.55E+00,-1.94E+00,2.59E-01,-4.10E-03,4.830769231,0.300636943
-7.72E+01,1.89E+01,2.28E+01,1.27E-01,7.39E-01,-6.88E-02,-4.13E+01,-2.09E+02,5.59E+00,-1.94E+00,2.59E-01,-4.20E-03,4.830769231,0.300636943
-7.72E+01,1.90E+01,2.28E+01,1.27E-01,7.39E-01,-6.88E-02,-4.13E+01,-2.09E+02,5.66E+00,-1.94E+00,2.58E-01,-4.34E-03,4.830769231,0.300636943
-7.72E+01,1.90E+01,2.28E+01,1.27E-01,7.39E-01,-6.87E-02,-4.13E+01,-2.09E+02,5.73E+00,-1.94E+00,2.58E-01,-4.49E-03,4.830769231,0.301273885
-7.72E+01,1.91E+01,2.29E+01,1.27E-01,7.39E-01,-6.87E-02,-4.13E+01,-2.09E+02,5.79E+00,-1.94E+00,2.58E-01,-4.61E-03,4.81595092,0.301273885
-7.72E+01,1.91E+01,2.29E+01,1.27E-01,7.39E-01,-6.87E-02,-4.13E+01,-2.09E+02,5.84E+00,-1.94E+00,2.58E-01,-4.72E-03,4.81595092,0.300636943
-7.72E+01,1.91E+01,2.29E+01,1.27E-01,7.39E-01,-6.86E-02,-4.13E+01,-2.09E+02,5.88E+00,-1.94E+00,2.58E-01,-4.72E-03,4.81595092,0.300636943
-7.72E+01,1.91E+01,2.29E+01,1.27E-01,7.39E-01,-6.86E-02,-4.14E+01,-2.09E+02,5.92E+00,-1.94E+00,2.58E-01,-4.74E-03,4.81595092,0.300636943
-7.72E+01,1.92E+01,2.29E+01,1.27E-01,7.39E-01,-6.86E-02,-4.14E+01,-2.09E+02,5.94E+00,-1.94E+00,2.58E-01,-4.76E-03,4.81595092,0.300636943
-7.72E+01,1.92E+01,2.29E+01,1.27E-01,7.39E-01,-6.86E-02,-4.14E+01,-2.09E+02,5.94E+00,-1.95E+00,2.58E-01,-4.75E-03,4.81595092,0.300636943
-7.72E+01,1.92E+01,2.29E+01,1.27E-01,7.39E-01,-6.86E-02,-4.14E+01,-2.09E+02,5.94E+00,-1.95E+00,2.58E-01,-4.68E-03,4.81595092,0.300636943
-7.72E+01,1.92E+01,2.29E+01,1.27E-01,7.39E-01,-6.86E-02,-4.14E+01,-2.09E+02,5.92E+00,-1.95E+00,2.58E-01,-4.60E-03,4.81595092,0.3
-7.72E+01,1.92E+01,2.29E+01,1.27E-01,7.40E-01,-6.86E-02,-4.14E+01,-2.09E+02,5.89E+00,-1.95E+00,2.58E-01,-4.47E-03,4.81595092,0.3
-7.72E+01,1.92E+01,2.29E+01,1.27E-01,7.40E-01,-6.86E-02,-4.14E+01,-2.09E+02,5.86E+00,-1.95E+00,2.58E-01,-4.36E-03,4.81595092,0.3
-7.73E+01,1.92E+01,2.29E+01,1.27E-01,7.40E-01,-6.86E-02,-4.14E+01,-2.09E+02,5.82E+00,-1.95E+00,2.58E-01,-4.25E-03,4.81595092,0.3
-7.73E+01,1.91E+01,2.29E+01,1.27E-01,7.39E-01,-6.86E-02,-4.14E+01,-2.09E+02,5.78E+00,-1.95E+00,2.58E-01,-4.12E-03,4.81595092,0.300636943
-7.73E+01,1.91E+01,2.29E+01,1.27E-01,7.39E-01,-6.87E-02,-4.14E+01,-2.09E+02,5.73E+00,-1.95E+00,2.58E-01,-4.03E-03,4.81595092,0.300636943
-7.73E+01,1.91E+01,2.29E+01,1.27E-01,7.39E-01,-6.87E-02,-4.14E+01,-2.09E+02,5.68E+00,-1.95E+00,2.58E-01,-3.99E-03,4.81595092,0.300636943
-7.73E+01,1.91E+01,2.29E+01,1.27E-01,7.39E-01,-6.87E-02,-4.14E+01,-2.09E+02,5.63E+00,-1.95E+00,2.58E-01,-3.96E-03,4.81595092,0.300636943
-7.73E+01,1.91E+01,2.29E+01,1.27E-01,7.39E-01,-6.87E-02,-4.14E+01,-2.09E+02,5.59E+00,-1.95E+00,2.58E-01,-3.95E-03,4.81595092,0.300636943
-7.73E+01,1.91E+01,2.29E+01,1.27E-01,7.39E-01,-6.87E-02,-4.14E+01,-2.09E+02,5.55E+00,-1.95E+00,2.58E-01,-3.98E-03,4.81595092,0.301273885
-7.73E+01,1.90E+01,2.29E+01,1.27E-01,7.39E-01,-6.88E-02,-4.14E+01,-2.09E+02,5.52E+00,-1.95E+00,2.58E-01,-3.99E-03,4.81595092,0.301273885
-7.72E+01,1.90E+01,2.28E+01,1.27E-01,7.39E-01,-6.88E-02,-4.14E+01,-2.09E+02,5.50E+00,-1.95E+00,2.58E-01,-4.06E-03,4.81595092,0.301273885
-7.72E+01,1.90E+01,2.28E+01,1.27E-01,7.39E-01,-6.88E-02,-4.14E+01,-2.09E+02,5.49E+00,-1.95E+00,2.58E-01,-4.14E-03,4.81595092,0.301273885
-7.72E+01,1.90E+01,2.28E+01,1.27E-01,7.39E-01,-6.88E-02,-4.13E+01,-2.09E+02,5.48E+00,-1.95E+00,2.58E-01,-4.22E-03,4.81595092,0.301273885
-7.72E+01,1.90E+01,2.28E+01,1.27E-01,7.39E-01,-6.89E-02,-4.13E+01,-2.09E+02,5.48E+00,-1.95E+00,2.58E-01,-4.32E-03,4.830769231,0.301273885
-7.72E+01,1.90E+01,2.28E+01,1.27E-01,7.39E-01,-6.89E-02,-4.13E+01,-2.09E+02,5.49E+00,-1.95E+00,2.58E-01,-4.44E-03,4.830769231,0.301273885
-7.71E+01,1.90E+01,2.28E+01,1.27E-01,7.39E-01,-6.89E-02,-4.12E+01,-2.08E+02,5.50E+00,-1.95E+00,2.59E-01,-4.58E-03,4.830769231,0.301273885
-7.71E+01,1.90E+01,2.27E+01,1.27E-01,7.39E-01,-6.89E-02,-4.12E+01,-2.08E+02,5.51E+00,-1.95E+00,2.59E-01,-4.70E-03,4.830769231,0.301273885
-7.71E+01,1.90E+01,2.27E+01,1.27E-01,7.39E-01,-6.90E-02,-4.12E+01,-2.08E+02,5.55E+00,-1.95E+00,2.59E-01,-4.81E-03,4.8,0.303205128
-7.71E+01,1.90E+01,2.27E+01,1.27E-01,7.39E-01,-6.90E-02,-4.12E+01,-2.08E+02,5.59E+00,-1.95E+00,2.59E-01,-4.91E-03,4.814814815,0.302564103
-7.71E+01,1.90E+01,2.27E+01,1.27E-01,7.39E-01,-6.90E-02,-4.12E+01,-2.08E+02,5.63E+00,-1.95E+00,2.59E-01,-5.02E-03,4.814814815,0.302564103
-7.71E+01,1.90E+01,2.27E+01,1.27E-01,7.39E-01,-6.90E-02,-4.12E+01,-2.08E+02,5.67E+00,-1.95E+00,2.59E-01,-5.13E-03,4.814814815,0.302564103
-7.71E+01,1.90E+01,2.27E+01,1.27E-01,7.39E-01,-6.90E-02,-4.11E+01,-2.08E+02,5.72E+00,-1.95E+00,2.59E-01,-5.23E-03,4.814814815,0.302564103
-7.71E+01,1.90E+01,2.27E+01,1.27E-01,7.39E-01,-6.90E-02,-4.11E+01,-2.08E+02,5.76E+00,-1.95E+00,2.59E-01,-5.33E-03,4.814814815,0.302564103
-7.71E+01,1.90E+01,2.27E+01,1.27E-01,7.39E-01,-6.90E-02,-4.11E+01,-2.08E+02,5.80E+00,-1.95E+00,2.59E-01,-5.42E-03,4.814814815,0.301923077
-7.71E+01,1.91E+01,2.27E+01,1.27E-01,7.39E-01,-6.90E-02,-4.12E+01,-2.08E+02,5.85E+00,-1.95E+00,2.59E-01,-5.51E-03,4.814814815,0.301923077
-7.71E+01,1.91E+01,2.27E+01,1.27E-01,7.39E-01,-6.90E-02,-4.12E+01,-2.08E+02,5.90E+00,-1.95E+00,2.59E-01,-5.56E-03,4.814814815,0.301923077
-7.71E+01,1.91E+01,2.28E+01,1.27E-01,7.39E-01,-6.90E-02,-4.12E+01,-2.08E+02,5.94E+00,-1.95E+00,2.59E-01,-5.61E-03,4.814814815,0.301923077
-7.71E+01,1.91E+01,2.28E+01,1.27E-01,7.39E-01,-6.90E-02,-4.12E+01,-2.08E+02,5.96E+00,-1.95E+00,2.59E-01,-5.61E-03,4.814814815,0.301923077
-7.71E+01,1.91E+01,2.28E+01,1.27E-01,7.39E-01,-6.90E-02,-4.12E+01,-2.08E+02,5.98E+00,-1.95E+00,2.59E-01,-5.61E-03,4.814814815,0.301923077
-7.71E+01,1.91E+01,2.28E+01,1.27E-01,7.39E-01,-6.90E-02,-4.12E+01,-2.08E+02,5.99E+00,-1.95E+00,2.60E-01,-5.60E-03,4.814814815,0.301923077
-7.71E+01,1.91E+01,2.28E+01,1.27E-01,7.38E-01,-6.90E-02,-4.12E+01,-2.08E+02,5.99E+00,-1.95E+00,2.60E-01,-5.57E-03,4.814814815,0.301923077
-7.72E+01,1.91E+01,2.28E+01,1.27E-01,7.38E-01,-6.90E-02,-4.12E+01,-2.08E+02,5.97E+00,-1.95E+00,2.60E-01,-5.49E-03,4.814814815,0.301923077
-7.72E+01,1.91E+01,2.28E+01,1.27E-01,7.38E-01,-6.90E-02,-4.12E+01,-2.08E+02,5.94E+00,-1.95E+00,2.60E-01,-5.41E-03,4.8,0.301923077
-7.72E+01,1.91E+01,2.28E+01,1.27E-01,7.38E-01,-6.90E-02,-4.12E+01,-2.08E+02,5.89E+00,-1.95E+00,2.60E-01,-5.31E-03,4.8,0.301923077
-7.73E+01,1.91E+01,2.28E+01,1.27E-01,7.38E-01,-6.90E-02,-4.12E+01,-2.08E+02,5.83E+00,-1.95E+00,2.60E-01,-5.17E-03,4.8,0.301923077
-7.73E+01,1.91E+01,2.28E+01,1.27E-01,7.38E-01,-6.90E-02,-4.13E+01,-2.08E+02,5.77E+00,-1.95E+00,2.60E-01,-5.03E-03,4.830769231,0.3
-7.73E+01,1.91E+01,2.28E+01,1.27E-01,7.38E-01,-6.90E-02,-4.13E+01,-2.08E+02,5.70E+00,-1.94E+00,2.60E-01,-4.87E-03,4.830769231,0.300636943
-7.74E+01,1.91E+01,2.29E+01,1.27E-01,7.38E-01,-6.90E-02,-4.13E+01,-2.09E+02,5.64E+00,-1.94E+00,2.60E-01,-4.77E-03,4.830769231,0.300636943
-7.74E+01,1.90E+01,2.29E+01,1.27E-01,7.38E-01,-6.90E-02,-4.13E+01,-2.09E+02,5.56E+00,-1.94E+00,2.59E-01,-4.67E-03,4.81595092,0.300636943
-7.74E+01,1.90E+01,2.29E+01,1.27E-01,7.38E-01,-6.89E-02,-4.14E+01,-2.09E+02,5.49E+00,-1.94E+00,2.59E-01,-4.59E-03,4.81595092,0.300636943
-7.74E+01,1.90E+01,2.29E+01,1.27E-01,7.38E-01,-6.89E-02,-4.14E+01,-2.09E+02,5.44E+00,-1.94E+00,2.59E-01,-4.56E-03,4.81595092,0.300636943
-7.74E+01,1.90E+01,2.29E+01,1.27E-01,7.38E-01,-6.89E-02,-4.14E+01,-2.09E+02,5.42E+00,-1.94E+00,2.59E-01,-4.54E-03,4.81595092,0.300636943
-7.74E+01,1.90E+01,2.29E+01,1.27E-01,7.38E-01,-6.89E-02,-4.14E+01,-2.09E+02,5.43E+00,-1.94E+00,2.59E-01,-4.54E-03,4.81595092,0.300636943
-7.74E+01,1.90E+01,2.29E+01,1.27E-01,7.38E-01,-6.89E-02,-4.14E+01,-2.09E+02,5.47E+00,-1.94E+00,2.59E-01,-4.53E-03,4.81595092,0.300636943
-7.74E+01,1.91E+01,2.29E+01,1.27E-01,7.38E-01,-6.88E-02,-4.14E+01,-2.09E+02,5.53E+00,-1.94E+00,2.59E-01,-4.53E-03,4.81595092,0.300636943
-7.74E+01,1.91E+01,2.29E+01,1.27E-01,7.38E-01,-6.88E-02,-4.14E+01,-2.09E+02,5.61E+00,-1.94E+00,2.59E-01,-4.53E-03,4.81595092,0.301273885
-7.73E+01,1.91E+01,2.29E+01,1.27E-01,7.38E-01,-6.88E-02,-4.14E+01,-2.09E+02,5.71E+00,-1.94E+00,2.59E-01,-4.59E-03,4.81595092,0.301273885
-7.73E+01,1.92E+01,2.29E+01,1.27E-01,7.38E-01,-6.88E-02,-4.14E+01,-2.09E+02,5.83E+00,-1.94E+00,2.59E-01,-4.67E-03,4.81595092,0.301273885
-7.73E+01,1.92E+01,2.28E+01,1.27E-01,7.38E-01,-6.87E-02,-4.13E+01,-2.09E+02,5.93E+00,-1.94E+00,2.59E-01,-4.75E-03,4.81595092,0.301273885
-7.72E+01,1.92E+01,2.28E+01,1.27E-01,7.38E-01,-6.87E-02,-4.13E+01,-2.09E+02,6.03E+00,-1.94E+00,2.59E-01,-4.79E-03,4.830769231,0.301273885
-7.72E+01,1.92E+01,2.28E+01,1.27E-01,7.38E-01,-6.87E-02,-4.13E+01,-2.09E+02,6.10E+00,-1.94E+00,2.59E-01,-4.78E-03,4.830769231,0.301273885
-7.72E+01,1.93E+01,2.28E+01,1.27E-01,7.38E-01,-6.87E-02,-4.13E+01,-2.09E+02,6.17E+00,-1.94E+00,2.59E-01,-4.75E-03,4.830769231,0.301273885
-7.72E+01,1.93E+01,2.28E+01,1.27E-01,7.38E-01,-6.87E-02,-4.12E+01,-2.09E+02,6.20E+00,-1.94E+00,2.59E-01,-4.75E-03,4.830769231,0.301910828
-7.71E+01,1.93E+01,2.28E+01,1.27E-01,7.38E-01,-6.88E-02,-4.12E+01,-2.09E+02,6.21E+00,-1.94E+00,2.59E-01,-4.76E-03,4.830769231,0.301910828
-7.71E+01,1.93E+01,2.28E+01,1.27E-01,7.38E-01,-6.88E-02,-4.12E+01,-2.09E+02,6.19E+00,-1.94E+00,2.59E-01,-4.79E-03,4.830769231,0.301910828
-7.72E+01,1.92E+01,2.28E+01,1.27E-01,7.38E-01,-6.89E-02,-4.12E+01,-2.09E+02,6.13E+00,-1.94E+00,2.59E-01,-4.79E-03,4.845679012,0.301910828
-7.72E+01,1.92E+01,2.28E+01,1.28E-01,7.38E-01,-6.89E-02,-4.12E+01,-2.09E+02,6.04E+00,-1.94E+00,2.59E-01,-4.78E-03,4.845679012,0.301910828
-7.72E+01,1.92E+01,2.28E+01,1.28E-01,7.38E-01,-6.90E-02,-4.12E+01,-2.09E+02,5.93E+00,-1.94E+00,2.59E-01,-4.74E-03,4.830769231,0.301910828
-7.72E+01,1.91E+01,2.28E+01,1.28E-01,7.38E-01,-6.91E-02,-4.12E+01,-2.09E+02,5.81E+00,-1.94E+00,2.59E-01,-4.67E-03,4.830769231,0.302547771
-7.72E+01,1.91E+01,2.28E+01,1.28E-01,7.38E-01,-6.92E-02,-4.12E+01,-2.09E+02,5.68E+00,-1.94E+00,2.60E-01,-4.58E-03,4.830769231,0.302547771
-7.73E+01,1.90E+01,2.28E+01,1.28E-01,7.38E-01,-6.92E-02,-4.13E+01,-2.09E+02,5.55E+00,-1.94E+00,2.60E-01,-4.44E-03,4.830769231,0.302547771
-7.73E+01,1.90E+01,2.29E+01,1.28E-01,7.38E-01,-6.93E-02,-4.13E+01,-2.09E+02,5.43E+00,-1.94E+00,2.60E-01,-4.27E-03,4.830769231,0.302547771
-7.73E+01,1.90E+01,2.29E+01,1.28E-01,7.38E-01,-6.94E-02,-4.13E+01,-2.09E+02,5.33E+00,-1.94E+00,2.60E-01,-4.05E-03,4.830769231,0.302547771
-7.74E+01,1.90E+01,2.29E+01,1.28E-01,7.38E-01,-6.94E-02,-4.13E+01,-2.10E+02,5.25E+00,-1.94E+00,2.60E-01,-3.80E-03,4.81595092,0.302547771
-7.74E+01,1.89E+01,2.29E+01,1.28E-01,7.38E-01,-6.94E-02,-4.14E+01,-2.10E+02,5.21E+00,-1.95E+00,2.60E-01,-3.54E-03,4.81595092,0.302547771
-7.74E+01,1.89E+01,2.29E+01,1.28E-01,7.39E-01,-6.95E-02,-4.14E+01,-2.10E+02,5.19E+00,-1.95E+00,2.60E-01,-3.29E-03,4.846625767,0.300632911
-7.74E+01,1.89E+01,2.29E+01,1.28E-01,7.39E-01,-6.95E-02,-4.14E+01,-2.10E+02,5.20E+00,-1.95E+00,2.60E-01,-3.05E-03,4.846625767,0.300632911
-7.74E+01,1.89E+01,2.29E+01,1.28E-01,7.39E-01,-6.95E-02,-4.14E+01,-2.10E+02,5.24E+00,-1.95E+00,2.60E-01,-2.83E-03,4.846625767,0.301265823
-7.74E+01,1.90E+01,2.29E+01,1.28E-01,7.39E-01,-6.95E-02,-4.14E+01,-2.10E+02,5.31E+00,-1.95E+00,2.59E-01,-2.59E-03,4.846625767,0.301265823
-7.74E+01,1.90E+01,2.29E+01,1.28E-01,7.39E-01,-6.94E-02,-4.14E+01,-2.10E+02,5.41E+00,-1.95E+00,2.59E-01,-2.42E-03,4.846625767,0.301898734
-7.74E+01,1.90E+01,2.29E+01,1.28E-01,7.39E-01,-6.94E-02,-4.13E+01,-2.10E+02,5.53E+00,-1.95E+00,2.59E-01,-2.25E-03,4.846625767,0.301898734
-7.74E+01,1.91E+01,2.29E+01,1.28E-01,7.39E-01,-6.94E-02,-4.13E+01,-2.10E+02,5.66E+00,-1.95E+00,2.59E-01,-2.14E-03,4.861538462,0.301898734
-7.74E+01,1.91E+01,2.28E+01,1.28E-01,7.39E-01,-6.93E-02,-4.13E+01,-2.10E+02,5.79E+00,-1.95E+00,2.59E-01,-2.05E-03,4.861538462,0.302531646
-7.73E+01,1.91E+01,2.28E+01,1.28E-01,7.40E-01,-6.93E-02,-4.12E+01,-2.10E+02,5.90E+00,-1.95E+00,2.59E-01,-2.01E-03,4.861538462,0.302531646
-7.73E+01,1.91E+01,2.28E+01,1.28E-01,7.40E-01,-6.93E-02,-4.12E+01,-2.10E+02,5.99E+00,-1.95E+00,2.59E-01,-2.02E-03,4.861538462,0.302531646
-7.73E+01,1.91E+01,2.28E+01,1.28E-01,7.40E-01,-6.93E-02,-4.12E+01,-2.10E+02,6.06E+00,-1.95E+00,2.58E-01,-2.12E-03,4.87654321,0.302531646
-7.72E+01,1.91E+01,2.27E+01,1.28E-01,7.40E-01,-6.93E-02,-4.11E+01,-2.10E+02,6.11E+00,-1.95E+00,2.58E-01,-2.26E-03,4.87654321,0.302531646
-7.72E+01,1.91E+01,2.27E+01,1.28E-01,7.40E-01,-6.92E-02,-4.11E+01,-2.10E+02,6.13E+00,-1.95E+00,2.58E-01,-2.40E-03,4.87654321,0.302531646
-7.72E+01,1.91E+01,2.27E+01,1.28E-01,7.40E-01,-6.92E-02,-4.11E+01,-2.10E+02,6.13E+00,-1.95E+00,2.58E-01,-2.54E-03,4.891640867,0.302531646
-7.72E+01,1.91E+01,2.27E+01,1.28E-01,7.40E-01,-6.92E-02,-4.10E+01,-2.10E+02,6.10E+00,-1.95E+00,2.58E-01,-2.69E-03,4.891640867,0.302531646
-7.72E+01,1.91E+01,2.27E+01,1.28E-01,7.40E-01,-6.93E-02,-4.10E+01,-2.10E+02,6.05E+00,-1.95E+00,2.59E-01,-2.84E-03,4.891640867,0.302531646
-7.72E+01,1.91E+01,2.27E+01,1.28E-01,7.40E-01,-6.93E-02,-4.10E+01,-2.10E+02,5.97E+00,-1.95E+00,2.59E-01,-3.02E-03,4.891640867,0.302531646
-7.72E+01,1.90E+01,2.27E+01,1.28E-01,7.40E-01,-6.93E-02,-4.11E+01,-2.10E+02,5.87E+00,-1.95E+00,2.59E-01,-3.24E-03,4.87654321,0.302531646
-7.73E+01,1.90E+01,2.28E+01,1.28E-01,7.39E-01,-6.93E-02,-4.11E+01,-2.10E+02,5.77E+00,-1.95E+00,2.59E-01,-3.40E-03,4.87654321,0.302531646
-7.73E+01,1.90E+01,2.28E+01,1.28E-01,7.39E-01,-6.93E-02,-4.12E+01,-2.10E+02,5.67E+00,-1.95E+00,2.59E-01,-3.54E-03,4.87654321,0.302531646
-7.74E+01,1.90E+01,2.28E+01,1.28E-01,7.39E-01,-6.92E-02,-4.12E+01,-2.10E+02,5.58E+00,-1.95E+00,2.59E-01,-3.64E-03,4.861538462,0.301898734
-7.75E+01,1.90E+01,2.29E+01,1.28E-01,7.39E-01,-6.92E-02,-4.13E+01,-2.10E+02,5.51E+00,-1.95E+00,2.59E-01,-3.71E-03,4.861538462,0.301898734
-7.75E+01,1.90E+01,2.29E+01,1.28E-01,7.39E-01,-6.92E-02,-4.14E+01,-2.10E+02,5.46E+00,-1.95E+00,2.59E-01,-3.74E-03,4.846625767,0.301898734
-7.76E+01,1.90E+01,2.30E+01,1.28E-01,7.39E-01,-6.91E-02,-4.14E+01,-2.10E+02,5.43E+00,-1.95E+00,2.59E-01,-3.72E-03,4.846625767,0.301898734
-7.77E+01,1.90E+01,2.30E+01,1.28E-01,7.39E-01,-6.91E-02,-4.15E+01,-2.10E+02,5.41E+00,-1.95E+00,2.59E-01,-3.68E-03,4.831804281,0.301898734
-7.77E+01,1.91E+01,2.30E+01,1.28E-01,7.39E-01,-6.90E-02,-4.15E+01,-2.10E+02,5.41E+00,-1.95E+00,2.58E-01,-3.62E-03,4.831804281,0.301898734
-7.78E+01,1.91E+01,2.30E+01,1.27E-01,7.39E-01,-6.89E-02,-4.15E+01,-2.11E+02,5.42E+00,-1.95E+00,2.58E-01,-3.58E-03,4.831804281,0.301898734
-7.78E+01,1.91E+01,2.30E+01,1.27E-01,7.39E-01,-6.88E-02,-4.16E+01,-2.11E+02,5.46E+00,-1.95E+00,2.58E-01,-3.55E-03,4.831804281,0.301898734
-7.78E+01,1.91E+01,2.30E+01,1.27E-01,7.39E-01,-6.87E-02,-4.16E+01,-2.11E+02,5.51E+00,-1.95E+00,2.58E-01,-3.51E-03,4.817073171,0.301898734
-7.79E+01,1.91E+01,2.30E+01,1.27E-01,7.39E-01,-6.87E-02,-4.16E+01,-2.11E+02,5.57E+00,-1.95E+00,2.57E-01,-3.50E-03,4.817073171,0.301898734
-7.79E+01,1.92E+01,2.30E+01,1.27E-01,7.39E-01,-6.86E-02,-4.16E+01,-2.11E+02,5.64E+00,-1.95E+00,2.57E-01,-3.46E-03,4.817073171,0.301898734
-7.79E+01,1.92E+01,2.30E+01,1.27E-01,7.39E-01,-6.85E-02,-4.16E+01,-2.11E+02,5.72E+00,-1.95E+00,2.57E-01,-3.44E-03,4.817073171,0.302531646
-7.79E+01,1.92E+01,2.30E+01,1.27E-01,7.39E-01,-6.84E-02,-4.16E+01,-2.11E+02,5.78E+00,-1.95E+00,2.57E-01,-3.47E-03,4.817073171,0.302531646
-7.79E+01,1.92E+01,2.30E+01,1.27E-01,7.39E-01,-6.83E-02,-4.16E+01,-2.11E+02,5.84E+00,-1.95E+00,2.57E-01,-3.50E-03,4.817073171,0.302531646
-7.78E+01,1.92E+01,2.30E+01,1.27E-01,7.39E-01,-6.83E-02,-4.16E+01,-2.11E+02,5.89E+00,-1.95E+00,2.56E-01,-3.56E-03,4.831804281,0.302531646
-7.78E+01,1.92E+01,2.30E+01,1.27E-01,7.40E-01,-6.83E-02,-4.15E+01,-2.11E+02,5.92E+00,-1.95E+00,2.56E-01,-3.65E-03,4.831804281,0.302531646
-7.78E+01,1.92E+01,2.30E+01,1.27E-01,7.40E-01,-6.83E-02,-4.15E+01,-2.10E+02,5.94E+00,-1.95E+00,2.56E-01,-3.75E-03,4.831804281,0.302531646
-7.77E+01,1.92E+01,2.29E+01,1.27E-01,7.40E-01,-6.82E-02,-4.15E+01,-2.10E+02,5.95E+00,-1.95E+00,2.56E-01,-3.88E-03,4.831804281,0.302531646
-7.77E+01,1.92E+01,2.29E+01,1.27E-01,7.40E-01,-6.82E-02,-4.14E+01,-2.10E+02,5.95E+00,-1.95E+00,2.56E-01,-3.98E-03,4.846625767,0.301898734
-7.76E+01,1.92E+01,2.29E+01,1.27E-01,7.40E-01,-6.83E-02,-4.14E+01,-2.10E+02,5.95E+00,-1.95E+00,2.57E-01,-4.05E-03,4.846625767,0.301898734
-7.75E+01,1.91E+01,2.29E+01,1.27E-01,7.40E-01,-6.83E-02,-4.13E+01,-2.10E+02,5.93E+00,-1.95E+00,2.57E-01,-4.11E-03,4.846625767,0.301898734
-7.75E+01,1.91E+01,2.28E+01,1.27E-01,7.40E-01,-6.83E-02,-4.13E+01,-2.10E+02,5.91E+00,-1.95E+00,2.57E-01,-4.15E-03,4.861538462,0.301898734
-7.75E+01,1.91E+01,2.28E+01,1.27E-01,7.40E-01,-6.84E-02,-4.13E+01,-2.10E+02,5.88E+00,-1.95E+00,2.57E-01,-4.17E-03,4.861538462,0.301265823
-7.74E+01,1.91E+01,2.28E+01,1.27E-01,7.40E-01,-6.85E-02,-4.12E+01,-2.10E+02,5.85E+00,-1.95E+00,2.57E-01,-4.21E-03,4.830769231,0.303184713
-7.74E+01,1.90E+01,2.28E+01,1.27E-01,7.40E-01,-6.86E-02,-4.12E+01,-2.09E+02,5.81E+00,-1.95E+00,2.58E-01,-4.27E-03,4.830769231,0.303184713
-7.74E+01,1.90E+01,2.28E+01,1.27E-01,7.40E-01,-6.87E-02,-4.12E+01,-2.09E+02,5.77E+00,-1.95E+00,2.58E-01,-4.31E-03,4.845679012,0.302547771
-7.73E+01,1.90E+01,2.28E+01,1.27E-01,7.40E-01,-6.88E-02,-4.11E+01,-2.09E+02,5.72E+00,-1.95E+00,2.58E-01,-4.32E-03,4.845679012,0.302547771
-7.73E+01,1.90E+01,2.27E+01,1.28E-01,7.40E-01,-6.89E-02,-4.11E+01,-2.09E+02,5.68E+00,-1.95E+00,2.58E-01,-4.30E-03,4.845679012,0.301910828
-7.73E+01,1.90E+01,2.27E+01,1.28E-01,7.40E-01,-6.89E-02,-4.11E+01,-2.09E+02,5.65E+00,-1.95E+00,2.59E-01,-4.29E-03,4.845679012,0.301910828
-7.73E+01,1.90E+01,2.27E+01,1.28E-01,7.39E-01,-6.90E-02,-4.11E+01,-2.09E+02,5.62E+00,-1.95E+00,2.59E-01,-4.27E-03,4.845679012,0.301273885
-7.73E+01,1.90E+01,2.28E+01,1.28E-01,7.39E-01,-6.91E-02,-4.11E+01,-2.08E+02,5.59E+00,-1.95E+00,2.59E-01,-4.26E-03,4.845679012,0.301273885
-7.73E+01,1.90E+01,2.28E+01,1.28E-01,7.39E-01,-6.91E-02,-4.11E+01,-2.08E+02,5.57E+00,-1.95E+00,2.59E-01,-4.24E-03,4.814814815,0.302564103
-7.73E+01,1.90E+01,2.28E+01,1.28E-01,7.39E-01,-6.91E-02,-4.11E+01,-2.08E+02,5.55E+00,-1.95E+00,2.60E-01,-4.21E-03,4.814814815,0.302564103
-7.73E+01,1.90E+01,2.28E+01,1.28E-01,7.39E-01,-6.92E-02,-4.11E+01,-2.08E+02,5.54E+00,-1.95E+00,2.60E-01,-4.16E-03,4.814814815,0.301923077
-7.73E+01,1.90E+01,2.28E+01,1.28E-01,7.39E-01,-6.92E-02,-4.12E+01,-2.08E+02,5.53E+00,-1.95E+00,2.60E-01,-4.10E-03,4.814814815,0.301282051
-7.73E+01,1.90E+01,2.28E+01,1.28E-01,7.39E-01,-6.92E-02,-4.12E+01,-2.08E+02,5.53E+00,-1.95E+00,2.60E-01,-4.02E-03,4.814814815,0.301282051
-7.73E+01,1.90E+01,2.28E+01,1.28E-01,7.39E-01,-6.92E-02,-4.12E+01,-2.08E+02,5.56E+00,-1.95E+00,2.60E-01,-3.91E-03,4.8,0.300641026
-7.73E+01,1.91E+01,2.28E+01,1.28E-01,7.39E-01,-6.91E-02,-4.12E+01,-2.08E+02,5.59E+00,-1.95E+00,2.60E-01,-3.80E-03,4.8,0.3
-7.73E+01,1.91E+01,2.28E+01,1.28E-01,7.39E-01,-6.91E-02,-4.12E+01,-2.07E+02,5.63E+00,-1.95E+00,2.60E-01,-3.66E-03,4.8,0.3
-7.72E+01,1.91E+01,2.28E+01,1.28E-01,7.39E-01,-6.90E-02,-4.13E+01,-2.07E+02,5.68E+00,-1.95E+00,2.60E-01,-3.53E-03,4.8,0.3
-7.72E+01,1.91E+01,2.28E+01,1.28E-01,7.39E-01,-6.90E-02,-4.13E+01,-2.07E+02,5.73E+00,-1.95E+00,2.60E-01,-3.40E-03,4.8,0.3
-7.72E+01,1.92E+01,2.28E+01,1.28E-01,7.39E-01,-6.90E-02,-4.13E+01,-2.07E+02,5.78E+00,-1.95E+00,2.60E-01,-3.31E-03,4.8,0.299358974
-7.71E+01,1.92E+01,2.28E+01,1.28E-01,7.39E-01,-6.89E-02,-4.13E+01,-2.07E+02,5.84E+00,-1.95E+00,2.60E-01,-3.23E-03,4.8,0.299358974
-7.71E+01,1.92E+01,2.28E+01,1.28E-01,7.39E-01,-6.89E-02,-4.13E+01,-2.07E+02,5.90E+00,-1.95E+00,2.60E-01,-3.19E-03,4.8,0.3
-7.71E+01,1.92E+01,2.28E+01,1.28E-01,7.39E-01,-6.89E-02,-4.13E+01,-2.07E+02,5.96E+00,-1.95E+00,2.60E-01,-3.16E-03,4.8,0.3
-7.70E+01,1.92E+01,2.28E+01,1.28E-01,7.39E-01,-6.89E-02,-4.13E+01,-2.07E+02,6.01E+00,-1.95E+00,2.60E-01,-3.16E-03,4.8,0.3
-7.70E+01,1.92E+01,2.28E+01,1.28E-01,7.39E-01,-6.89E-02,-4.13E+01,-2.07E+02,6.05E+00,-1.95E+00,2.60E-01,-3.16E-03,4.8,0.3
-7.70E+01,1.92E+01,2.28E+01,1.28E-01,7.39E-01,-6.89E-02,-4.13E+01,-2.07E+02,6.08E+00,-1.95E+00,2.60E-01,-3.26E-03,4.8,0.300641026
-7.70E+01,1.92E+01,2.28E+01,1.28E-01,7.39E-01,-6.89E-02,-4.13E+01,-2.08E+02,6.10E+00,-1.95E+00,2.60E-01,-3.36E-03,4.8,0.300641026
-7.70E+01,1.92E+01,2.28E+01,1.28E-01,7.39E-01,-6.90E-02,-4.13E+01,-2.08E+02,6.09E+00,-1.95E+00,2.60E-01,-3.48E-03,4.8,0.300641026
-7.70E+01,1.92E+01,2.28E+01,1.28E-01,7.39E-01,-6.90E-02,-4.13E+01,-2.08E+02,6.07E+00,-1.95E+00,2.60E-01,-3.58E-03,4.8,0.301282051
-7.70E+01,1.92E+01,2.28E+01,1.27E-01,7.39E-01,-6.90E-02,-4.13E+01,-2.08E+02,6.02E+00,-1.95E+00,2.60E-01,-3.66E-03,4.8,0.301282051
-7.70E+01,1.92E+01,2.28E+01,1.27E-01,7.39E-01,-6.90E-02,-4.13E+01,-2.08E+02,5.96E+00,-1.94E+00,2.60E-01,-3.73E-03,4.785276074,0.301282051
-7.71E+01,1.92E+01,2.28E+01,1.27E-01,7.39E-01,-6.91E-02,-4.14E+01,-2.08E+02,5.89E+00,-1.94E+00,2.60E-01,-3.83E-03,4.785276074,0.301282051
-7.71E+01,1.91E+01,2.28E+01,1.27E-01,7.39E-01,-6.91E-02,-4.14E+01,-2.08E+02,5.81E+00,-1.94E+00,2.60E-01,-3.91E-03,4.785276074,0.301282051
-7.71E+01,1.91E+01,2.29E+01,1.27E-01,7.39E-01,-6.91E-02,-4.14E+01,-2.08E+02,5.73E+00,-1.94E+00,2.59E-01,-3.98E-03,4.785276074,0.301282051
-7.72E+01,1.91E+01,2.29E+01,1.27E-01,7.39E-01,-6.91E-02,-4.15E+01,-2.08E+02,5.64E+00,-1.94E+00,2.59E-01,-4.03E-03,4.770642202,0.301282051
-7.72E+01,1.91E+01,2.29E+01,1.27E-01,7.39E-01,-6.91E-02,-4.15E+01,-2.08E+02,5.56E+00,-1.94E+00,2.59E-01,-4.08E-03,4.801223242,0.299363057
-7.72E+01,1.91E+01,2.29E+01,1.27E-01,7.39E-01,-6.91E-02,-4.15E+01,-2.08E+02,5.50E+00,-1.94E+00,2.59E-01,-4.14E-03,4.801223242,0.299363057
-7.73E+01,1.91E+01,2.29E+01,1.27E-01,7.39E-01,-6.91E-02,-4.16E+01,-2.08E+02,5.46E+00,-1.94E+00,2.59E-01,-4.17E-03,4.801223242,0.299363057
-7.73E+01,1.91E+01,2.30E+01,1.27E-01,7.39E-01,-6.91E-02,-4.16E+01,-2.08E+02,5.44E+00,-1.94E+00,2.59E-01,-4.22E-03,4.801223242,0.299363057
-7.73E+01,1.91E+01,2.30E+01,1.27E-01,7.39E-01,-6.91E-02,-4.16E+01,-2.08E+02,5.44E+00,-1.94E+00,2.59E-01,-4.25E-03,4.801223242,0.299363057
-7.73E+01,1.91E+01,2.30E+01,1.27E-01,7.39E-01,-6.90E-02,-4.16E+01,-2.09E+02,5.48E+00,-1.94E+00,2.59E-01,-4.27E-03,4.801223242,0.299363057
-7.73E+01,1.91E+01,2.30E+01,1.27E-01,7.39E-01,-6.90E-02,-4.16E+01,-2.09E+02,5.54E+00,-1.94E+00,2.58E-01,-4.25E-03,4.801223242,0.299363057
-7.72E+01,1.91E+01,2.30E+01,1.27E-01,7.39E-01,-6.90E-02,-4.15E+01,-2.09E+02,5.62E+00,-1.94E+00,2.58E-01,-4.19E-03,4.801223242,0.299363057
-7.72E+01,1.91E+01,2.29E+01,1.27E-01,7.39E-01,-6.89E-02,-4.15E+01,-2.08E+02,5.71E+00,-1.94E+00,2.58E-01,-4.14E-03,4.801223242,0.299363057
-7.72E+01,1.92E+01,2.29E+01,1.27E-01,7.39E-01,-6.89E-02,-4.15E+01,-2.08E+02,5.80E+00,-1.94E+00,2.58E-01,-4.06E-03,4.81595092,0.3
-7.71E+01,1.92E+01,2.29E+01,1.27E-01,7.39E-01,-6.88E-02,-4.14E+01,-2.08E+02,5.89E+00,-1.94E+00,2.58E-01,-3.96E-03,4.81595092,0.3
-7.71E+01,1.92E+01,2.29E+01,1.27E-01,7.39E-01,-6.88E-02,-4.14E+01,-2.08E+02,5.97E+00,-1.94E+00,2.58E-01,-3.83E-03,4.81595092,0.3
-7.70E+01,1.92E+01,2.28E+01,1.27E-01,7.39E-01,-6.88E-02,-4.13E+01,-2.08E+02,6.03E+00,-1.95E+00,2.58E-01,-3.68E-03,4.8,0.301923077
-7.70E+01,1.92E+01,2.28E+01,1.27E-01,7.39E-01,-6.88E-02,-4.12E+01,-2.08E+02,6.06E+00,-1.95E+00,2.58E-01,-3.57E-03,4.8,0.301923077
-7.70E+01,1.92E+01,2.28E+01,1.27E-01,7.39E-01,-6.88E-02,-4.12E+01,-2.08E+02,6.08E+00,-1.95E+00,2.58E-01,-3.45E-03,4.8,0.301923077
-7.70E+01,1.92E+01,2.28E+01,1.27E-01,7.39E-01,-6.87E-02,-4.12E+01,-2.08E+02,6.07E+00,-1.95E+00,2.59E-01,-3.34E-03,4.814814815,0.301923077
-7.69E+01,1.91E+01,2.27E+01,1.27E-01,7.39E-01,-6.88E-02,-4.11E+01,-2.08E+02,6.04E+00,-1.95E+00,2.59E-01,-3.28E-03,4.814814815,0.302564103
-7.69E+01,1.91E+01,2.27E+01,1.28E-01,7.39E-01,-6.88E-02,-4.11E+01,-2.08E+02,5.98E+00,-1.95E+00,2.59E-01,-3.23E-03,4.814814815,0.302564103
-7.69E+01,1.91E+01,2.27E+01,1.28E-01,7.39E-01,-6.88E-02,-4.11E+01,-2.08E+02,5.90E+00,-1.95E+00,2.59E-01,-3.21E-03,4.829721362,0.302564103
-7.69E+01,1.90E+01,2.27E+01,1.28E-01,7.39E-01,-6.89E-02,-4.11E+01,-2.08E+02,5.80E+00,-1.95E+00,2.59E-01,-3.24E-03,4.829721362,0.302564103
-7.69E+01,1.90E+01,2.27E+01,1.28E-01,7.39E-01,-6.90E-02,-4.11E+01,-2.08E+02,5.69E+00,-1.95E+00,2.60E-01,-3.27E-03,4.829721362,0.302564103
-7.69E+01,1.89E+01,2.27E+01,1.28E-01,7.39E-01,-6.90E-02,-4.11E+01,-2.08E+02,5.57E+00,-1.95E+00,2.60E-01,-3.36E-03,4.814814815,0.302564103
-7.70E+01,1.89E+01,2.27E+01,1.28E-01,7.39E-01,-6.91E-02,-4.11E+01,-2.08E+02,5.47E+00,-1.95E+00,2.60E-01,-3.47E-03,4.814814815,0.302564103
-7.70E+01,1.89E+01,2.27E+01,1.28E-01,7.39E-01,-6.91E-02,-4.11E+01,-2.08E+02,5.38E+00,-1.95E+00,2.61E-01,-3.57E-03,4.845679012,0.301273885
-7.70E+01,1.88E+01,2.27E+01,1.28E-01,7.39E-01,-6.92E-02,-4.11E+01,-2.08E+02,5.31E+00,-1.95E+00,2.61E-01,-3.68E-03,4.845679012,0.301273885
-7.70E+01,1.88E+01,2.28E+01,1.28E-01,7.39E-01,-6.92E-02,-4.12E+01,-2.09E+02,5.27E+00,-1.95E+00,2.61E-01,-3.84E-03,4.845679012,0.301273885
-7.70E+01,1.88E+01,2.28E+01,1.28E-01,7.39E-01,-6.92E-02,-4.12E+01,-2.09E+02,5.25E+00,-1.95E+00,2.61E-01,-4.03E-03,4.845679012,0.301273885
-7.70E+01,1.88E+01,2.28E+01,1.28E-01,7.39E-01,-6.92E-02,-4.12E+01,-2.09E+02,5.25E+00,-1.95E+00,2.61E-01,-4.18E-03,4.830769231,0.301273885
-7.70E+01,1.88E+01,2.28E+01,1.28E-01,7.39E-01,-6.92E-02,-4.12E+01,-2.09E+02,5.27E+00,-1.95E+00,2.61E-01,-4.27E-03,4.830769231,0.301273885
-7.71E+01,1.89E+01,2.28E+01,1.28E-01,7.39E-01,-6.92E-02,-4.12E+01,-2.09E+02,5.32E+00,-1.94E+00,2.61E-01,-4.32E-03,4.830769231,0.301910828
-7.71E+01,1.89E+01,2.28E+01,1.28E-01,7.39E-01,-6.91E-02,-4.12E+01,-2.09E+02,5.39E+00,-1.94E+00,2.60E-01,-4.42E-03,4.830769231,0.301910828
-7.71E+01,1.90E+01,2.28E+01,1.28E-01,7.38E-01,-6.91E-02,-4.12E+01,-2.09E+02,5.49E+00,-1.94E+00,2.60E-01,-4.47E-03,4.830769231,0.301910828
-7.72E+01,1.90E+01,2.28E+01,1.28E-01,7.38E-01,-6.91E-02,-4.12E+01,-2.09E+02,5.58E+00,-1.94E+00,2.60E-01,-4.50E-03,4.830769231,0.301910828
-7.72E+01,1.91E+01,2.28E+01,1.28E-01,7.38E-01,-6.91E-02,-4.12E+01,-2.09E+02,5.67E+00,-1.94E+00,2.60E-01,-4.47E-03,4.830769231,0.302547771
-7.72E+01,1.91E+01,2.28E+01,1.28E-01,7.38E-01,-6.91E-02,-4.13E+01,-2.09E+02,5.76E+00,-1.94E+00,2.60E-01,-4.41E-03,4.830769231,0.302547771
-7.73E+01,1.91E+01,2.28E+01,1.28E-01,7.39E-01,-6.90E-02,-4.13E+01,-2.09E+02,5.84E+00,-1.95E+00,2.60E-01,-4.33E-03,4.830769231,0.302547771
-7.74E+01,1.92E+01,2.28E+01,1.28E-01,7.39E-01,-6.90E-02,-4.13E+01,-2.09E+02,5.90E+00,-1.95E+00,2.60E-01,-4.25E-03,4.830769231,0.302547771
-7.74E+01,1.92E+01,2.29E+01,1.28E-01,7.39E-01,-6.90E-02,-4.13E+01,-2.09E+02,5.94E+00,-1.95E+00,2.60E-01,-4.16E-03,4.830769231,0.302547771
-7.75E+01,1.92E+01,2.29E+01,1.28E-01,7.39E-01,-6.89E-02,-4.13E+01,-2.10E+02,5.96E+00,-1.95E+00,2.60E-01,-4.04E-03,4.830769231,0.302547771
-7.75E+01,1.92E+01,2.29E+01,1.28E-01,7.39E-01,-6.89E-02,-4.13E+01,-2.10E+02,5.97E+00,-1.95E+00,2.60E-01,-3.86E-03,4.846625767,0.300632911
-7.76E+01,1.92E+01,2.29E+01,1.28E-01,7.39E-01,-6.89E-02,-4.14E+01,-2.10E+02,5.96E+00,-1.95E+00,2.59E-01,-3.70E-03,4.846625767,0.300632911
-7.76E+01,1.92E+01,2.29E+01,1.28E-01,7.39E-01,-6.88E-02,-4.14E+01,-2.10E+02,5.94E+00,-1.95E+00,2.59E-01,-3.54E-03,4.846625767,0.300632911
-7.77E+01,1.92E+01,2.30E+01,1.27E-01,7.39E-01,-6.88E-02,-4.14E+01,-2.10E+02,5.90E+00,-1.95E+00,2.59E-01,-3.41E-03,4.846625767,0.300632911
-7.77E+01,1.92E+01,2.30E+01,1.27E-01,7.39E-01,-6.88E-02,-4.14E+01,-2.10E+02,5.86E+00,-1.95E+00,2.59E-01,-3.29E-03,4.846625767,0.300632911
-7.78E+01,1.92E+01,2.30E+01,1.27E-01,7.39E-01,-6.87E-02,-4.15E+01,-2.10E+02,5.82E+00,-1.95E+00,2.58E-01,-3.22E-03,4.831804281,0.300632911
-7.78E+01,1.92E+01,2.30E+01,1.27E-01,7.39E-01,-6.87E-02,-4.15E+01,-2.10E+02,5.78E+00,-1.95E+00,2.58E-01,-3.18E-03,4.831804281,0.300632911
-7.79E+01,1.92E+01,2.30E+01,1.27E-01,7.39E-01,-6.86E-02,-4.15E+01,-2.10E+02,5.74E+00,-1.95E+00,2.58E-01,-3.17E-03,4.831804281,0.300632911
-7.79E+01,1.92E+01,2.30E+01,1.27E-01,7.39E-01,-6.86E-02,-4.16E+01,-2.10E+02,5.72E+00,-1.95E+00,2.58E-01,-3.21E-03,4.831804281,0.300632911
-7.79E+01,1.91E+01,2.30E+01,1.27E-01,7.39E-01,-6.86E-02,-4.16E+01,-2.10E+02,5.70E+00,-1.95E+00,2.58E-01,-3.29E-03,4.831804281,0.300632911
-7.78E+01,1.91E+01,2.30E+01,1.27E-01,7.39E-01,-6.85E-02,-4.16E+01,-2.10E+02,5.69E+00,-1.95E+00,2.57E-01,-3.42E-03,4.831804281,0.300632911
-7.78E+01,1.91E+01,2.30E+01,1.27E-01,7.38E-01,-6.85E-02,-4.15E+01,-2.10E+02,5.69E+00,-1.95E+00,2.57E-01,-3.59E-03,4.831804281,0.300632911
-7.78E+01,1.91E+01,2.30E+01,1.27E-01,7.38E-01,-6.84E-02,-4.15E+01,-2.10E+02,5.70E+00,-1.95E+00,2.57E-01,-3.73E-03,4.831804281,0.300632911
-7.78E+01,1.91E+01,2.30E+01,1.26E-01,7.38E-01,-6.84E-02,-4.15E+01,-2.10E+02,5.72E+00,-1.94E+00,2.57E-01,-3.88E-03,4.831804281,0.300632911
-7.77E+01,1.91E+01,2.29E+01,1.26E-01,7.38E-01,-6.84E-02,-4.15E+01,-2.10E+02,5.75E+00,-1.94E+00,2.57E-01,-4.07E-03,4.831804281,0.300632911
-7.77E+01,1.91E+01,2.29E+01,1.26E-01,7.38E-01,-6.84E-02,-4.14E+01,-2.10E+02,5.77E+00,-1.94E+00,2.57E-01,-4.23E-03,4.81595092,0.302547771
-7.76E+01,1.91E+01,2.29E+01,1.27E-01,7.38E-01,-6.84E-02,-4.14E+01,-2.09E+02,5.79E+00,-1.94E+00,2.57E-01,-4.37E-03,4.81595092,0.302547771
-7.76E+01,1.91E+01,2.29E+01,1.27E-01,7.38E-01,-6.84E-02,-4.14E+01,-2.09E+02,5.81E+00,-1.94E+00,2.57E-01,-4.49E-03,4.81595092,0.302547771
-7.76E+01,1.91E+01,2.29E+01,1.27E-01,7.38E-01,-6.84E-02,-4.13E+01,-2.09E+02,5.85E+00,-1.94E+00,2.57E-01,-4.60E-03,4.81595092,0.302547771
-7.76E+01,1.91E+01,2.29E+01,1.27E-01,7.38E-01,-6.85E-02,-4.13E+01,-2.09E+02,5.88E+00,-1.94E+00,2.57E-01,-4.67E-03,4.830769231,0.302547771
-7.76E+01,1.91E+01,2.29E+01,1.27E-01,7.38E-01,-6.85E-02,-4.13E+01,-2.09E+02,5.90E+00,-1.94E+00,2.57E-01,-4.75E-03,4.830769231,0.302547771
-7.76E+01,1.91E+01,2.29E+01,1.27E-01,7.38E-01,-6.85E-02,-4.13E+01,-2.09E+02,5.93E+00,-1.94E+00,2.57E-01,-4.77E-03,4.830769231,0.302547771
-7.76E+01,1.91E+01,2.29E+01,1.27E-01,7.38E-01,-6.86E-02,-4.13E+01,-2.09E+02,5.94E+00,-1.95E+00,2.57E-01,-4.76E-03,4.830769231,0.302547771
-7.76E+01,1.91E+01,2.29E+01,1.27E-01,7.38E-01,-6.86E-02,-4.12E+01,-2.09E+02,5.96E+00,-1.95E+00,2.58E-01,-4.69E-03,4.830769231,0.302547771
-7.76E+01,1.92E+01,2.29E+01,1.27E-01,7.38E-01,-6.87E-02,-4.12E+01,-2.09E+02,5.97E+00,-1.95E+00,2.58E-01,-4.62E-03,4.830769231,0.302547771
-7.76E+01,1.92E+01,2.29E+01,1.27E-01,7.39E-01,-6.87E-02,-4.12E+01,-2.09E+02,5.97E+00,-1.95E+00,2.58E-01,-4.52E-03,4.830769231,0.301910828
-7.76E+01,1.92E+01,2.29E+01,1.27E-01,7.39E-01,-6.87E-02,-4.12E+01,-2.09E+02,5.97E+00,-1.95E+00,2.58E-01,-4.42E-03,4.830769231,0.301910828
-7.75E+01,1.92E+01,2.29E+01,1.27E-01,7.39E-01,-6.88E-02,-4.12E+01,-2.09E+02,5.97E+00,-1.95E+00,2.58E-01,-4.32E-03,4.830769231,0.301910828
-7.75E+01,1.92E+01,2.29E+01,1.27E-01,7.39E-01,-6.88E-02,-4.12E+01,-2.09E+02,5.97E+00,-1.95E+00,2.59E-01,-4.19E-03,4.830769231,0.301273885
-7.75E+01,1.92E+01,2.29E+01,1.27E-01,7.39E-01,-6.89E-02,-4.12E+01,-2.09E+02,5.97E+00,-1.95E+00,2.59E-01,-4.03E-03,4.830769231,0.301273885
-7.75E+01,1.92E+01,2.29E+01,1.27E-01,7.40E-01,-6.89E-02,-4.12E+01,-2.09E+02,5.96E+00,-1.95E+00,2.59E-01,-3.87E-03,4.830769231,0.301273885
-7.75E+01,1.92E+01,2.29E+01,1.27E-01,7.40E-01,-6.90E-02,-4.12E+01,-2.09E+02,5.94E+00,-1.95E+00,2.59E-01,-3.69E-03,4.830769231,0.301273885
-7.75E+01,1.92E+01,2.29E+01,1.27E-01,7.40E-01,-6.90E-02,-4.12E+01,-2.09E+02,5.92E+00,-1.95E+00,2.59E-01,-3.56E-03,4.830769231,0.300636943
-7.75E+01,1.92E+01,2.29E+01,1.27E-01,7.40E-01,-6.91E-02,-4.12E+01,-2.09E+02,5.91E+00,-1.95E+00,2.59E-01,-3.40E-03,4.830769231,0.300636943
-7.75E+01,1.92E+01,2.29E+01,1.27E-01,7.40E-01,-6.91E-02,-4.13E+01,-2.09E+02,5.89E+00,-1.95E+00,2.59E-01,-3.26E-03,4.830769231,0.300636943
-7.75E+01,1.92E+01,2.29E+01,1.27E-01,7.40E-01,-6.92E-02,-4.13E+01,-2.09E+02,5.88E+00,-1.95E+00,2.60E-01,-3.13E-03,4.830769231,0.300636943
-7.75E+01,1.92E+01,2.29E+01,1.27E-01,7.40E-01,-6.92E-02,-4.13E+01,-2.09E+02,5.87E+00,-1.95E+00,2.60E-01,-3.04E-03,4.830769231,0.301273885
-7.75E+01,1.92E+01,2.29E+01,1.27E-01,7.39E-01,-6.92E-02,-4.13E+01,-2.09E+02,5.85E+00,-1.95E+00,2.59E-01,-2.99E-03,4.81595092,0.301273885
-7.75E+01,1.92E+01,2.29E+01,1.27E-01,7.39E-01,-6.93E-02,-4.14E+01,-2.09E+02,5.83E+00,-1.95E+00,2.59E-01,-2.98E-03,4.81595092,0.301273885
-7.75E+01,1.92E+01,2.29E+01,1.27E-01,7.39E-01,-6.93E-02,-4.14E+01,-2.09E+02,5.81E+00,-1.95E+00,2.59E-01,-3.04E-03,4.81595092,0.301273885
-7.75E+01,1.92E+01,2.30E+01,1.27E-01,7.39E-01,-6.93E-02,-4.15E+01,-2.09E+02,5.80E+00,-1.95E+00,2.59E-01,-3.12E-03,4.801223242,0.301910828
-7.76E+01,1.92E+01,2.30E+01,1.27E-01,7.39E-01,-6.93E-02,-4.15E+01,-2.10E+02,5.79E+00,-1.95E+00,2.59E-01,-3.24E-03,4.801223242,0.301910828
-7.76E+01,1.92E+01,2.30E+01,1.27E-01,7.39E-01,-6.93E-02,-4.16E+01,-2.10E+02,5.77E+00,-1.95E+00,2.59E-01,-3.39E-03,4.831804281,0.3
-7.76E+01,1.92E+01,2.30E+01,1.27E-01,7.39E-01,-6.92E-02,-4.16E+01,-2.10E+02,5.76E+00,-1.95E+00,2.59E-01,-3.53E-03,4.817073171,0.3
-7.76E+01,1.93E+01,2.30E+01,1.27E-01,7.39E-01,-6.92E-02,-4.17E+01,-2.10E+02,5.75E+00,-1.95E+00,2.58E-01,-3.74E-03,4.817073171,0.3
-7.76E+01,1.93E+01,2.30E+01,1.27E-01,7.39E-01,-6.92E-02,-4.17E+01,-2.10E+02,5.76E+00,-1.95E+00,2.58E-01,-3.91E-03,4.817073171,0.3
-7.75E+01,1.93E+01,2.30E+01,1.27E-01,7.39E-01,-6.91E-02,-4.17E+01,-2.10E+02,5.77E+00,-1.95E+00,2.58E-01,-4.04E-03,4.817073171,0.3
-7.75E+01,1.93E+01,2.30E+01,1.27E-01,7.39E-01,-6.91E-02,-4.17E+01,-2.10E+02,5.80E+00,-1.95E+00,2.58E-01,-4.18E-03,4.817073171,0.3
-7.75E+01,1.93E+01,2.30E+01,1.26E-01,7.39E-01,-6.90E-02,-4.17E+01,-2.10E+02,5.84E+00,-1.95E+00,2.57E-01,-4.34E-03,4.817073171,0.3
-7.74E+01,1.93E+01,2.30E+01,1.26E-01,7.39E-01,-6.90E-02,-4.17E+01,-2.10E+02,5.89E+00,-1.95E+00,2.57E-01,-4.51E-03,4.817073171,0.3
-7.74E+01,1.93E+01,2.30E+01,1.26E-01,7.40E-01,-6.90E-02,-4.17E+01,-2.10E+02,5.94E+00,-1.95E+00,2.57E-01,-4.66E-03,4.786585366,0.301910828
-7.73E+01,1.93E+01,2.29E+01,1.27E-01,7.40E-01,-6.89E-02,-4.16E+01,-2.09E+02,5.98E+00,-1.95E+00,2.57E-01,-4.80E-03,4.786585366,0.301910828
-7.73E+01,1.93E+01,2.29E+01,1.27E-01,7.40E-01,-6.89E-02,-4.16E+01,-2.09E+02,6.02E+00,-1.95E+00,2.57E-01,-4.90E-03,4.801223242,0.301910828
-7.72E+01,1.93E+01,2.29E+01,1.27E-01,7.40E-01,-6.90E-02,-4.15E+01,-2.09E+02,6.05E+00,-1.95E+00,2.57E-01,-5.01E-03,4.801223242,0.301273885
-7.71E+01,1.93E+01,2.28E+01,1.27E-01,7.40E-01,-6.90E-02,-4.14E+01,-2.09E+02,6.07E+00,-1.95E+00,2.58E-01,-5.06E-03,4.81595092,0.301273885
-7.71E+01,1.93E+01,2.28E+01,1.27E-01,7.40E-01,-6.90E-02,-4.14E+01,-2.09E+02,6.08E+00,-1.95E+00,2.58E-01,-5.11E-03,4.81595092,0.301273885
-7.70E+01,1.93E+01,2.28E+01,1.27E-01,7.41E-01,-6.91E-02,-4.13E+01,-2.09E+02,6.08E+00,-1.95E+00,2.58E-01,-5.12E-03,4.830769231,0.301273885
-7.70E+01,1.92E+01,2.28E+01,1.27E-01,7.41E-01,-6.91E-02,-4.13E+01,-2.09E+02,6.06E+00,-1.95E+00,2.59E-01,-5.09E-03,4.830769231,0.301910828
-7.70E+01,1.92E+01,2.27E+01,1.27E-01,7.41E-01,-6.92E-02,-4.12E+01,-2.09E+02,6.02E+00,-1.95E+00,2.59E-01,-5.01E-03,4.830769231,0.301910828
-7.70E+01,1.92E+01,2.27E+01,1.28E-01,7.41E-01,-6.93E-02,-4.12E+01,-2.09E+02,5.96E+00,-1.95E+00,2.59E-01,-4.92E-03,4.830769231,0.301910828
-7.71E+01,1.91E+01,2.27E+01,1.28E-01,7.41E-01,-6.93E-02,-4.12E+01,-2.09E+02,5.89E+00,-1.95E+00,2.59E-01,-4.80E-03,4.830769231,0.301910828
-7.71E+01,1.91E+01,2.28E+01,1.28E-01,7.41E-01,-6.94E-02,-4.12E+01,-2.09E+02,5.80E+00,-1.95E+00,2.60E-01,-4.67E-03,4.830769231,0.302547771
-7.71E+01,1.90E+01,2.28E+01,1.28E-01,7.41E-01,-6.94E-02,-4.12E+01,-2.09E+02,5.70E+00,-1.95E+00,2.60E-01,-4.54E-03,4.830769231,0.302547771
-7.72E+01,1.90E+01,2.28E+01,1.28E-01,7.41E-01,-6.94E-02,-4.12E+01,-2.09E+02,5.61E+00,-1.95E+00,2.60E-01,-4.38E-03,4.830769231,0.302547771
-7.72E+01,1.90E+01,2.28E+01,1.28E-01,7.41E-01,-6.94E-02,-4.13E+01,-2.09E+02,5.52E+00,-1.95E+00,2.60E-01,-4.22E-03,4.830769231,0.302547771
-7.73E+01,1.90E+01,2.28E+01,1.28E-01,7.41E-01,-6.94E-02,-4.13E+01,-2.10E+02,5.45E+00,-1.95E+00,2.60E-01,-4.10E-03,4.830769231,0.303184713
-7.73E+01,1.89E+01,2.29E+01,1.28E-01,7.41E-01,-6.94E-02,-4.13E+01,-2.10E+02,5.38E+00,-1.95E+00,2.60E-01,-4.00E-03,4.81595092,0.303184713
-7.73E+01,1.89E+01,2.29E+01,1.28E-01,7.41E-01,-6.94E-02,-4.14E+01,-2.10E+02,5.33E+00,-1.95E+00,2.60E-01,-3.93E-03,4.846625767,0.301265823
-7.74E+01,1.89E+01,2.29E+01,1.28E-01,7.41E-01,-6.94E-02,-4.14E+01,-2.10E+02,5.30E+00,-1.95E+00,2.60E-01,-3.88E-03,4.846625767,0.301265823
-7.74E+01,1.89E+01,2.29E+01,1.28E-01,7.41E-01,-6.94E-02,-4.14E+01,-2.10E+02,5.29E+00,-1.95E+00,2.60E-01,-3.85E-03,4.846625767,0.301265823
-7.74E+01,1.89E+01,2.29E+01,1.28E-01,7.41E-01,-6.93E-02,-4.14E+01,-2.10E+02,5.32E+00,-1.95E+00,2.60E-01,-3.84E-03,4.846625767,0.301265823
-7.73E+01,1.89E+01,2.29E+01,1.28E-01,7.41E-01,-6.93E-02,-4.14E+01,-2.10E+02,5.36E+00,-1.95E+00,2.60E-01,-3.86E-03,4.846625767,0.301265823
-7.73E+01,1.90E+01,2.28E+01,1.28E-01,7.40E-01,-6.93E-02,-4.13E+01,-2.10E+02,5.44E+00,-1.95E+00,2.60E-01,-3.89E-03,4.81595092,0.303184713
-7.72E+01,1.90E+01,2.28E+01,1.29E-01,7.40E-01,-6.92E-02,-4.13E+01,-2.09E+02,5.52E+00,-1.95E+00,2.60E-01,-3.91E-03,4.830769231,0.303184713
-7.72E+01,1.90E+01,2.28E+01,1.29E-01,7.40E-01,-6.92E-02,-4.13E+01,-2.09E+02,5.62E+00,-1.95E+00,2.60E-01,-3.98E-03,4.830769231,0.303184713
-7.72E+01,1.90E+01,2.28E+01,1.29E-01,7.40E-01,-6.92E-02,-4.12E+01,-2.09E+02,5.72E+00,-1.95E+00,2.60E-01,-4.04E-03,4.830769231,0.303184713
-7.71E+01,1.91E+01,2.27E+01,1.29E-01,7.40E-01,-6.92E-02,-4.12E+01,-2.09E+02,5.82E+00,-1.95E+00,2.60E-01,-4.14E-03,4.845679012,0.302547771
-7.71E+01,1.91E+01,2.27E+01,1.29E-01,7.40E-01,-6.92E-02,-4.11E+01,-2.09E+02,5.89E+00,-1.95E+00,2.60E-01,-4.22E-03,4.845679012,0.302547771
-7.71E+01,1.91E+01,2.27E+01,1.29E-01,7.40E-01,-6.92E-02,-4.11E+01,-2.09E+02,5.95E+00,-1.95E+00,2.61E-01,-4.32E-03,4.845679012,0.302547771
-7.71E+01,1.91E+01,2.27E+01,1.29E-01,7.40E-01,-6.92E-02,-4.11E+01,-2.09E+02,5.98E+00,-1.95E+00,2.61E-01,-4.44E-03,4.860681115,0.302547771
-7.71E+01,1.91E+01,2.26E+01,1.29E-01,7.40E-01,-6.92E-02,-4.10E+01,-2.08E+02,5.99E+00,-1.95E+00,2.61E-01,-4.55E-03,4.860681115,0.301910828
-7.71E+01,1.91E+01,2.26E+01,1.29E-01,7.40E-01,-6.93E-02,-4.10E+01,-2.08E+02,5.99E+00,-1.95E+00,2.61E-01,-4.67E-03,4.860681115,0.301910828
-7.71E+01,1.91E+01,2.26E+01,1.29E-01,7.40E-01,-6.93E-02,-4.10E+01,-2.08E+02,5.95E+00,-1.95E+00,2.61E-01,-4.79E-03,4.829721362,0.303846154
-7.71E+01,1.91E+01,2.26E+01,1.29E-01,7.39E-01,-6.94E-02,-4.10E+01,-2.08E+02,5.89E+00,-1.95E+00,2.61E-01,-4.85E-03,4.829721362,0.303205128
-7.71E+01,1.91E+01,2.27E+01,1.29E-01,7.39E-01,-6.95E-02,-4.10E+01,-2.08E+02,5.81E+00,-1.95E+00,2.62E-01,-4.91E-03,4.829721362,0.303205128
-7.72E+01,1.90E+01,2.27E+01,1.29E-01,7.39E-01,-6.95E-02,-4.11E+01,-2.08E+02,5.71E+00,-1.95E+00,2.62E-01,-4.95E-03,4.829721362,0.303205128
-7.72E+01,1.90E+01,2.27E+01,1.29E-01,7.39E-01,-6.95E-02,-4.11E+01,-2.08E+02,5.60E+00,-1.95E+00,2.62E-01,-4.95E-03,4.814814815,0.302564103
-7.72E+01,1.90E+01,2.27E+01,1.29E-01,7.39E-01,-6.96E-02,-4.11E+01,-2.08E+02,5.50E+00,-1.95E+00,2.62E-01,-4.87E-03,4.814814815,0.302564103
-7.73E+01,1.90E+01,2.28E+01,1.29E-01,7.39E-01,-6.96E-02,-4.12E+01,-2.08E+02,5.41E+00,-1.95E+00,2.62E-01,-4.74E-03,4.814814815,0.302564103
-7.73E+01,1.90E+01,2.28E+01,1.29E-01,7.39E-01,-6.96E-02,-4.12E+01,-2.08E+02,5.34E+00,-1.95E+00,2.62E-01,-4.56E-03,4.830769231,0.300636943
-7.73E+01,1.89E+01,2.28E+01,1.29E-01,7.39E-01,-6.96E-02,-4.13E+01,-2.08E+02,5.30E+00,-1.95E+00,2.62E-01,-4.37E-03,4.830769231,0.300636943
-7.74E+01,1.89E+01,2.28E+01,1.29E-01,7.39E-01,-6.96E-02,-4.13E+01,-2.09E+02,5.27E+00,-1.95E+00,2.62E-01,-4.14E-03,4.830769231,0.300636943
-7.74E+01,1.89E+01,2.28E+01,1.29E-01,7.39E-01,-6.96E-02,-4.13E+01,-2.09E+02,5.27E+00,-1.95E+00,2.62E-01,-3.91E-03,4.830769231,0.300636943
-7.74E+01,1.89E+01,2.29E+01,1.29E-01,7.39E-01,-6.95E-02,-4.13E+01,-2.09E+02,5.28E+00,-1.95E+00,2.62E-01,-3.68E-03,4.830769231,0.300636943
-7.74E+01,1.89E+01,2.28E+01,1.29E-01,7.39E-01,-6.95E-02,-4.13E+01,-2.09E+02,5.32E+00,-1.94E+00,2.62E-01,-3.49E-03,4.830769231,0.301273885
-7.74E+01,1.90E+01,2.28E+01,1.29E-01,7.39E-01,-6.94E-02,-4.13E+01,-2.09E+02,5.38E+00,-1.94E+00,2.62E-01,-3.35E-03,4.830769231,0.301273885
-7.74E+01,1.90E+01,2.28E+01,1.29E-01,7.39E-01,-6.94E-02,-4.13E+01,-2.09E+02,5.47E+00,-1.94E+00,2.62E-01,-3.25E-03,4.830769231,0.301273885
-7.75E+01,1.90E+01,2.28E+01,1.29E-01,7.38E-01,-6.93E-02,-4.13E+01,-2.09E+02,5.57E+00,-1.94E+00,2.61E-01,-3.18E-03,4.830769231,0.301273885
-7.75E+01,1.90E+01,2.28E+01,1.29E-01,7.38E-01,-6.93E-02,-4.13E+01,-2.09E+02,5.68E+00,-1.94E+00,2.61E-01,-3.15E-03,4.830769231,0.301910828
-7.75E+01,1.91E+01,2.28E+01,1.29E-01,7.38E-01,-6.92E-02,-4.13E+01,-2.09E+02,5.78E+00,-1.94E+00,2.61E-01,-3.16E-03,4.830769231,0.301910828
-7.75E+01,1.91E+01,2.28E+01,1.29E-01,7.38E-01,-6.92E-02,-4.12E+01,-2.09E+02,5.87E+00,-1.94E+00,2.61E-01,-3.20E-03,4.830769231,0.301910828
-7.75E+01,1.91E+01,2.28E+01,1.29E-01,7.38E-01,-6.91E-02,-4.12E+01,-2.09E+02,5.94E+00,-1.94E+00,2.61E-01,-3.28E-03,4.830769231,0.301910828
-7.75E+01,1.91E+01,2.28E+01,1.29E-01,7.38E-01,-6.90E-02,-4.12E+01,-2.09E+02,5.99E+00,-1.94E+00,2.61E-01,-3.39E-03,4.830769231,0.301910828
-7.76E+01,1.92E+01,2.28E+01,1.29E-01,7.38E-01,-6.90E-02,-4.12E+01,-2.09E+02,6.03E+00,-1.94E+00,2.61E-01,-3.51E-03,4.830769231,0.301910828
-7.76E+01,1.92E+01,2.29E+01,1.29E-01,7.38E-01,-6.89E-02,-4.13E+01,-2.09E+02,6.05E+00,-1.94E+00,2.60E-01,-3.63E-03,4.830769231,0.301910828
-7.76E+01,1.92E+01,2.29E+01,1.28E-01,7.38E-01,-6.89E-02,-4.13E+01,-2.09E+02,6.05E+00,-1.94E+00,2.60E-01,-3.76E-03,4.830769231,0.301910828
-7.76E+01,1.92E+01,2.29E+01,1.28E-01,7.38E-01,-6.88E-02,-4.13E+01,-2.09E+02,6.04E+00,-1.94E+00,2.60E-01,-3.89E-03,4.830769231,0.301910828
-7.77E+01,1.92E+01,2.29E+01,1.28E-01,7.38E-01,-6.88E-02,-4.14E+01,-2.09E+02,6.02E+00,-1.94E+00,2.60E-01,-4.01E-03,4.81595092,0.301910828
-7.77E+01,1.92E+01,2.30E+01,1.28E-01,7.38E-01,-6.88E-02,-4.14E+01,-2.09E+02,5.98E+00,-1.94E+00,2.60E-01,-4.12E-03,4.81595092,0.301273885
-7.77E+01,1.92E+01,2.30E+01,1.28E-01,7.38E-01,-6.87E-02,-4.14E+01,-2.09E+02,5.93E+00,-1.94E+00,2.60E-01,-4.19E-03,4.81595092,0.301273885
-7.77E+01,1.92E+01,2.30E+01,1.28E-01,7.38E-01,-6.87E-02,-4.15E+01,-2.09E+02,5.88E+00,-1.94E+00,2.59E-01,-4.24E-03,4.801223242,0.301273885
-7.77E+01,1.92E+01,2.30E+01,1.28E-01,7.38E-01,-6.87E-02,-4.15E+01,-2.09E+02,5.82E+00,-1.94E+00,2.59E-01,-4.25E-03,4.801223242,0.301273885
-7.77E+01,1.92E+01,2.30E+01,1.28E-01,7.37E-01,-6.86E-02,-4.16E+01,-2.09E+02,5.76E+00,-1.94E+00,2.59E-01,-4.24E-03,4.801223242,0.301273885
-7.77E+01,1.92E+01,2.30E+01,1.27E-01,7.37E-01,-6.86E-02,-4.16E+01,-2.09E+02,5.69E+00,-1.94E+00,2.59E-01,-4.22E-03,4.801223242,0.301273885
-7.77E+01,1.92E+01,2.31E+01,1.27E-01,7.37E-01,-6.86E-02,-4.16E+01,-2.09E+02,5.62E+00,-1.94E+00,2.59E-01,-4.18E-03,4.786585366,0.301273885
-7.76E+01,1.92E+01,2.31E+01,1.27E-01,7.37E-01,-6.86E-02,-4.16E+01,-2.09E+02,5.56E+00,-1.94E+00,2.58E-01,-4.10E-03,4.786585366,0.300636943
-7.76E+01,1.92E+01,2.31E+01,1.27E-01,7.37E-01,-6.86E-02,-4.16E+01,-2.09E+02,5.53E+00,-1.94E+00,2.58E-01,-3.99E-03,4.786585366,0.300636943
-7.76E+01,1.92E+01,2.30E+01,1.27E-01,7.37E-01,-6.86E-02,-4.16E+01,-2.09E+02,5.51E+00,-1.94E+00,2.58E-01,-3.87E-03,4.786585366,0.300636943
-7.76E+01,1.92E+01,2.30E+01,1.27E-01,7.38E-01,-6.86E-02,-4.16E+01,-2.09E+02,5.51E+00,-1.94E+00,2.58E-01,-3.73E-03,4.786585366,0.300636943
-7.75E+01,1.92E+01,2.30E+01,1.27E-01,7.38E-01,-6.87E-02,-4.16E+01,-2.09E+02,5.51E+00,-1.94E+00,2.58E-01,-3.51E-03,4.786585366,0.300636943
-7.75E+01,1.92E+01,2.30E+01,1.27E-01,7.38E-01,-6.87E-02,-4.16E+01,-2.09E+02,5.51E+00,-1.94E+00,2.58E-01,-3.38E-03,4.801223242,0.300636943
-7.75E+01,1.92E+01,2.30E+01,1.27E-01,7.38E-01,-6.87E-02,-4.16E+01,-2.09E+02,5.51E+00,-1.94E+00,2.58E-01,-3.22E-03,4.801223242,0.301273885
-7.75E+01,1.92E+01,2.30E+01,1.27E-01,7.38E-01,-6.87E-02,-4.16E+01,-2.09E+02,5.53E+00,-1.94E+00,2.58E-01,-3.05E-03,4.801223242,0.301273885
-7.75E+01,1.92E+01,2.30E+01,1.27E-01,7.38E-01,-6.88E-02,-4.15E+01,-2.09E+02,5.55E+00,-1.94E+00,2.58E-01,-2.87E-03,4.801223242,0.301273885
-7.75E+01,1.92E+01,2.30E+01,1.27E-01,7.38E-01,-6.88E-02,-4.15E+01,-2.09E+02,5.58E+00,-1.94E+00,2.58E-01,-2.75E-03,4.801223242,0.301273885
-7.75E+01,1.92E+01,2.29E+01,1.27E-01,7.38E-01,-6.88E-02,-4.15E+01,-2.09E+02,5.62E+00,-1.94E+00,2.57E-01,-2.63E-03,4.801223242,0.301273885
-7.75E+01,1.92E+01,2.29E+01,1.27E-01,7.39E-01,-6.88E-02,-4.15E+01,-2.09E+02,5.65E+00,-1.94E+00,2.57E-01,-2.57E-03,4.801223242,0.301910828
-7.75E+01,1.92E+01,2.29E+01,1.27E-01,7.39E-01,-6.88E-02,-4.15E+01,-2.09E+02,5.69E+00,-1.94E+00,2.57E-01,-2.52E-03,4.801223242,0.301910828
-7.75E+01,1.92E+01,2.29E+01,1.27E-01,7.39E-01,-6.88E-02,-4.14E+01,-2.09E+02,5.74E+00,-1.95E+00,2.57E-01,-2.51E-03,4.81595092,0.301910828
-7.75E+01,1.92E+01,2.29E+01,1.27E-01,7.39E-01,-6.88E-02,-4.14E+01,-2.09E+02,5.78E+00,-1.95E+00,2.58E-01,-2.57E-03,4.81595092,0.301910828
-7.74E+01,1.92E+01,2.29E+01,1.27E-01,7.39E-01,-6.88E-02,-4.14E+01,-2.09E+02,5.81E+00,-1.95E+00,2.58E-01,-2.63E-03,4.81595092,0.301910828
-7.74E+01,1.91E+01,2.29E+01,1.27E-01,7.40E-01,-6.88E-02,-4.14E+01,-2.09E+02,5.85E+00,-1.95E+00,2.58E-01,-2.79E-03,4.81595092,0.301910828
-7.74E+01,1.91E+01,2.28E+01,1.27E-01,7.40E-01,-6.88E-02,-4.13E+01,-2.09E+02,5.88E+00,-1.95E+00,2.58E-01,-2.94E-03,4.830769231,0.301910828
-7.73E+01,1.91E+01,2.28E+01,1.27E-01,7.40E-01,-6.88E-02,-4.13E+01,-2.09E+02,5.91E+00,-1.95E+00,2.58E-01,-3.08E-03,4.830769231,0.301910828
-7.72E+01,1.91E+01,2.28E+01,1.27E-01,7.40E-01,-6.88E-02,-4.12E+01,-2.09E+02,5.93E+00,-1.95E+00,2.58E-01,-3.24E-03,4.830769231,0.301910828
-7.72E+01,1.91E+01,2.28E+01,1.27E-01,7.40E-01,-6.89E-02,-4.12E+01,-2.09E+02,5.93E+00,-1.95E+00,2.59E-01,-3.37E-03,4.845679012,0.301910828
-7.71E+01,1.91E+01,2.28E+01,1.27E-01,7.40E-01,-6.89E-02,-4.12E+01,-2.09E+02,5.92E+00,-1.95E+00,2.59E-01,-3.54E-03,4.845679012,0.301910828
-7.71E+01,1.90E+01,2.27E+01,1.27E-01,7.40E-01,-6.90E-02,-4.11E+01,-2.09E+02,5.89E+00,-1.95E+00,2.59E-01,-3.71E-03,4.845679012,0.301910828
-7.71E+01,1.90E+01,2.27E+01,1.27E-01,7.40E-01,-6.90E-02,-4.11E+01,-2.09E+02,5.85E+00,-1.95E+00,2.59E-01,-3.87E-03,4.845679012,0.301910828
-7.71E+01,1.90E+01,2.27E+01,1.27E-01,7.40E-01,-6.90E-02,-4.11E+01,-2.09E+02,5.80E+00,-1.95E+00,2.59E-01,-3.99E-03,4.845679012,0.301910828
-7.71E+01,1.90E+01,2.28E+01,1.27E-01,7.40E-01,-6.91E-02,-4.11E+01,-2.09E+02,5.73E+00,-1.95E+00,2.59E-01,-4.08E-03,4.845679012,0.301910828
-7.71E+01,1.90E+01,2.28E+01,1.28E-01,7.40E-01,-6.91E-02,-4.12E+01,-2.09E+02,5.66E+00,-1.95E+00,2.59E-01,-4.13E-03,4.845679012,0.301910828
-7.72E+01,1.90E+01,2.28E+01,1.28E-01,7.40E-01,-6.91E-02,-4.12E+01,-2.09E+02,5.59E+00,-1.95E+00,2.59E-01,-4.11E-03,4.845679012,0.301910828
-7.72E+01,1.90E+01,2.28E+01,1.28E-01,7.40E-01,-6.92E-02,-4.12E+01,-2.09E+02,5.52E+00,-1.95E+00,2.59E-01,-4.03E-03,4.830769231,0.301910828
-7.73E+01,1.90E+01,2.29E+01,1.28E-01,7.40E-01,-6.92E-02,-4.13E+01,-2.09E+02,5.46E+00,-1.95E+00,2.59E-01,-3.89E-03,4.830769231,0.301910828
-7.73E+01,1.90E+01,2.29E+01,1.27E-01,7.40E-01,-6.92E-02,-4.13E+01,-2.09E+02,5.40E+00,-1.95E+00,2.59E-01,-3.78E-03,4.81595092,0.301910828
-7.74E+01,1.90E+01,2.29E+01,1.27E-01,7.40E-01,-6.91E-02,-4.14E+01,-2.09E+02,5.33E+00,-1.95E+00,2.59E-01,-3.65E-03,4.81595092,0.301910828
-7.75E+01,1.90E+01,2.30E+01,1.27E-01,7.40E-01,-6.91E-02,-4.14E+01,-2.09E+02,5.28E+00,-1.95E+00,2.59E-01,-3.54E-03,4.81595092,0.301910828
-7.75E+01,1.90E+01,2.30E+01,1.27E-01,7.40E-01,-6.91E-02,-4.15E+01,-2.10E+02,5.24E+00,-1.95E+00,2.59E-01,-3.46E-03,4.801223242,0.301910828
-7.76E+01,1.90E+01,2.30E+01,1.27E-01,7.40E-01,-6.90E-02,-4.15E+01,-2.10E+02,5.23E+00,-1.95E+00,2.58E-01,-3.41E-03,4.831804281,0.3
-7.76E+01,1.90E+01,2.30E+01,1.27E-01,7.40E-01,-6.89E-02,-4.16E+01,-2.10E+02,5.25E+00,-1.95E+00,2.58E-01,-3.40E-03,4.831804281,0.3
-7.77E+01,1.90E+01,2.30E+01,1.27E-01,7.40E-01,-6.88E-02,-4.16E+01,-2.10E+02,5.29E+00,-1.95E+00,2.58E-01,-3.43E-03,4.817073171,0.3
-7.77E+01,1.90E+01,2.30E+01,1.27E-01,7.40E-01,-6.88E-02,-4.16E+01,-2.10E+02,5.37E+00,-1.95E+00,2.57E-01,-3.52E-03,4.817073171,0.3
-7.77E+01,1.91E+01,2.30E+01,1.27E-01,7.40E-01,-6.87E-02,-4.16E+01,-2.10E+02,5.46E+00,-1.95E+00,2.57E-01,-3.64E-03,4.817073171,0.3
-7.76E+01,1.91E+01,2.30E+01,1.26E-01,7.40E-01,-6.86E-02,-4.16E+01,-2.10E+02,5.57E+00,-1.95E+00,2.57E-01,-3.78E-03,4.801223242,0.301910828
-7.76E+01,1.91E+01,2.29E+01,1.26E-01,7.40E-01,-6.86E-02,-4.15E+01,-2.09E+02,5.68E+00,-1.95E+00,2.57E-01,-3.95E-03,4.801223242,0.301910828
-7.75E+01,1.91E+01,2.29E+01,1.26E-01,7.40E-01,-6.85E-02,-4.15E+01,-2.09E+02,5.78E+00,-1.95E+00,2.57E-01,-4.19E-03,4.801223242,0.301910828
-7.75E+01,1.92E+01,2.29E+01,1.26E-01,7.40E-01,-6.85E-02,-4.14E+01,-2.09E+02,5.88E+00,-1.95E+00,2.57E-01,-4.44E-03,4.81595092,0.301910828
-7.74E+01,1.92E+01,2.28E+01,1.26E-01,7.40E-01,-6.85E-02,-4.14E+01,-2.09E+02,5.97E+00,-1.95E+00,2.57E-01,-4.67E-03,4.81595092,0.301910828
-7.73E+01,1.92E+01,2.28E+01,1.26E-01,7.40E-01,-6.85E-02,-4.13E+01,-2.09E+02,6.03E+00,-1.95E+00,2.57E-01,-4.96E-03,4.830769231,0.301273885
-7.73E+01,1.92E+01,2.27E+01,1.27E-01,7.40E-01,-6.86E-02,-4.12E+01,-2.09E+02,6.06E+00,-1.95E+00,2.57E-01,-5.22E-03,4.830769231,0.301273885
-7.72E+01,1.91E+01,2.27E+01,1.27E-01,7.40E-01,-6.86E-02,-4.12E+01,-2.08E+02,6.07E+00,-1.95E+00,2.57E-01,-5.42E-03,4.845679012,0.301273885
-7.72E+01,1.91E+01,2.27E+01,1.27E-01,7.40E-01,-6.87E-02,-4.11E+01,-2.08E+02,6.05E+00,-1.95E+00,2.57E-01,-5.59E-03,4.814814815,0.303205128
-7.72E+01,1.91E+01,2.27E+01,1.27E-01,7.40E-01,-6.88E-02,-4.11E+01,-2.08E+02,6.01E+00,-1.95E+00,2.58E-01,-5.78E-03,4.814814815,0.303205128
-7.72E+01,1.91E+01,2.27E+01,1.27E-01,7.40E-01,-6.89E-02,-4.11E+01,-2.08E+02,5.94E+00,-1.95E+00,2.58E-01,-5.92E-03,4.814814815,0.303205128
-7.72E+01,1.90E+01,2.27E+01,1.27E-01,7.39E-01,-6.89E-02,-4.11E+01,-2.08E+02,5.85E+00,-1.95E+00,2.58E-01,-6.03E-03,4.814814815,0.303205128
-7.72E+01,1.90E+01,2.27E+01,1.27E-01,7.39E-01,-6.90E-02,-4.11E+01,-2.08E+02,5.74E+00,-1.95E+00,2.59E-01,-6.11E-03,4.814814815,0.302564103
-7.72E+01,1.90E+01,2.27E+01,1.27E-01,7.39E-01,-6.91E-02,-4.11E+01,-2.08E+02,5.63E+00,-1.95E+00,2.59E-01,-6.12E-03,4.814814815,0.302564103
-7.72E+01,1.90E+01,2.27E+01,1.27E-01,7.39E-01,-6.92E-02,-4.11E+01,-2.08E+02,5.51E+00,-1.95E+00,2.59E-01,-6.10E-03,4.814814815,0.302564103
-7.73E+01,1.89E+01,2.28E+01,1.27E-01,7.39E-01,-6.92E-02,-4.12E+01,-2.08E+02,5.41E+00,-1.95E+00,2.59E-01,-6.07E-03,4.845679012,0.300636943
-7.73E+01,1.89E+01,2.28E+01,1.27E-01,7.39E-01,-6.93E-02,-4.12E+01,-2.08E+02,5.33E+00,-1.95E+00,2.59E-01,-5.98E-03,4.830769231,0.300636943
-7.73E+01,1.89E+01,2.28E+01,1.27E-01,7.39E-01,-6.93E-02,-4.12E+01,-2.08E+02,5.27E+00,-1.95E+00,2.59E-01,-5.88E-03,4.830769231,0.300636943
-7.74E+01,1.89E+01,2.28E+01,1.27E-01,7.39E-01,-6.93E-02,-4.13E+01,-2.09E+02,5.24E+00,-1.95E+00,2.60E-01,-5.77E-03,4.830769231,0.300636943
-7.74E+01,1.89E+01,2.28E+01,1.27E-01,7.39E-01,-6.94E-02,-4.13E+01,-2.09E+02,5.24E+00,-1.95E+00,2.60E-01,-5.59E-03,4.830769231,0.300636943
-7.74E+01,1.90E+01,2.28E+01,1.27E-01,7.39E-01,-6.94E-02,-4.13E+01,-2.09E+02,5.26E+00,-1.95E+00,2.60E-01,-5.40E-03,4.830769231,0.300636943
-7.74E+01,1.90E+01,2.28E+01,1.27E-01,7.39E-01,-6.94E-02,-4.13E+01,-2.09E+02,5.30E+00,-1.95E+00,2.60E-01,-5.17E-03,4.830769231,0.301273885
-7.74E+01,1.90E+01,2.28E+01,1.27E-01,7.40E-01,-6.94E-02,-4.13E+01,-2.09E+02,5.38E+00,-1.95E+00,2.60E-01,-4.95E-03,4.830769231,0.301273885
-7.74E+01,1.90E+01,2.28E+01,1.27E-01,7.40E-01,-6.93E-02,-4.13E+01,-2.09E+02,5.49E+00,-1.95E+00,2.60E-01,-4.71E-03,4.830769231,0.301273885
-7.74E+01,1.91E+01,2.28E+01,1.27E-01,7.40E-01,-6.93E-02,-4.12E+01,-2.09E+02,5.61E+00,-1.95E+00,2.60E-01,-4.48E-03,4.830769231,0.301273885
-7.74E+01,1.91E+01,2.28E+01,1.27E-01,7.40E-01,-6.93E-02,-4.12E+01,-2.09E+02,5.73E+00,-1.95E+00,2.60E-01,-4.28E-03,4.830769231,0.301273885
-7.74E+01,1.91E+01,2.28E+01,1.27E-01,7.40E-01,-6.93E-02,-4.12E+01,-2.09E+02,5.84E+00,-1.95E+00,2.60E-01,-4.12E-03,4.845679012,0.301273885
-7.74E+01,1.92E+01,2.28E+01,1.27E-01,7.40E-01,-6.93E-02,-4.12E+01,-2.09E+02,5.94E+00,-1.95E+00,2.60E-01,-4.01E-03,4.845679012,0.301910828
-7.74E+01,1.92E+01,2.28E+01,1.27E-01,7.40E-01,-6.93E-02,-4.11E+01,-2.09E+02,6.03E+00,-1.95E+00,2.60E-01,-3.96E-03,4.845679012,0.301910828
-7.74E+01,1.92E+01,2.27E+01,1.27E-01,7.40E-01,-6.93E-02,-4.11E+01,-2.09E+02,6.10E+00,-1.95E+00,2.60E-01,-3.97E-03,4.845679012,0.301910828
-7.74E+01,1.92E+01,2.27E+01,1.28E-01,7.40E-01,-6.93E-02,-4.11E+01,-2.09E+02,6.15E+00,-1.95E+00,2.60E-01,-4.00E-03,4.845679012,0.301910828
-7.74E+01,1.92E+01,2.27E+01,1.28E-01,7.40E-01,-6.93E-02,-4.11E+01,-2.09E+02,6.18E+00,-1.95E+00,2.60E-01,-4.06E-03,4.845679012,0.302547771
-7.74E+01,1.92E+01,2.28E+01,1.28E-01,7.40E-01,-6.93E-02,-4.11E+01,-2.09E+02,6.18E+00,-1.95E+00,2.60E-01,-4.18E-03,4.845679012,0.302547771
-7.74E+01,1.92E+01,2.28E+01,1.28E-01,7.40E-01,-6.93E-02,-4.11E+01,-2.09E+02,6.16E+00,-1.95E+00,2.60E-01,-4.34E-03,4.845679012,0.302547771
-7.74E+01,1.92E+01,2.28E+01,1.28E-01,7.40E-01,-6.93E-02,-4.11E+01,-2.09E+02,6.11E+00,-1.95E+00,2.60E-01,-4.50E-03,4.845679012,0.302547771
-7.74E+01,1.91E+01,2.28E+01,1.28E-01,7.40E-01,-6.93E-02,-4.12E+01,-2.09E+02,6.05E+00,-1.95E+00,2.60E-01,-4.62E-03,4.845679012,0.302547771
-7.75E+01,1.91E+01,2.28E+01,1.28E-01,7.40E-01,-6.93E-02,-4.12E+01,-2.09E+02,5.97E+00,-1.95E+00,2.60E-01,-4.73E-03,4.830769231,0.302547771
-7.75E+01,1.91E+01,2.29E+01,1.28E-01,7.39E-01,-6.93E-02,-4.13E+01,-2.10E+02,5.89E+00,-1.95E+00,2.60E-01,-4.86E-03,4.830769231,0.303184713
-7.75E+01,1.91E+01,2.29E+01,1.28E-01,7.39E-01,-6.93E-02,-4.13E+01,-2.10E+02,5.81E+00,-1.95E+00,2.60E-01,-4.98E-03,4.861538462,0.301265823
-7.76E+01,1.91E+01,2.29E+01,1.28E-01,7.39E-01,-6.93E-02,-4.14E+01,-2.10E+02,5.72E+00,-1.95E+00,2.60E-01,-5.10E-03,4.846625767,0.301265823
-7.76E+01,1.91E+01,2.29E+01,1.28E-01,7.39E-01,-6.93E-02,-4.14E+01,-2.10E+02,5.63E+00,-1.95E+00,2.60E-01,-5.22E-03,4.846625767,0.301265823
-7.76E+01,1.90E+01,2.29E+01,1.28E-01,7.39E-01,-6.92E-02,-4.14E+01,-2.10E+02,5.56E+00,-1.95E+00,2.60E-01,-5.30E-03,4.846625767,0.301265823
-7.76E+01,1.91E+01,2.30E+01,1.28E-01,7.39E-01,-6.92E-02,-4.15E+01,-2.10E+02,5.51E+00,-1.95E+00,2.60E-01,-5.35E-03,4.831804281,0.301265823
-7.77E+01,1.91E+01,2.30E+01,1.28E-01,7.39E-01,-6.92E-02,-4.15E+01,-2.10E+02,5.48E+00,-1.95E+00,2.59E-01,-5.35E-03,4.831804281,0.301265823
-7.78E+01,1.91E+01,2.30E+01,1.28E-01,7.39E-01,-6.91E-02,-4.16E+01,-2.10E+02,5.47E+00,-1.95E+00,2.59E-01,-5.35E-03,4.831804281,0.301265823
-7.78E+01,1.91E+01,2.30E+01,1.28E-01,7.39E-01,-6.91E-02,-4.16E+01,-2.10E+02,5.48E+00,-1.95E+00,2.59E-01,-5.32E-03,4.831804281,0.301265823
-7.79E+01,1.92E+01,2.31E+01,1.28E-01,7.39E-01,-6.91E-02,-4.16E+01,-2.10E+02,5.50E+00,-1.95E+00,2.59E-01,-5.22E-03,4.817073171,0.301265823
-7.79E+01,1.92E+01,2.31E+01,1.28E-01,7.39E-01,-6.90E-02,-4.16E+01,-2.11E+02,5.53E+00,-1.95E+00,2.59E-01,-5.09E-03,4.817073171,0.301265823
-7.79E+01,1.92E+01,2.31E+01,1.28E-01,7.39E-01,-6.90E-02,-4.17E+01,-2.11E+02,5.57E+00,-1.95E+00,2.59E-01,-4.95E-03,4.817073171,0.301265823
-7.79E+01,1.93E+01,2.31E+01,1.28E-01,7.39E-01,-6.89E-02,-4.17E+01,-2.11E+02,5.62E+00,-1.95E+00,2.58E-01,-4.75E-03,4.817073171,0.301898734
-7.80E+01,1.93E+01,2.31E+01,1.28E-01,7.38E-01,-6.89E-02,-4.17E+01,-2.11E+02,5.68E+00,-1.95E+00,2.58E-01,-4.57E-03,4.817073171,0.301898734
-7.80E+01,1.93E+01,2.31E+01,1.27E-01,7.38E-01,-6.88E-02,-4.17E+01,-2.11E+02,5.74E+00,-1.95E+00,2.58E-01,-4.37E-03,4.802431611,0.301898734
-7.80E+01,1.94E+01,2.32E+01,1.27E-01,7.38E-01,-6.88E-02,-4.18E+01,-2.11E+02,5.80E+00,-1.95E+00,2.58E-01,-4.19E-03,4.832826748,0.3
-7.80E+01,1.94E+01,2.32E+01,1.27E-01,7.38E-01,-6.87E-02,-4.18E+01,-2.11E+02,5.84E+00,-1.94E+00,2.57E-01,-4.07E-03,4.832826748,0.3
-7.80E+01,1.94E+01,2.32E+01,1.27E-01,7.38E-01,-6.86E-02,-4.18E+01,-2.11E+02,5.88E+00,-1.94E+00,2.57E-01,-3.95E-03,4.832826748,0.300628931
-7.80E+01,1.94E+01,2.32E+01,1.27E-01,7.38E-01,-6.85E-02,-4.18E+01,-2.11E+02,5.91E+00,-1.94E+00,2.57E-01,-3.88E-03,4.832826748,0.300628931
-7.80E+01,1.94E+01,2.32E+01,1.27E-01,7.38E-01,-6.85E-02,-4.18E+01,-2.11E+02,5.93E+00,-1.94E+00,2.57E-01,-3.86E-03,4.832826748,0.300628931
-7.80E+01,1.94E+01,2.31E+01,1.27E-01,7.38E-01,-6.84E-02,-4.17E+01,-2.11E+02,5.95E+00,-1.94E+00,2.57E-01,-3.86E-03,4.832826748,0.300628931
-7.79E+01,1.94E+01,2.31E+01,1.27E-01,7.38E-01,-6.84E-02,-4.17E+01,-2.11E+02,5.97E+00,-1.94E+00,2.57E-01,-3.92E-03,4.847560976,0.300628931
-7.78E+01,1.94E+01,2.31E+01,1.27E-01,7.38E-01,-6.84E-02,-4.17E+01,-2.11E+02,5.97E+00,-1.94E+00,2.57E-01,-3.99E-03,4.847560976,0.300628931
-7.78E+01,1.93E+01,2.30E+01,1.27E-01,7.38E-01,-6.84E-02,-4.16E+01,-2.11E+02,5.96E+00,-1.94E+00,2.57E-01,-4.06E-03,4.817073171,0.302531646
-7.77E+01,1.93E+01,2.30E+01,1.27E-01,7.38E-01,-6.84E-02,-4.16E+01,-2.11E+02,5.93E+00,-1.95E+00,2.57E-01,-4.18E-03,4.831804281,0.302531646
-7.76E+01,1.93E+01,2.29E+01,1.27E-01,7.38E-01,-6.84E-02,-4.15E+01,-2.10E+02,5.89E+00,-1.95E+00,2.57E-01,-4.34E-03,4.831804281,0.301898734
-7.75E+01,1.92E+01,2.29E+01,1.27E-01,7.38E-01,-6.85E-02,-4.14E+01,-2.10E+02,5.83E+00,-1.95E+00,2.57E-01,-4.51E-03,4.846625767,0.301898734
-7.74E+01,1.92E+01,2.29E+01,1.27E-01,7.38E-01,-6.85E-02,-4.14E+01,-2.10E+02,5.78E+00,-1.95E+00,2.57E-01,-4.65E-03,4.846625767,0.301898734
-7.73E+01,1.91E+01,2.28E+01,1.27E-01,7.38E-01,-6.86E-02,-4.13E+01,-2.10E+02,5.73E+00,-1.95E+00,2.57E-01,-4.75E-03,4.861538462,0.301898734
-7.72E+01,1.91E+01,2.28E+01,1.27E-01,7.38E-01,-6.87E-02,-4.13E+01,-2.10E+02,5.68E+00,-1.95E+00,2.57E-01,-4.83E-03,4.830769231,0.303821656
-7.72E+01,1.90E+01,2.27E+01,1.27E-01,7.38E-01,-6.88E-02,-4.12E+01,-2.09E+02,5.63E+00,-1.95E+00,2.58E-01,-4.90E-03,4.830769231,0.303821656
-7.71E+01,1.90E+01,2.27E+01,1.27E-01,7.38E-01,-6.89E-02,-4.12E+01,-2.09E+02,5.58E+00,-1.95E+00,2.58E-01,-4.94E-03,4.845679012,0.303821656
-7.71E+01,1.90E+01,2.27E+01,1.27E-01,7.38E-01,-6.90E-02,-4.11E+01,-2.09E+02,5.54E+00,-1.95E+00,2.58E-01,-4.98E-03,4.845679012,0.303821656
-7.71E+01,1.89E+01,2.27E+01,1.27E-01,7.38E-01,-6.91E-02,-4.11E+01,-2.09E+02,5.51E+00,-1.95E+00,2.58E-01,-4.99E-03,4.845679012,0.303821656
-7.71E+01,1.89E+01,2.27E+01,1.27E-01,7.38E-01,-6.93E-02,-4.11E+01,-2.09E+02,5.49E+00,-1.95E+00,2.59E-01,-4.96E-03,4.845679012,0.303821656
-7.72E+01,1.89E+01,2.27E+01,1.28E-01,7.38E-01,-6.94E-02,-4.11E+01,-2.09E+02,5.47E+00,-1.95E+00,2.59E-01,-4.90E-03,4.845679012,0.303821656
-7.72E+01,1.89E+01,2.27E+01,1.28E-01,7.38E-01,-6.94E-02,-4.11E+01,-2.09E+02,5.46E+00,-1.95E+00,2.59E-01,-4.82E-03,4.845679012,0.303821656
-7.73E+01,1.89E+01,2.27E+01,1.28E-01,7.38E-01,-6.95E-02,-4.11E+01,-2.10E+02,5.45E+00,-1.95E+00,2.59E-01,-4.71E-03,4.845679012,0.303821656
-7.73E+01,1.89E+01,2.28E+01,1.28E-01,7.39E-01,-6.95E-02,-4.12E+01,-2.10E+02,5.46E+00,-1.95E+00,2.60E-01,-4.57E-03,4.87654321,0.301898734
-7.74E+01,1.90E+01,2.28E+01,1.28E-01,7.39E-01,-6.95E-02,-4.12E+01,-2.10E+02,5.48E+00,-1.95E+00,2.60E-01,-4.40E-03,4.861538462,0.301898734
-7.75E+01,1.90E+01,2.28E+01,1.28E-01,7.39E-01,-6.95E-02,-4.12E+01,-2.10E+02,5.51E+00,-1.95E+00,2.60E-01,-4.18E-03,4.861538462,0.301898734
-7.75E+01,1.90E+01,2.29E+01,1.28E-01,7.39E-01,-6.95E-02,-4.13E+01,-2.10E+02,5.56E+00,-1.95E+00,2.60E-01,-3.94E-03,4.861538462,0.301898734
-7.76E+01,1.91E+01,2.29E+01,1.28E-01,7.39E-01,-6.95E-02,-4.13E+01,-2.10E+02,5.61E+00,-1.95E+00,2.60E-01,-3.70E-03,4.861538462,0.301898734
-7.76E+01,1.91E+01,2.29E+01,1.28E-01,7.39E-01,-6.94E-02,-4.13E+01,-2.10E+02,5.66E+00,-1.95E+00,2.60E-01,-3.45E-03,4.846625767,0.301898734
-7.76E+01,1.91E+01,2.29E+01,1.28E-01,7.40E-01,-6.94E-02,-4.14E+01,-2.10E+02,5.73E+00,-1.95E+00,2.59E-01,-3.19E-03,4.846625767,0.301898734
-7.76E+01,1.91E+01,2.29E+01,1.28E-01,7.40E-01,-6.93E-02,-4.14E+01,-2.10E+02,5.80E+00,-1.95E+00,2.59E-01,-2.95E-03,4.846625767,0.301898734
-7.76E+01,1.92E+01,2.29E+01,1.28E-01,7.40E-01,-6.92E-02,-4.14E+01,-2.10E+02,5.86E+00,-1.95E+00,2.59E-01,-2.73E-03,4.846625767,0.301898734
-7.76E+01,1.92E+01,2.29E+01,1.28E-01,7.40E-01,-6.92E-02,-4.14E+01,-2.10E+02,5.92E+00,-1.95E+00,2.59E-01,-2.57E-03,4.846625767,0.301265823
-7.75E+01,1.92E+01,2.29E+01,1.28E-01,7.40E-01,-6.91E-02,-4.13E+01,-2.10E+02,5.97E+00,-1.95E+00,2.59E-01,-2.46E-03,4.846625767,0.301265823
-7.75E+01,1.92E+01,2.29E+01,1.28E-01,7.40E-01,-6.91E-02,-4.13E+01,-2.10E+02,6.01E+00,-1.95E+00,2.59E-01,-2.37E-03,4.830769231,0.303184713
-7.74E+01,1.92E+01,2.28E+01,1.28E-01,7.40E-01,-6.91E-02,-4.13E+01,-2.09E+02,6.04E+00,-1.95E+00,2.59E-01,-2.35E-03,4.830769231,0.302547771
-7.74E+01,1.92E+01,2.28E+01,1.28E-01,7.40E-01,-6.91E-02,-4.13E+01,-2.09E+02,6.05E+00,-1.95E+00,2.59E-01,-2.39E-03,4.830769231,0.302547771
-7.74E+01,1.92E+01,2.28E+01,1.28E-01,7.40E-01,-6.91E-02,-4.12E+01,-2.09E+02,6.05E+00,-1.95E+00,2.59E-01,-2.45E-03,4.830769231,0.301910828
-7.73E+01,1.91E+01,2.28E+01,1.28E-01,7.40E-01,-6.91E-02,-4.12E+01,-2.09E+02,6.02E+00,-1.95E+00,2.59E-01,-2.55E-03,4.830769231,0.301910828
-7.73E+01,1.91E+01,2.28E+01,1.28E-01,7.40E-01,-6.91E-02,-4.12E+01,-2.09E+02,5.97E+00,-1.95E+00,2.59E-01,-2.74E-03,4.830769231,0.301910828
-7.73E+01,1.91E+01,2.28E+01,1.28E-01,7.40E-01,-6.91E-02,-4.13E+01,-2.09E+02,5.90E+00,-1.95E+00,2.59E-01,-2.97E-03,4.830769231,0.301273885
-7.73E+01,1.91E+01,2.28E+01,1.28E-01,7.40E-01,-6.91E-02,-4.13E+01,-2.09E+02,5.83E+00,-1.95E+00,2.59E-01,-3.18E-03,4.830769231,0.301273885
-7.73E+01,1.91E+01,2.28E+01,1.28E-01,7.40E-01,-6.91E-02,-4.13E+01,-2.09E+02,5.75E+00,-1.95E+00,2.59E-01,-3.35E-03,4.830769231,0.300636943
-7.73E+01,1.90E+01,2.28E+01,1.28E-01,7.39E-01,-6.91E-02,-4.13E+01,-2.08E+02,5.66E+00,-1.95E+00,2.59E-01,-3.50E-03,4.830769231,0.300636943
-7.73E+01,1.90E+01,2.28E+01,1.28E-01,7.39E-01,-6.91E-02,-4.14E+01,-2.08E+02,5.58E+00,-1.95E+00,2.59E-01,-3.64E-03,4.81595092,0.300636943
-7.73E+01,1.90E+01,2.29E+01,1.28E-01,7.39E-01,-6.90E-02,-4.14E+01,-2.08E+02,5.50E+00,-1.95E+00,2.59E-01,-3.79E-03,4.81595092,0.3
-7.73E+01,1.90E+01,2.29E+01,1.28E-01,7.39E-01,-6.90E-02,-4.14E+01,-2.08E+02,5.43E+00,-1.95E+00,2.59E-01,-3.96E-03,4.81595092,0.3
-7.73E+01,1.90E+01,2.29E+01,1.27E-01,7.39E-01,-6.90E-02,-4.15E+01,-2.08E+02,5.37E+00,-1.95E+00,2.59E-01,-4.10E-03,4.801223242,0.3
-7.73E+01,1.90E+01,2.29E+01,1.27E-01,7.38E-01,-6.89E-02,-4.15E+01,-2.08E+02,5.33E+00,-1.94E+00,2.59E-01,-4.21E-03,4.801223242,0.3
-7.73E+01,1.90E+01,2.29E+01,1.27E-01,7.38E-01,-6.89E-02,-4.15E+01,-2.08E+02,5.32E+00,-1.94E+00,2.58E-01,-4.28E-03,4.801223242,0.299363057
-7.73E+01,1.91E+01,2.29E+01,1.27E-01,7.38E-01,-6.88E-02,-4.15E+01,-2.08E+02,5.34E+00,-1.94E+00,2.58E-01,-4.33E-03,4.801223242,0.299363057
-7.73E+01,1.91E+01,2.29E+01,1.27E-01,7.38E-01,-6.88E-02,-4.15E+01,-2.08E+02,5.40E+00,-1.94E+00,2.58E-01,-4.32E-03,4.770642202,0.301282051
-7.73E+01,1.91E+01,2.29E+01,1.27E-01,7.38E-01,-6.87E-02,-4.15E+01,-2.08E+02,5.47E+00,-1.94E+00,2.58E-01,-4.29E-03,4.770642202,0.301282051
-7.73E+01,1.92E+01,2.29E+01,1.27E-01,7.39E-01,-6.87E-02,-4.15E+01,-2.08E+02,5.55E+00,-1.94E+00,2.58E-01,-4.19E-03,4.770642202,0.301282051
-7.72E+01,1.92E+01,2.29E+01,1.27E-01,7.39E-01,-6.86E-02,-4.15E+01,-2.08E+02,5.64E+00,-1.95E+00,2.58E-01,-4.03E-03,4.785276074,0.301282051
-7.72E+01,1.92E+01,2.28E+01,1.27E-01,7.39E-01,-6.86E-02,-4.14E+01,-2.08E+02,5.73E+00,-1.95E+00,2.58E-01,-3.84E-03,4.785276074,0.301282051
-7.72E+01,1.92E+01,2.28E+01,1.27E-01,7.39E-01,-6.86E-02,-4.14E+01,-2.08E+02,5.82E+00,-1.95E+00,2.58E-01,-3.62E-03,4.785276074,0.301282051
-7.71E+01,1.92E+01,2.28E+01,1.27E-01,7.39E-01,-6.87E-02,-4.13E+01,-2.08E+02,5.90E+00,-1.95E+00,2.58E-01,-3.42E-03,4.8,0.301282051
-7.71E+01,1.92E+01,2.28E+01,1.27E-01,7.39E-01,-6.87E-02,-4.13E+01,-2.08E+02,5.96E+00,-1.95E+00,2.58E-01,-3.20E-03,4.8,0.301282051
-7.71E+01,1.92E+01,2.28E+01,1.27E-01,7.40E-01,-6.88E-02,-4.12E+01,-2.08E+02,6.01E+00,-1.95E+00,2.59E-01,-3.03E-03,4.8,0.301282051
-7.71E+01,1.92E+01,2.27E+01,1.27E-01,7.40E-01,-6.88E-02,-4.12E+01,-2.08E+02,6.04E+00,-1.95E+00,2.59E-01,-2.87E-03,4.814814815,0.301282051
-7.71E+01,1.92E+01,2.27E+01,1.27E-01,7.40E-01,-6.89E-02,-4.11E+01,-2.08E+02,6.05E+00,-1.95E+00,2.59E-01,-2.75E-03,4.814814815,0.301923077
-7.71E+01,1.91E+01,2.27E+01,1.27E-01,7.40E-01,-6.90E-02,-4.11E+01,-2.08E+02,6.05E+00,-1.95E+00,2.59E-01,-2.67E-03,4.814814815,0.301923077
-7.71E+01,1.91E+01,2.27E+01,1.27E-01,7.40E-01,-6.91E-02,-4.11E+01,-2.08E+02,6.03E+00,-1.95E+00,2.59E-01,-2.67E-03,4.814814815,0.301923077
-7.71E+01,1.91E+01,2.27E+01,1.27E-01,7.39E-01,-6.92E-02,-4.11E+01,-2.08E+02,5.99E+00,-1.95E+00,2.60E-01,-2.72E-03,4.814814815,0.301923077
-7.71E+01,1.90E+01,2.27E+01,1.28E-01,7.39E-01,-6.93E-02,-4.11E+01,-2.08E+02,5.93E+00,-1.95E+00,2.60E-01,-2.83E-03,4.814814815,0.301923077
-7.72E+01,1.90E+01,2.27E+01,1.28E-01,7.39E-01,-6.93E-02,-4.11E+01,-2.08E+02,5.86E+00,-1.95E+00,2.60E-01,-2.97E-03,4.814814815,0.301923077
-7.72E+01,1.90E+01,2.27E+01,1.28E-01,7.39E-01,-6.94E-02,-4.11E+01,-2.08E+02,5.79E+00,-1.94E+00,2.60E-01,-3.14E-03,4.814814815,0.301923077
-7.72E+01,1.89E+01,2.27E+01,1.28E-01,7.39E-01,-6.94E-02,-4.11E+01,-2.08E+02,5.73E+00,-1.94E+00,2.60E-01,-3.35E-03,4.814814815,0.301923077
-7.72E+01,1.89E+01,2.28E+01,1.28E-01,7.39E-01,-6.94E-02,-4.11E+01,-2.08E+02,5.67E+00,-1.94E+00,2.60E-01,-3.57E-03,4.814814815,0.301923077
-7.72E+01,1.89E+01,2.28E+01,1.28E-01,7.39E-01,-6.94E-02,-4.11E+01,-2.08E+02,5.61E+00,-1.94E+00,2.60E-01,-3.79E-03,4.814814815,0.301923077
-7.71E+01,1.89E+01,2.28E+01,1.28E-01,7.39E-01,-6.94E-02,-4.11E+01,-2.08E+02,5.57E+00,-1.94E+00,2.60E-01,-4.00E-03,4.814814815,0.301923077
-7.71E+01,1.89E+01,2.28E+01,1.28E-01,7.39E-01,-6.93E-02,-4.11E+01,-2.08E+02,5.53E+00,-1.94E+00,2.60E-01,-4.23E-03,4.814814815,0.301923077
-7.71E+01,1.89E+01,2.28E+01,1.28E-01,7.38E-01,-6.93E-02,-4.11E+01,-2.08E+02,5.51E+00,-1.94E+00,2.60E-01,-4.44E-03,4.814814815,0.301923077
-7.71E+01,1.89E+01,2.28E+01,1.27E-01,7.38E-01,-6.92E-02,-4.12E+01,-2.08E+02,5.51E+00,-1.94E+00,2.59E-01,-4.65E-03,4.814814815,0.301923077
-7.71E+01,1.89E+01,2.28E+01,1.27E-01,7.38E-01,-6.92E-02,-4.12E+01,-2.08E+02,5.52E+00,-1.94E+00,2.59E-01,-4.84E-03,4.814814815,0.302564103
-7.71E+01,1.89E+01,2.28E+01,1.27E-01,7.38E-01,-6.91E-02,-4.12E+01,-2.08E+02,5.56E+00,-1.94E+00,2.59E-01,-4.98E-03,4.814814815,0.302564103
-7.71E+01,1.90E+01,2.28E+01,1.27E-01,7.38E-01,-6.90E-02,-4.12E+01,-2.08E+02,5.61E+00,-1.94E+00,2.59E-01,-5.10E-03,4.814814815,0.302564103
-7.71E+01,1.90E+01,2.28E+01,1.27E-01,7.38E-01,-6.89E-02,-4.12E+01,-2.08E+02,5.67E+00,-1.94E+00,2.59E-01,-5.18E-03,4.814814815,0.302564103
-7.71E+01,1.91E+01,2.28E+01,1.27E-01,7.38E-01,-6.89E-02,-4.12E+01,-2.08E+02,5.73E+00,-1.94E+00,2.59E-01,-5.21E-03,4.830769231,0.300636943
-7.72E+01,1.91E+01,2.28E+01,1.27E-01,7.38E-01,-6.88E-02,-4.12E+01,-2.08E+02,5.79E+00,-1.94E+00,2.59E-01,-5.23E-03,4.830769231,0.300636943
-7.72E+01,1.92E+01,2.28E+01,1.27E-01,7.38E-01,-6.87E-02,-4.13E+01,-2.09E+02,5.84E+00,-1.94E+00,2.59E-01,-5.21E-03,4.830769231,0.300636943
-7.73E+01,1.92E+01,2.29E+01,1.27E-01,7.38E-01,-6.87E-02,-4.13E+01,-2.09E+02,5.86E+00,-1.94E+00,2.59E-01,-5.20E-03,4.830769231,0.300636943
-7.73E+01,1.92E+01,2.29E+01,1.27E-01,7.38E-01,-6.86E-02,-4.14E+01,-2.09E+02,5.88E+00,-1.94E+00,2.59E-01,-5.15E-03,4.81595092,0.300636943
-7.74E+01,1.93E+01,2.29E+01,1.27E-01,7.38E-01,-6.86E-02,-4.14E+01,-2.09E+02,5.89E+00,-1.94E+00,2.59E-01,-5.06E-03,4.81595092,0.300636943
-7.74E+01,1.93E+01,2.30E+01,1.27E-01,7.38E-01,-6.86E-02,-4.15E+01,-2.09E+02,5.89E+00,-1.94E+00,2.59E-01,-4.94E-03,4.801223242,0.300636943
-7.75E+01,1.93E+01,2.30E+01,1.27E-01,7.38E-01,-6.85E-02,-4.15E+01,-2.09E+02,5.88E+00,-1.94E+00,2.59E-01,-4.81E-03,4.801223242,0.300636943
-7.75E+01,1.93E+01,2.30E+01,1.27E-01,7.38E-01,-6.85E-02,-4.16E+01,-2.09E+02,5.85E+00,-1.94E+00,2.59E-01,-4.64E-03,4.801223242,0.300636943
-7.76E+01,1.93E+01,2.31E+01,1.27E-01,7.38E-01,-6.85E-02,-4.16E+01,-2.09E+02,5.81E+00,-1.94E+00,2.59E-01,-4.46E-03,4.786585366,0.300636943
-7.76E+01,1.93E+01,2.31E+01,1.27E-01,7.38E-01,-6.85E-02,-4.17E+01,-2.09E+02,5.78E+00,-1.94E+00,2.59E-01,-4.27E-03,4.786585366,0.300636943
-7.76E+01,1.93E+01,2.31E+01,1.27E-01,7.38E-01,-6.85E-02,-4.17E+01,-2.10E+02,5.74E+00,-1.94E+00,2.59E-01,-4.10E-03,4.786585366,0.300636943
-7.76E+01,1.93E+01,2.31E+01,1.27E-01,7.38E-01,-6.85E-02,-4.17E+01,-2.10E+02,5.70E+00,-1.94E+00,2.58E-01,-3.93E-03,4.772036474,0.300636943
-7.76E+01,1.92E+01,2.31E+01,1.27E-01,7.38E-01,-6.85E-02,-4.18E+01,-2.10E+02,5.65E+00,-1.94E+00,2.58E-01,-3.77E-03,4.772036474,0.300636943
-7.76E+01,1.92E+01,2.31E+01,1.27E-01,7.38E-01,-6.85E-02,-4.18E+01,-2.10E+02,5.60E+00,-1.94E+00,2.58E-01,-3.65E-03,4.772036474,0.300636943
-7.76E+01,1.92E+01,2.31E+01,1.27E-01,7.38E-01,-6.85E-02,-4.17E+01,-2.10E+02,5.55E+00,-1.94E+00,2.58E-01,-3.51E-03,4.772036474,0.301273885
-7.75E+01,1.91E+01,2.30E+01,1.27E-01,7.38E-01,-6.85E-02,-4.17E+01,-2.10E+02,5.51E+00,-1.94E+00,2.58E-01,-3.43E-03,4.786585366,0.301273885
-7.75E+01,1.91E+01,2.30E+01,1.27E-01,7.38E-01,-6.85E-02,-4.17E+01,-2.09E+02,5.49E+00,-1.94E+00,2.58E-01,-3.39E-03,4.786585366,0.301273885
-7.74E+01,1.91E+01,2.30E+01,1.27E-01,7.38E-01,-6.86E-02,-4.16E+01,-2.09E+02,5.48E+00,-1.94E+00,2.58E-01,-3.36E-03,4.801223242,0.301273885
-7.73E+01,1.90E+01,2.29E+01,1.27E-01,7.39E-01,-6.86E-02,-4.15E+01,-2.09E+02,5.47E+00,-1.94E+00,2.58E-01,-3.36E-03,4.801223242,0.301273885
-7.72E+01,1.90E+01,2.29E+01,1.27E-01,7.39E-01,-6.86E-02,-4.14E+01,-2.09E+02,5.46E+00,-1.94E+00,2.58E-01,-3.44E-03,4.81595092,0.301273885
-7.72E+01,1.90E+01,2.28E+01,1.27E-01,7.39E-01,-6.87E-02,-4.14E+01,-2.09E+02,5.45E+00,-1.94E+00,2.58E-01,-3.57E-03,4.81595092,0.301273885
-7.71E+01,1.89E+01,2.28E+01,1.27E-01,7.39E-01,-6.87E-02,-4.13E+01,-2.09E+02,5.46E+00,-1.94E+00,2.59E-01,-3.71E-03,4.830769231,0.301273885
-7.71E+01,1.89E+01,2.28E+01,1.27E-01,7.39E-01,-6.88E-02,-4.13E+01,-2.09E+02,5.47E+00,-1.94E+00,2.59E-01,-3.82E-03,4.830769231,0.301273885
-7.70E+01,1.89E+01,2.28E+01,1.27E-01,7.39E-01,-6.88E-02,-4.12E+01,-2.09E+02,5.49E+00,-1.94E+00,2.59E-01,-3.88E-03,4.830769231,0.301273885
-7.70E+01,1.89E+01,2.27E+01,1.28E-01,7.39E-01,-6.89E-02,-4.12E+01,-2.08E+02,5.52E+00,-1.95E+00,2.59E-01,-3.90E-03,4.845679012,0.301273885
-7.70E+01,1.89E+01,2.27E+01,1.28E-01,7.39E-01,-6.89E-02,-4.11E+01,-2.08E+02,5.55E+00,-1.95E+00,2.59E-01,-3.94E-03,4.845679012,0.301273885
-7.70E+01,1.89E+01,2.27E+01,1.28E-01,7.39E-01,-6.89E-02,-4.11E+01,-2.08E+02,5.58E+00,-1.95E+00,2.59E-01,-4.01E-03,4.845679012,0.301273885
-7.71E+01,1.90E+01,2.27E+01,1.28E-01,7.39E-01,-6.89E-02,-4.11E+01,-2.08E+02,5.61E+00,-1.95E+00,2.59E-01,-4.07E-03,4.845679012,0.300636943
-7.71E+01,1.90E+01,2.28E+01,1.28E-01,7.39E-01,-6.89E-02,-4.12E+01,-2.08E+02,5.64E+00,-1.95E+00,2.59E-01,-4.13E-03,4.814814815,0.302564103
-7.71E+01,1.90E+01,2.28E+01,1.28E-01,7.39E-01,-6.89E-02,-4.12E+01,-2.08E+02,5.66E+00,-1.95E+00,2.59E-01,-4.19E-03,4.814814815,0.302564103
-7.72E+01,1.90E+01,2.28E+01,1.28E-01,7.39E-01,-6.89E-02,-4.12E+01,-2.08E+02,5.68E+00,-1.95E+00,2.59E-01,-4.21E-03,4.814814815,0.302564103
-7.72E+01,1.91E+01,2.28E+01,1.28E-01,7.39E-01,-6.89E-02,-4.12E+01,-2.08E+02,5.71E+00,-1.95E+00,2.59E-01,-4.21E-03,4.8,0.301923077
-7.72E+01,1.91E+01,2.28E+01,1.28E-01,7.39E-01,-6.89E-02,-4.12E+01,-2.08E+02,5.74E+00,-1.95E+00,2.59E-01,-4.17E-03,4.8,0.301923077
-7.73E+01,1.91E+01,2.28E+01,1.28E-01,7.39E-01,-6.89E-02,-4.12E+01,-2.08E+02,5.76E+00,-1.95E+00,2.59E-01,-4.12E-03,4.8,0.301923077
-7.73E+01,1.91E+01,2.28E+01,1.28E-01,7.39E-01,-6.89E-02,-4.13E+01,-2.08E+02,5.76E+00,-1.95E+00,2.59E-01,-4.04E-03,4.8,0.301923077
-7.73E+01,1.91E+01,2.28E+01,1.27E-01,7.39E-01,-6.89E-02,-4.13E+01,-2.08E+02,5.74E+00,-1.95E+00,2.59E-01,-3.96E-03,4.8,0.301923077
-7.73E+01,1.91E+01,2.28E+01,1.27E-01,7.39E-01,-6.89E-02,-4.13E+01,-2.08E+02,5.72E+00,-1.95E+00,2.59E-01,-3.87E-03,4.8,0.301923077
-7.73E+01,1.91E+01,2.28E+01,1.27E-01,7.39E-01,-6.90E-02,-4.13E+01,-2.08E+02,5.70E+00,-1.95E+00,2.59E-01,-3.78E-03,4.8,0.301923077
-7.73E+01,1.91E+01,2.28E+01,1.27E-01,7.39E-01,-6.90E-02,-4.13E+01,-2.08E+02,5.69E+00,-1.95E+00,2.59E-01,-3.68E-03,4.8,0.301923077
-7.73E+01,1.91E+01,2.28E+01,1.27E-01,7.39E-01,-6.90E-02,-4.13E+01,-2.08E+02,5.66E+00,-1.95E+00,2.59E-01,-3.58E-03,4.830769231,0.3
-7.73E+01,1.91E+01,2.28E+01,1.27E-01,7.39E-01,-6.90E-02,-4.13E+01,-2.08E+02,5.63E+00,-1.95E+00,2.59E-01,-3.48E-03,4.830769231,0.300636943
-7.73E+01,1.91E+01,2.28E+01,1.27E-01,7.39E-01,-6.90E-02,-4.13E+01,-2.08E+02,5.60E+00,-1.95E+00,2.59E-01,-3.41E-03,4.830769231,0.300636943
-7.73E+01,1.90E+01,2.28E+01,1.27E-01,7.39E-01,-6.91E-02,-4.13E+01,-2.08E+02,5.58E+00,-1.95E+00,2.60E-01,-3.39E-03,4.830769231,0.300636943
-7.73E+01,1.90E+01,2.28E+01,1.27E-01,7.39E-01,-6.91E-02,-4.13E+01,-2.09E+02,5.56E+00,-1.95E+00,2.60E-01,-3.38E-03,4.830769231,0.300636943
-7.73E+01,1.90E+01,2.28E+01,1.27E-01,7.39E-01,-6.91E-02,-4.13E+01,-2.09E+02,5.53E+00,-1.95E+00,2.60E-01,-3.42E-03,4.830769231,0.300636943
-7.73E+01,1.90E+01,2.28E+01,1.27E-01,7.39E-01,-6.91E-02,-4.13E+01,-2.09E+02,5.50E+00,-1.95E+00,2.60E-01,-3.54E-03,4.830769231,0.301273885
-7.73E+01,1.90E+01,2.28E+01,1.27E-01,7.39E-01,-6.91E-02,-4.13E+01,-2.09E+02,5.45E+00,-1.95E+00,2.60E-01,-3.64E-03,4.830769231,0.301273885
-7.72E+01,1.89E+01,2.28E+01,1.27E-01,7.39E-01,-6.91E-02,-4.13E+01,-2.09E+02,5.42E+00,-1.95E+00,2.60E-01,-3.79E-03,4.830769231,0.301273885
-7.72E+01,1.89E+01,2.28E+01,1.28E-01,7.39E-01,-6.91E-02,-4.13E+01,-2.09E+02,5.40E+00,-1.95E+00,2.60E-01,-3.94E-03,4.830769231,0.301273885
-7.72E+01,1.89E+01,2.28E+01,1.28E-01,7.39E-01,-6.91E-02,-4.13E+01,-2.09E+02,5.39E+00,-1.95E+00,2.60E-01,-4.05E-03,4.830769231,0.300636943
-7.72E+01,1.89E+01,2.28E+01,1.28E-01,7.39E-01,-6.91E-02,-4.13E+01,-2.08E+02,5.41E+00,-1.95E+00,2.60E-01,-4.16E-03,4.830769231,0.300636943
-7.72E+01,1.89E+01,2.28E+01,1.28E-01,7.39E-01,-6.91E-02,-4.13E+01,-2.08E+02,5.43E+00,-1.95E+00,2.60E-01,-4.27E-03,4.830769231,0.300636943
-7.71E+01,1.90E+01,2.28E+01,1.28E-01,7.39E-01,-6.91E-02,-4.13E+01,-2.08E+02,5.47E+00,-1.95E+00,2.60E-01,-4.35E-03,4.830769231,0.300636943
-7.71E+01,1.90E+01,2.28E+01,1.28E-01,7.39E-01,-6.91E-02,-4.13E+01,-2.08E+02,5.53E+00,-1.95E+00,2.60E-01,-4.43E-03,4.830769231,0.300636943
-7.71E+01,1.90E+01,2.28E+01,1.28E-01,7.39E-01,-6.91E-02,-4.12E+01,-2.08E+02,5.60E+00,-1.95E+00,2.60E-01,-4.46E-03,4.830769231,0.300636943
-7.71E+01,1.90E+01,2.28E+01,1.28E-01,7.39E-01,-6.91E-02,-4.12E+01,-2.08E+02,5.67E+00,-1.95E+00,2.60E-01,-4.48E-03,4.830769231,0.300636943
-7.71E+01,1.90E+01,2.28E+01,1.28E-01,7.39E-01,-6.91E-02,-4.12E+01,-2.08E+02,5.74E+00,-1.95E+00,2.60E-01,-4.48E-03,4.830769231,0.300636943
-7.71E+01,1.91E+01,2.28E+01,1.28E-01,7.39E-01,-6.91E-02,-4.12E+01,-2.08E+02,5.80E+00,-1.95E+00,2.61E-01,-4.44E-03,4.830769231,0.300636943
-7.72E+01,1.91E+01,2.28E+01,1.28E-01,7.39E-01,-6.91E-02,-4.12E+01,-2.08E+02,5.87E+00,-1.95E+00,2.61E-01,-4.43E-03,4.830769231,0.300636943
-7.72E+01,1.91E+01,2.28E+01,1.28E-01,7.40E-01,-6.91E-02,-4.12E+01,-2.09E+02,5.93E+00,-1.95E+00,2.61E-01,-4.39E-03,4.845679012,0.300636943
-7.72E+01,1.91E+01,2.28E+01,1.28E-01,7.40E-01,-6.91E-02,-4.12E+01,-2.09E+02,5.98E+00,-1.95E+00,2.61E-01,-4.31E-03,4.845679012,0.301273885
-7.73E+01,1.92E+01,2.28E+01,1.28E-01,7.40E-01,-6.91E-02,-4.12E+01,-2.09E+02,6.01E+00,-1.95E+00,2.61E-01,-4.22E-03,4.830769231,0.301273885
-7.73E+01,1.92E+01,2.28E+01,1.28E-01,7.40E-01,-6.92E-02,-4.12E+01,-2.09E+02,6.01E+00,-1.95E+00,2.61E-01,-4.11E-03,4.830769231,0.301273885
-7.74E+01,1.92E+01,2.29E+01,1.28E-01,7.40E-01,-6.92E-02,-4.12E+01,-2.09E+02,5.99E+00,-1.95E+00,2.61E-01,-4.01E-03,4.830769231,0.301910828
-7.75E+01,1.92E+01,2.29E+01,1.28E-01,7.40E-01,-6.92E-02,-4.13E+01,-2.09E+02,5.95E+00,-1.95E+00,2.61E-01,-3.92E-03,4.830769231,0.301910828
-7.75E+01,1.91E+01,2.29E+01,1.28E-01,7.40E-01,-6.92E-02,-4.13E+01,-2.09E+02,5.90E+00,-1.95E+00,2.61E-01,-3.84E-03,4.830769231,0.302547771
-7.76E+01,1.91E+01,2.29E+01,1.28E-01,7.40E-01,-6.92E-02,-4.13E+01,-2.10E+02,5.84E+00,-1.95E+00,2.60E-01,-3.80E-03,4.846625767,0.300632911
-7.76E+01,1.91E+01,2.29E+01,1.28E-01,7.40E-01,-6.92E-02,-4.14E+01,-2.10E+02,5.77E+00,-1.95E+00,2.60E-01,-3.74E-03,4.846625767,0.301265823
-7.77E+01,1.91E+01,2.29E+01,1.28E-01,7.40E-01,-6.92E-02,-4.14E+01,-2.10E+02,5.70E+00,-1.95E+00,2.60E-01,-3.77E-03,4.846625767,0.301265823
-7.77E+01,1.91E+01,2.29E+01,1.28E-01,7.40E-01,-6.92E-02,-4.14E+01,-2.10E+02,5.63E+00,-1.95E+00,2.60E-01,-3.83E-03,4.846625767,0.301265823
-7.77E+01,1.91E+01,2.30E+01,1.28E-01,7.40E-01,-6.91E-02,-4.14E+01,-2.10E+02,5.56E+00,-1.95E+00,2.60E-01,-3.93E-03,4.846625767,0.301898734
-7.78E+01,1.90E+01,2.30E+01,1.28E-01,7.40E-01,-6.91E-02,-4.15E+01,-2.10E+02,5.51E+00,-1.95E+00,2.59E-01,-4.05E-03,4.831804281,0.301898734
-7.78E+01,1.90E+01,2.30E+01,1.28E-01,7.39E-01,-6.91E-02,-4.15E+01,-2.10E+02,5.47E+00,-1.95E+00,2.59E-01,-4.19E-03,4.831804281,0.301898734
-7.78E+01,1.90E+01,2.30E+01,1.28E-01,7.39E-01,-6.90E-02,-4.15E+01,-2.10E+02,5.45E+00,-1.95E+00,2.59E-01,-4.37E-03,4.831804281,0.301898734
-7.77E+01,1.90E+01,2.30E+01,1.28E-01,7.39E-01,-6.90E-02,-4.15E+01,-2.10E+02,5.45E+00,-1.95E+00,2.59E-01,-4.53E-03,4.831804281,0.301898734
-7.77E+01,1.90E+01,2.29E+01,1.28E-01,7.39E-01,-6.89E-02,-4.14E+01,-2.10E+02,5.49E+00,-1.95E+00,2.59E-01,-4.66E-03,4.846625767,0.301898734
-7.76E+01,1.91E+01,2.29E+01,1.27E-01,7.39E-01,-6.89E-02,-4.14E+01,-2.10E+02,5.55E+00,-1.95E+00,2.59E-01,-4.70E-03,4.846625767,0.301898734
-7.75E+01,1.91E+01,2.29E+01,1.27E-01,7.39E-01,-6.88E-02,-4.14E+01,-2.10E+02,5.62E+00,-1.95E+00,2.59E-01,-4.72E-03,4.846625767,0.301898734
-7.75E+01,1.91E+01,2.29E+01,1.27E-01,7.39E-01,-6.88E-02,-4.13E+01,-2.10E+02,5.70E+00,-1.95E+00,2.59E-01,-4.74E-03,4.846625767,0.301898734
-7.74E+01,1.91E+01,2.28E+01,1.28E-01,7.39E-01,-6.87E-02,-4.13E+01,-2.10E+02,5.78E+00,-1.95E+00,2.59E-01,-4.74E-03,4.861538462,0.302531646
-7.74E+01,1.91E+01,2.28E+01,1.28E-01,7.39E-01,-6.87E-02,-4.13E+01,-2.10E+02,5.85E+00,-1.95E+00,2.59E-01,-4.70E-03,4.861538462,0.302531646
-7.73E+01,1.92E+01,2.28E+01,1.28E-01,7.40E-01,-6.87E-02,-4.12E+01,-2.10E+02,5.91E+00,-1.95E+00,2.59E-01,-4.62E-03,4.861538462,0.302531646
-7.73E+01,1.92E+01,2.28E+01,1.28E-01,7.40E-01,-6.87E-02,-4.12E+01,-2.10E+02,5.96E+00,-1.95E+00,2.59E-01,-4.53E-03,4.87654321,0.302531646
-7.72E+01,1.92E+01,2.27E+01,1.28E-01,7.40E-01,-6.87E-02,-4.11E+01,-2.10E+02,6.01E+00,-1.95E+00,2.59E-01,-4.42E-03,4.87654321,0.302531646
-7.72E+01,1.92E+01,2.27E+01,1.28E-01,7.40E-01,-6.88E-02,-4.11E+01,-2.10E+02,6.03E+00,-1.95E+00,2.59E-01,-4.29E-03,4.87654321,0.302531646
-7.73E+01,1.92E+01,2.27E+01,1.28E-01,7.40E-01,-6.88E-02,-4.11E+01,-2.10E+02,6.04E+00,-1.95E+00,2.59E-01,-4.15E-03,4.87654321,0.302531646
-7.73E+01,1.92E+01,2.28E+01,1.28E-01,7.40E-01,-6.89E-02,-4.11E+01,-2.10E+02,6.03E+00,-1.95E+00,2.60E-01,-3.99E-03,4.87654321,0.301898734
-7.73E+01,1.92E+01,2.28E+01,1.28E-01,7.40E-01,-6.90E-02,-4.11E+01,-2.10E+02,6.01E+00,-1.95E+00,2.60E-01,-3.82E-03,4.87654321,0.301898734
-7.74E+01,1.92E+01,2.28E+01,1.28E-01,7.40E-01,-6.91E-02,-4.12E+01,-2.10E+02,5.96E+00,-1.95E+00,2.60E-01,-3.64E-03,4.87654321,0.301898734
-7.74E+01,1.92E+01,2.28E+01,1.28E-01,7.40E-01,-6.91E-02,-4.12E+01,-2.10E+02,5.91E+00,-1.95E+00,2.60E-01,-3.46E-03,4.861538462,0.301898734
-7.75E+01,1.91E+01,2.29E+01,1.28E-01,7.40E-01,-6.92E-02,-4.12E+01,-2.10E+02,5.84E+00,-1.95E+00,2.60E-01,-3.30E-03,4.861538462,0.301898734
-7.76E+01,1.91E+01,2.29E+01,1.28E-01,7.40E-01,-6.93E-02,-4.13E+01,-2.10E+02,5.76E+00,-1.95E+00,2.60E-01,-3.15E-03,4.861538462,0.301898734
-7.76E+01,1.91E+01,2.29E+01,1.28E-01,7.40E-01,-6.93E-02,-4.13E+01,-2.10E+02,5.70E+00,-1.95E+00,2.60E-01,-2.98E-03,4.846625767,0.302531646
-7.77E+01,1.91E+01,2.30E+01,1.28E-01,7.40E-01,-6.93E-02,-4.14E+01,-2.10E+02,5.64E+00,-1.95E+00,2.60E-01,-2.85E-03,4.846625767,0.302531646
-7.77E+01,1.91E+01,2.30E+01,1.28E-01,7.40E-01,-6.93E-02,-4.14E+01,-2.11E+02,5.59E+00,-1.95E+00,2.60E-01,-2.75E-03,4.846625767,0.302531646
-7.78E+01,1.91E+01,2.30E+01,1.28E-01,7.40E-01,-6.93E-02,-4.15E+01,-2.11E+02,5.56E+00,-1.95E+00,2.60E-01,-2.70E-03,4.831804281,0.302531646
-7.78E+01,1.91E+01,2.30E+01,1.28E-01,7.40E-01,-6.93E-02,-4.15E+01,-2.11E+02,5.54E+00,-1.95E+00,2.60E-01,-2.71E-03,4.831804281,0.302531646
-7.78E+01,1.91E+01,2.30E+01,1.28E-01,7.40E-01,-6.93E-02,-4.15E+01,-2.11E+02,5.53E+00,-1.95E+00,2.59E-01,-2.75E-03,4.831804281,0.302531646
-7.78E+01,1.91E+01,2.30E+01,1.28E-01,7.40E-01,-6.92E-02,-4.15E+01,-2.11E+02,5.53E+00,-1.95E+00,2.59E-01,-2.81E-03,4.831804281,0.302531646
-7.77E+01,1.91E+01,2.30E+01,1.28E-01,7.40E-01,-6.92E-02,-4.15E+01,-2.11E+02,5.54E+00,-1.95E+00,2.59E-01,-2.90E-03,4.831804281,0.302531646
-7.77E+01,1.91E+01,2.29E+01,1.28E-01,7.40E-01,-6.91E-02,-4.15E+01,-2.10E+02,5.57E+00,-1.95E+00,2.59E-01,-3.02E-03,4.831804281,0.302531646
-7.76E+01,1.91E+01,2.29E+01,1.28E-01,7.40E-01,-6.91E-02,-4.15E+01,-2.10E+02,5.61E+00,-1.95E+00,2.59E-01,-3.11E-03,4.846625767,0.302531646
-7.76E+01,1.91E+01,2.29E+01,1.28E-01,7.40E-01,-6.91E-02,-4.14E+01,-2.10E+02,5.66E+00,-1.95E+00,2.58E-01,-3.19E-03,4.846625767,0.301898734
-7.75E+01,1.91E+01,2.29E+01,1.28E-01,7.40E-01,-6.90E-02,-4.14E+01,-2.10E+02,5.70E+00,-1.95E+00,2.58E-01,-3.23E-03,4.846625767,0.301898734
-7.74E+01,1.91E+01,2.28E+01,1.28E-01,7.40E-01,-6.90E-02,-4.13E+01,-2.10E+02,5.75E+00,-1.95E+00,2.58E-01,-3.26E-03,4.846625767,0.301898734
-7.74E+01,1.91E+01,2.28E+01,1.28E-01,7.40E-01,-6.90E-02,-4.13E+01,-2.10E+02,5.79E+00,-1.95E+00,2.58E-01,-3.35E-03,4.861538462,0.301898734
-7.73E+01,1.91E+01,2.28E+01,1.28E-01,7.40E-01,-6.90E-02,-4.13E+01,-2.10E+02,5.83E+00,-1.95E+00,2.58E-01,-3.38E-03,4.830769231,0.303821656
-7.73E+01,1.91E+01,2.28E+01,1.28E-01,7.40E-01,-6.90E-02,-4.13E+01,-2.10E+02,5.85E+00,-1.95E+00,2.58E-01,-3.37E-03,4.830769231,0.303821656
-7.73E+01,1.91E+01,2.28E+01,1.28E-01,7.41E-01,-6.90E-02,-4.12E+01,-2.09E+02,5.86E+00,-1.95E+00,2.58E-01,-3.35E-03,4.830769231,0.303821656
-7.73E+01,1.91E+01,2.28E+01,1.28E-01,7.41E-01,-6.90E-02,-4.12E+01,-2.09E+02,5.87E+00,-1.95E+00,2.58E-01,-3.32E-03,4.830769231,0.303184713
-7.73E+01,1.91E+01,2.28E+01,1.28E-01,7.41E-01,-6.91E-02,-4.12E+01,-2.09E+02,5.87E+00,-1.95E+00,2.58E-01,-3.26E-03,4.830769231,0.303184713
-7.73E+01,1.91E+01,2.28E+01,1.28E-01,7.41E-01,-6.91E-02,-4.12E+01,-2.09E+02,5.86E+00,-1.95E+00,2.59E-01,-3.16E-03,4.830769231,0.303184713
-7.73E+01,1.91E+01,2.28E+01,1.28E-01,7.41E-01,-6.92E-02,-4.13E+01,-2.09E+02,5.84E+00,-1.95E+00,2.59E-01,-3.05E-03,4.830769231,0.303184713
-7.73E+01,1.92E+01,2.28E+01,1.28E-01,7.41E-01,-6.92E-02,-4.13E+01,-2.09E+02,5.82E+00,-1.95E+00,2.59E-01,-2.92E-03,4.830769231,0.303184713
-7.74E+01,1.92E+01,2.28E+01,1.28E-01,7.41E-01,-6.93E-02,-4.13E+01,-2.09E+02,5.79E+00,-1.95E+00,2.59E-01,-2.77E-03,4.830769231,0.302547771
-7.74E+01,1.92E+01,2.28E+01,1.28E-01,7.41E-01,-6.93E-02,-4.13E+01,-2.09E+02,5.76E+00,-1.95E+00,2.59E-01,-2.59E-03,4.81595092,0.302547771
-7.74E+01,1.91E+01,2.29E+01,1.28E-01,7.41E-01,-6.94E-02,-4.14E+01,-2.09E+02,5.72E+00,-1.95E+00,2.59E-01,-2.42E-03,4.81595092,0.302547771
-7.74E+01,1.91E+01,2.29E+01,1.28E-01,7.41E-01,-6.94E-02,-4.14E+01,-2.09E+02,5.68E+00,-1.95E+00,2.60E-01,-2.24E-03,4.81595092,0.301910828
-7.74E+01,1.91E+01,2.29E+01,1.28E-01,7.41E-01,-6.94E-02,-4.14E+01,-2.09E+02,5.64E+00,-1.95E+00,2.60E-01,-2.06E-03,4.81595092,0.301910828
-7.74E+01,1.91E+01,2.29E+01,1.28E-01,7.41E-01,-6.95E-02,-4.14E+01,-2.09E+02,5.61E+00,-1.95E+00,2.60E-01,-1.91E-03,4.81595092,0.301910828
-7.74E+01,1.91E+01,2.29E+01,1.28E-01,7.41E-01,-6.95E-02,-4.14E+01,-2.09E+02,5.59E+00,-1.95E+00,2.60E-01,-1.76E-03,4.81595092,0.301910828
-7.74E+01,1.91E+01,2.29E+01,1.28E-01,7.41E-01,-6.95E-02,-4.14E+01,-2.09E+02,5.57E+00,-1.95E+00,2.60E-01,-1.68E-03,4.81595092,0.301910828
-7.74E+01,1.91E+01,2.28E+01,1.28E-01,7.41E-01,-6.94E-02,-4.13E+01,-2.09E+02,5.57E+00,-1.95E+00,2.60E-01,-1.64E-03,4.81595092,0.301273885
-7.74E+01,1.91E+01,2.28E+01,1.28E-01,7.41E-01,-6.94E-02,-4.13E+01,-2.09E+02,5.57E+00,-1.95E+00,2.60E-01,-1.68E-03,4.830769231,0.301273885
-7.74E+01,1.90E+01,2.28E+01,1.28E-01,7.41E-01,-6.94E-02,-4.13E+01,-2.09E+02,5.58E+00,-1.95E+00,2.60E-01,-1.78E-03,4.830769231,0.301273885
-7.74E+01,1.90E+01,2.28E+01,1.28E-01,7.40E-01,-6.94E-02,-4.13E+01,-2.09E+02,5.59E+00,-1.95E+00,2.60E-01,-1.94E-03,4.830769231,0.301273885
-7.73E+01,1.90E+01,2.28E+01,1.28E-01,7.40E-01,-6.94E-02,-4.12E+01,-2.08E+02,5.60E+00,-1.95E+00,2.60E-01,-2.15E-03,4.830769231,0.301273885
-7.73E+01,1.90E+01,2.28E+01,1.28E-01,7.40E-01,-6.94E-02,-4.12E+01,-2.08E+02,5.63E+00,-1.95E+00,2.60E-01,-2.37E-03,4.830769231,0.300636943
-7.73E+01,1.90E+01,2.28E+01,1.28E-01,7.40E-01,-6.93E-02,-4.12E+01,-2.08E+02,5.65E+00,-1.95E+00,2.60E-01,-2.61E-03,4.814814815,0.302564103
-7.73E+01,1.90E+01,2.27E+01,1.28E-01,7.40E-01,-6.93E-02,-4.12E+01,-2.08E+02,5.69E+00,-1.95E+00,2.60E-01,-2.84E-03,4.814814815,0.302564103
-7.72E+01,1.90E+01,2.27E+01,1.28E-01,7.40E-01,-6.93E-02,-4.12E+01,-2.08E+02,5.73E+00,-1.95E+00,2.60E-01,-3.06E-03,4.814814815,0.301923077
-7.72E+01,1.90E+01,2.27E+01,1.28E-01,7.40E-01,-6.92E-02,-4.12E+01,-2.08E+02,5.78E+00,-1.95E+00,2.60E-01,-3.31E-03,4.814814815,0.301923077
-7.72E+01,1.90E+01,2.27E+01,1.28E-01,7.40E-01,-6.92E-02,-4.12E+01,-2.08E+02,5.81E+00,-1.95E+00,2.60E-01,-3.59E-03,4.814814815,0.301923077
-7.72E+01,1.91E+01,2.27E+01,1.28E-01,7.40E-01,-6.91E-02,-4.12E+01,-2.08E+02,5.85E+00,-1.95E+00,2.60E-01,-3.88E-03,4.814814815,0.301923077
-7.72E+01,1.91E+01,2.27E+01,1.28E-01,7.40E-01,-6.91E-02,-4.12E+01,-2.08E+02,5.89E+00,-1.95E+00,2.60E-01,-4.15E-03,4.814814815,0.301923077
-7.72E+01,1.91E+01,2.28E+01,1.28E-01,7.40E-01,-6.91E-02,-4.12E+01,-2.08E+02,5.92E+00,-1.95E+00,2.60E-01,-4.42E-03,4.814814815,0.301282051
-7.71E+01,1.91E+01,2.28E+01,1.28E-01,7.40E-01,-6.90E-02,-4.12E+01,-2.08E+02,5.95E+00,-1.95E+00,2.60E-01,-4.64E-03,4.8,0.301282051
-7.71E+01,1.91E+01,2.28E+01,1.28E-01,7.40E-01,-6.90E-02,-4.12E+01,-2.08E+02,5.97E+00,-1.95E+00,2.60E-01,-4.83E-03,4.8,0.301282051
-7.71E+01,1.91E+01,2.28E+01,1.28E-01,7.40E-01,-6.90E-02,-4.12E+01,-2.08E+02,5.98E+00,-1.95E+00,2.60E-01,-4.99E-03,4.8,0.301282051
-7.72E+01,1.91E+01,2.28E+01,1.28E-01,7.40E-01,-6.90E-02,-4.12E+01,-2.08E+02,5.98E+00,-1.95E+00,2.60E-01,-5.13E-03,4.8,0.301282051
-7.72E+01,1.91E+01,2.28E+01,1.28E-01,7.40E-01,-6.90E-02,-4.12E+01,-2.08E+02,5.97E+00,-1.95E+00,2.60E-01,-5.20E-03,4.8,0.301282051
-7.72E+01,1.91E+01,2.28E+01,1.28E-01,7.40E-01,-6.90E-02,-4.13E+01,-2.08E+02,5.95E+00,-1.95E+00,2.60E-01,-5.26E-03,4.8,0.301282051
-7.72E+01,1.91E+01,2.28E+01,1.28E-01,7.40E-01,-6.90E-02,-4.13E+01,-2.08E+02,5.93E+00,-1.95E+00,2.60E-01,-5.26E-03,4.8,0.301282051
-7.72E+01,1.91E+01,2.28E+01,1.28E-01,7.40E-01,-6.90E-02,-4.13E+01,-2.08E+02,5.88E+00,-1.95E+00,2.60E-01,-5.25E-03,4.8,0.301282051
-7.73E+01,1.91E+01,2.29E+01,1.28E-01,7.40E-01,-6.90E-02,-4.13E+01,-2.08E+02,5.83E+00,-1.95E+00,2.60E-01,-5.20E-03,4.8,0.301282051
-7.73E+01,1.91E+01,2.29E+01,1.28E-01,7.40E-01,-6.91E-02,-4.13E+01,-2.08E+02,5.77E+00,-1.95E+00,2.60E-01,-5.12E-03,4.81595092,0.3
-7.73E+01,1.91E+01,2.29E+01,1.28E-01,7.40E-01,-6.91E-02,-4.14E+01,-2.08E+02,5.71E+00,-1.95E+00,2.60E-01,-5.04E-03,4.81595092,0.3
-7.74E+01,1.91E+01,2.29E+01,1.28E-01,7.40E-01,-6.91E-02,-4.14E+01,-2.09E+02,5.66E+00,-1.95E+00,2.60E-01,-4.97E-03,4.81595092,0.3
-7.74E+01,1.90E+01,2.29E+01,1.28E-01,7.40E-01,-6.91E-02,-4.14E+01,-2.09E+02,5.61E+00,-1.95E+00,2.60E-01,-4.88E-03,4.81595092,0.3
-7.75E+01,1.90E+01,2.29E+01,1.28E-01,7.40E-01,-6.91E-02,-4.14E+01,-2.09E+02,5.56E+00,-1.95E+00,2.60E-01,-4.84E-03,4.81595092,0.3
-7.75E+01,1.90E+01,2.30E+01,1.28E-01,7.40E-01,-6.91E-02,-4.15E+01,-2.09E+02,5.52E+00,-1.95E+00,2.60E-01,-4.80E-03,4.81595092,0.3
-7.75E+01,1.90E+01,2.30E+01,1.28E-01,7.40E-01,-6.90E-02,-4.15E+01,-2.09E+02,5.48E+00,-1.95E+00,2.60E-01,-4.79E-03,4.801223242,0.3
-7.76E+01,1.90E+01,2.30E+01,1.28E-01,7.40E-01,-6.90E-02,-4.15E+01,-2.09E+02,5.46E+00,-1.95E+00,2.59E-01,-4.79E-03,4.801223242,0.3
-7.76E+01,1.90E+01,2.30E+01,1.28E-01,7.40E-01,-6.90E-02,-4.15E+01,-2.09E+02,5.46E+00,-1.95E+00,2.59E-01,-4.80E-03,4.801223242,0.300636943
-7.76E+01,1.90E+01,2.30E+01,1.28E-01,7.40E-01,-6.89E-02,-4.15E+01,-2.09E+02,5.49E+00,-1.95E+00,2.59E-01,-4.81E-03,4.801223242,0.300636943
-7.76E+01,1.90E+01,2.30E+01,1.28E-01,7.40E-01,-6.88E-02,-4.15E+01,-2.09E+02,5.55E+00,-1.95E+00,2.59E-01,-4.84E-03,4.801223242,0.300636943
-7.75E+01,1.91E+01,2.30E+01,1.28E-01,7.40E-01,-6.88E-02,-4.15E+01,-2.09E+02,5.63E+00,-1.95E+00,2.59E-01,-4.86E-03,4.801223242,0.300636943
-7.75E+01,1.91E+01,2.30E+01,1.28E-01,7.40E-01,-6.87E-02,-4.15E+01,-2.09E+02,5.71E+00,-1.95E+00,2.59E-01,-4.89E-03,4.801223242,0.300636943
-7.75E+01,1.91E+01,2.30E+01,1.28E-01,7.40E-01,-6.87E-02,-4.15E+01,-2.09E+02,5.80E+00,-1.95E+00,2.59E-01,-4.95E-03,4.81595092,0.300636943
-7.74E+01,1.92E+01,2.29E+01,1.28E-01,7.40E-01,-6.86E-02,-4.14E+01,-2.09E+02,5.88E+00,-1.95E+00,2.59E-01,-4.99E-03,4.81595092,0.300636943
-7.74E+01,1.92E+01,2.29E+01,1.28E-01,7.40E-01,-6.85E-02,-4.14E+01,-2.09E+02,5.95E+00,-1.95E+00,2.59E-01,-5.03E-03,4.81595092,0.300636943
-7.74E+01,1.92E+01,2.29E+01,1.27E-01,7.39E-01,-6.85E-02,-4.14E+01,-2.09E+02,6.01E+00,-1.95E+00,2.59E-01,-5.10E-03,4.81595092,0.301273885
-7.74E+01,1.92E+01,2.29E+01,1.27E-01,7.39E-01,-6.85E-02,-4.14E+01,-2.09E+02,6.06E+00,-1.95E+00,2.59E-01,-5.12E-03,4.81595092,0.301273885
-7.73E+01,1.92E+01,2.29E+01,1.27E-01,7.39E-01,-6.85E-02,-4.13E+01,-2.09E+02,6.10E+00,-1.95E+00,2.59E-01,-5.21E-03,4.81595092,0.301273885
-7.73E+01,1.92E+01,2.29E+01,1.27E-01,7.39E-01,-6.85E-02,-4.13E+01,-2.09E+02,6.11E+00,-1.95E+00,2.59E-01,-5.27E-03,4.81595092,0.301273885
-7.73E+01,1.92E+01,2.28E+01,1.27E-01,7.39E-01,-6.85E-02,-4.13E+01,-2.09E+02,6.09E+00,-1.95E+00,2.59E-01,-5.31E-03,4.830769231,0.301273885
-7.73E+01,1.92E+01,2.28E+01,1.27E-01,7.39E-01,-6.86E-02,-4.13E+01,-2.09E+02,6.04E+00,-1.95E+00,2.59E-01,-5.35E-03,4.830769231,0.301273885
-7.74E+01,1.92E+01,2.29E+01,1.27E-01,7.39E-01,-6.87E-02,-4.13E+01,-2.09E+02,5.98E+00,-1.95E+00,2.59E-01,-5.38E-03,4.81595092,0.301273885
-7.74E+01,1.92E+01,2.29E+01,1.27E-01,7.39E-01,-6.87E-02,-4.14E+01,-2.09E+02,5.90E+00,-1.95E+00,2.59E-01,-5.39E-03,4.81595092,0.301273885
-7.75E+01,1.92E+01,2.29E+01,1.27E-01,7.39E-01,-6.88E-02,-4.14E+01,-2.09E+02,5.81E+00,-1.95E+00,2.59E-01,-5.37E-03,4.81595092,0.301273885
-7.75E+01,1.92E+01,2.29E+01,1.27E-01,7.39E-01,-6.89E-02,-4.14E+01,-2.09E+02,5.71E+00,-1.95E+00,2.60E-01,-5.31E-03,4.81595092,0.301273885
-7.76E+01,1.92E+01,2.29E+01,1.27E-01,7.39E-01,-6.89E-02,-4.15E+01,-2.09E+02,5.60E+00,-1.95E+00,2.60E-01,-5.21E-03,4.81595092,0.301273885
-7.76E+01,1.91E+01,2.30E+01,1.27E-01,7.39E-01,-6.90E-02,-4.15E+01,-2.09E+02,5.50E+00,-1.95E+00,2.60E-01,-5.12E-03,4.801223242,0.301273885
-7.77E+01,1.91E+01,2.30E+01,1.27E-01,7.39E-01,-6.91E-02,-4.15E+01,-2.09E+02,5.42E+00,-1.95E+00,2.60E-01,-4.99E-03,4.801223242,0.301273885
-7.77E+01,1.91E+01,2.30E+01,1.27E-01,7.39E-01,-6.91E-02,-4.16E+01,-2.10E+02,5.35E+00,-1.95E+00,2.60E-01,-4.84E-03,4.801223242,0.301273885
-7.77E+01,1.91E+01,2.30E+01,1.27E-01,7.40E-01,-6.91E-02,-4.16E+01,-2.10E+02,5.32E+00,-1.95E+00,2.60E-01,-4.67E-03,4.831804281,0.3
-7.78E+01,1.91E+01,2.30E+01,1.27E-01,7.40E-01,-6.91E-02,-4.16E+01,-2.10E+02,5.31E+00,-1.95E+00,2.60E-01,-4.50E-03,4.831804281,0.3
-7.78E+01,1.91E+01,2.30E+01,1.27E-01,7.40E-01,-6.91E-02,-4.16E+01,-2.10E+02,5.32E+00,-1.95E+00,2.60E-01,-4.35E-03,4.817073171,0.3
-7.78E+01,1.91E+01,2.30E+01,1.27E-01,7.40E-01,-6.91E-02,-4.16E+01,-2.10E+02,5.36E+00,-1.95E+00,2.59E-01,-4.20E-03,4.817073171,0.300632911
-7.78E+01,1.91E+01,2.30E+01,1.27E-01,7.40E-01,-6.91E-02,-4.16E+01,-2.10E+02,5.42E+00,-1.95E+00,2.59E-01,-4.08E-03,4.831804281,0.300632911
-7.78E+01,1.91E+01,2.30E+01,1.27E-01,7.40E-01,-6.91E-02,-4.15E+01,-2.10E+02,5.51E+00,-1.95E+00,2.59E-01,-4.00E-03,4.831804281,0.301265823
-7.78E+01,1.91E+01,2.30E+01,1.27E-01,7.40E-01,-6.91E-02,-4.15E+01,-2.10E+02,5.62E+00,-1.95E+00,2.59E-01,-3.94E-03,4.831804281,0.301265823
-7.78E+01,1.91E+01,2.29E+01,1.27E-01,7.40E-01,-6.90E-02,-4.14E+01,-2.10E+02,5.73E+00,-1.95E+00,2.59E-01,-3.93E-03,4.846625767,0.301265823
-7.77E+01,1.91E+01,2.29E+01,1.27E-01,7.40E-01,-6.90E-02,-4.14E+01,-2.10E+02,5.85E+00,-1.95E+00,2.59E-01,-3.95E-03,4.846625767,0.301265823
-7.77E+01,1.92E+01,2.29E+01,1.27E-01,7.40E-01,-6.90E-02,-4.13E+01,-2.10E+02,5.95E+00,-1.95E+00,2.59E-01,-4.01E-03,4.846625767,0.301265823
-7.76E+01,1.92E+01,2.28E+01,1.27E-01,7.40E-01,-6.90E-02,-4.13E+01,-2.10E+02,6.05E+00,-1.95E+00,2.59E-01,-4.10E-03,4.861538462,0.301898734
-7.76E+01,1.92E+01,2.28E+01,1.27E-01,7.40E-01,-6.90E-02,-4.12E+01,-2.10E+02,6.12E+00,-1.95E+00,2.59E-01,-4.20E-03,4.861538462,0.301265823
-7.75E+01,1.92E+01,2.28E+01,1.27E-01,7.40E-01,-6.90E-02,-4.12E+01,-2.10E+02,6.16E+00,-1.95E+00,2.59E-01,-4.39E-03,4.845679012,0.303184713
-7.75E+01,1.92E+01,2.28E+01,1.27E-01,7.40E-01,-6.90E-02,-4.11E+01,-2.09E+02,6.19E+00,-1.95E+00,2.59E-01,-4.60E-03,4.845679012,0.303184713
-7.74E+01,1.92E+01,2.28E+01,1.27E-01,7.40E-01,-6.90E-02,-4.11E+01,-2.09E+02,6.20E+00,-1.95E+00,2.59E-01,-4.80E-03,4.845679012,0.303184713
-7.74E+01,1.92E+01,2.28E+01,1.27E-01,7.40E-01,-6.91E-02,-4.11E+01,-2.09E+02,6.18E+00,-1.95E+00,2.59E-01,-4.98E-03,4.845679012,0.303184713
-7.74E+01,1.91E+01,2.28E+01,1.27E-01,7.40E-01,-6.91E-02,-4.11E+01,-2.09E+02,6.14E+00,-1.95E+00,2.59E-01,-5.17E-03,4.845679012,0.302547771
-7.74E+01,1.91E+01,2.28E+01,1.27E-01,7.40E-01,-6.91E-02,-4.11E+01,-2.09E+02,6.08E+00,-1.95E+00,2.59E-01,-5.33E-03,4.845679012,0.302547771
-7.74E+01,1.91E+01,2.28E+01,1.27E-01,7.40E-01,-6.92E-02,-4.12E+01,-2.09E+02,6.01E+00,-1.95E+00,2.59E-01,-5.52E-03,4.845679012,0.301910828
-7.74E+01,1.91E+01,2.28E+01,1.27E-01,7.40E-01,-6.92E-02,-4.12E+01,-2.09E+02,5.92E+00,-1.95E+00,2.59E-01,-5.68E-03,4.830769231,0.301910828
-7.74E+01,1.91E+01,2.28E+01,1.27E-01,7.40E-01,-6.92E-02,-4.12E+01,-2.09E+02,5.82E+00,-1.95E+00,2.59E-01,-5.80E-03,4.830769231,0.301273885
-7.74E+01,1.91E+01,2.29E+01,1.27E-01,7.40E-01,-6.93E-02,-4.13E+01,-2.09E+02,5.73E+00,-1.95E+00,2.59E-01,-5.89E-03,4.830769231,0.301273885
-7.74E+01,1.91E+01,2.29E+01,1.27E-01,7.40E-01,-6.93E-02,-4.13E+01,-2.09E+02,5.65E+00,-1.95E+00,2.59E-01,-5.94E-03,4.81595092,0.301273885
-7.74E+01,1.91E+01,2.29E+01,1.27E-01,7.40E-01,-6.93E-02,-4.14E+01,-2.09E+02,5.59E+00,-1.95E+00,2.60E-01,-5.95E-03,4.81595092,0.300636943
-7.74E+01,1.91E+01,2.29E+01,1.27E-01,7.39E-01,-6.93E-02,-4.15E+01,-2.09E+02,5.53E+00,-1.95E+00,2.60E-01,-5.94E-03,4.81595092,0.300636943
-7.74E+01,1.91E+01,2.30E+01,1.27E-01,7.39E-01,-6.92E-02,-4.15E+01,-2.09E+02,5.49E+00,-1.95E+00,2.60E-01,-5.90E-03,4.801223242,0.3
-7.74E+01,1.91E+01,2.30E+01,1.27E-01,7.39E-01,-6.92E-02,-4.15E+01,-2.09E+02,5.46E+00,-1.95E+00,2.60E-01,-5.84E-03,4.801223242,0.3
-7.74E+01,1.91E+01,2.30E+01,1.27E-01,7.39E-01,-6.92E-02,-4.15E+01,-2.09E+02,5.45E+00,-1.95E+00,2.60E-01,-5.75E-03,4.801223242,0.3
-7.74E+01,1.92E+01,2.30E+01,1.27E-01,7.39E-01,-6.92E-02,-4.16E+01,-2.09E+02,5.46E+00,-1.95E+00,2.60E-01,-5.63E-03,4.801223242,0.299363057
-7.74E+01,1.92E+01,2.30E+01,1.27E-01,7.39E-01,-6.91E-02,-4.16E+01,-2.09E+02,5.48E+00,-1.95E+00,2.60E-01,-5.43E-03,4.801223242,0.299363057
-7.73E+01,1.92E+01,2.29E+01,1.27E-01,7.39E-01,-6.91E-02,-4.16E+01,-2.08E+02,5.51E+00,-1.95E+00,2.60E-01,-5.28E-03,4.801223242,0.299363057
-7.73E+01,1.92E+01,2.29E+01,1.27E-01,7.39E-01,-6.91E-02,-4.16E+01,-2.08E+02,5.55E+00,-1.95E+00,2.60E-01,-5.10E-03,4.801223242,0.299363057
-7.72E+01,1.92E+01,2.29E+01,1.27E-01,7.39E-01,-6.90E-02,-4.15E+01,-2.08E+02,5.60E+00,-1.95E+00,2.60E-01,-4.90E-03,4.770642202,0.301282051
-7.72E+01,1.92E+01,2.29E+01,1.28E-01,7.39E-01,-6.90E-02,-4.15E+01,-2.08E+02,5.66E+00,-1.95E+00,2.60E-01,-4.70E-03,4.770642202,0.301282051
-7.71E+01,1.92E+01,2.29E+01,1.28E-01,7.39E-01,-6.90E-02,-4.15E+01,-2.08E+02,5.72E+00,-1.95E+00,2.60E-01,-4.48E-03,4.770642202,0.301282051
-7.71E+01,1.92E+01,2.28E+01,1.28E-01,7.39E-01,-6.90E-02,-4.14E+01,-2.08E+02,5.77E+00,-1.95E+00,2.60E-01,-4.32E-03,4.785276074,0.301282051
-7.70E+01,1.92E+01,2.28E+01,1.28E-01,7.40E-01,-6.90E-02,-4.14E+01,-2.08E+02,5.82E+00,-1.95E+00,2.60E-01,-4.19E-03,4.785276074,0.301282051
-7.70E+01,1.92E+01,2.28E+01,1.28E-01,7.40E-01,-6.90E-02,-4.13E+01,-2.08E+02,5.86E+00,-1.95E+00,2.60E-01,-4.09E-03,4.8,0.301282051
-7.70E+01,1.92E+01,2.27E+01,1.28E-01,7.40E-01,-6.90E-02,-4.13E+01,-2.08E+02,5.89E+00,-1.95E+00,2.60E-01,-4.02E-03,4.8,0.301923077
-7.69E+01,1.92E+01,2.27E+01,1.28E-01,7.40E-01,-6.90E-02,-4.12E+01,-2.08E+02,5.92E+00,-1.95E+00,2.60E-01,-3.99E-03,4.8,0.301923077
-7.69E+01,1.92E+01,2.27E+01,1.28E-01,7.40E-01,-6.90E-02,-4.12E+01,-2.08E+02,5.95E+00,-1.95E+00,2.61E-01,-4.03E-03,4.814814815,0.301923077
-7.69E+01,1.91E+01,2.27E+01,1.28E-01,7.40E-01,-6.91E-02,-4.11E+01,-2.08E+02,5.97E+00,-1.95E+00,2.61E-01,-4.05E-03,4.814814815,0.301923077
-7.69E+01,1.91E+01,2.27E+01,1.28E-01,7.40E-01,-6.91E-02,-4.11E+01,-2.08E+02,5.98E+00,-1.95E+00,2.61E-01,-4.08E-03,4.814814815,0.301923077
-7.69E+01,1.91E+01,2.26E+01,1.29E-01,7.40E-01,-6.92E-02,-4.11E+01,-2.08E+02,5.98E+00,-1.95E+00,2.61E-01,-4.18E-03,4.814814815,0.301923077
-7.69E+01,1.91E+01,2.26E+01,1.29E-01,7.40E-01,-6.92E-02,-4.11E+01,-2.08E+02,5.98E+00,-1.95E+00,2.61E-01,-4.29E-03,4.814814815,0.301923077
-7.69E+01,1.91E+01,2.26E+01,1.29E-01,7.40E-01,-6.93E-02,-4.10E+01,-2.08E+02,5.97E+00,-1.95E+00,2.62E-01,-4.40E-03,4.829721362,0.302564103
-7.69E+01,1.91E+01,2.27E+01,1.29E-01,7.40E-01,-6.93E-02,-4.10E+01,-2.08E+02,5.95E+00,-1.95E+00,2.62E-01,-4.50E-03,4.829721362,0.302564103
-7.70E+01,1.90E+01,2.27E+01,1.29E-01,7.40E-01,-6.93E-02,-4.10E+01,-2.08E+02,5.93E+00,-1.95E+00,2.62E-01,-4.61E-03,4.829721362,0.302564103
-7.70E+01,1.90E+01,2.27E+01,1.29E-01,7.40E-01,-6.94E-02,-4.11E+01,-2.08E+02,5.90E+00,-1.95E+00,2.62E-01,-4.72E-03,4.829721362,0.303205128
-7.71E+01,1.90E+01,2.27E+01,1.29E-01,7.40E-01,-6.94E-02,-4.11E+01,-2.08E+02,5.87E+00,-1.95E+00,2.62E-01,-4.80E-03,4.814814815,0.303205128
-7.71E+01,1.90E+01,2.27E+01,1.29E-01,7.40E-01,-6.94E-02,-4.11E+01,-2.08E+02,5.84E+00,-1.95E+00,2.62E-01,-4.90E-03,4.845679012,0.301273885
-7.72E+01,1.90E+01,2.28E+01,1.29E-01,7.39E-01,-6.94E-02,-4.11E+01,-2.09E+02,5.80E+00,-1.95E+00,2.62E-01,-4.99E-03,4.845679012,0.301910828
-7.73E+01,1.90E+01,2.28E+01,1.29E-01,7.39E-01,-6.93E-02,-4.12E+01,-2.09E+02,5.76E+00,-1.95E+00,2.62E-01,-4.99E-03,4.845679012,0.301910828
-7.73E+01,1.90E+01,2.28E+01,1.29E-01,7.39E-01,-6.93E-02,-4.12E+01,-2.09E+02,5.72E+00,-1.95E+00,2.62E-01,-4.97E-03,4.830769231,0.302547771
-7.74E+01,1.90E+01,2.28E+01,1.29E-01,7.39E-01,-6.93E-02,-4.12E+01,-2.09E+02,5.66E+00,-1.95E+00,2.62E-01,-4.93E-03,4.830769231,0.302547771
-7.74E+01,1.90E+01,2.29E+01,1.29E-01,7.39E-01,-6.93E-02,-4.13E+01,-2.09E+02,5.60E+00,-1.95E+00,2.61E-01,-4.87E-03,4.830769231,0.302547771
-7.74E+01,1.90E+01,2.29E+01,1.29E-01,7.39E-01,-6.92E-02,-4.13E+01,-2.10E+02,5.55E+00,-1.95E+00,2.61E-01,-4.77E-03,4.830769231,0.302547771
-7.75E+01,1.90E+01,2.29E+01,1.29E-01,7.39E-01,-6.92E-02,-4.13E+01,-2.10E+02,5.50E+00,-1.95E+00,2.61E-01,-4.67E-03,4.846625767,0.300632911
-7.75E+01,1.90E+01,2.29E+01,1.29E-01,7.38E-01,-6.91E-02,-4.14E+01,-2.10E+02,5.47E+00,-1.94E+00,2.61E-01,-4.48E-03,4.846625767,0.300632911
-7.75E+01,1.90E+01,2.29E+01,1.29E-01,7.38E-01,-6.90E-02,-4.14E+01,-2.10E+02,5.45E+00,-1.94E+00,2.61E-01,-4.27E-03,4.846625767,0.300632911
-7.75E+01,1.90E+01,2.29E+01,1.29E-01,7.38E-01,-6.90E-02,-4.14E+01,-2.10E+02,5.44E+00,-1.94E+00,2.61E-01,-4.03E-03,4.846625767,0.300632911
-7.74E+01,1.90E+01,2.29E+01,1.29E-01,7.38E-01,-6.89E-02,-4.13E+01,-2.10E+02,5.46E+00,-1.94E+00,2.61E-01,-3.76E-03,4.81595092,0.302547771
-7.74E+01,1.90E+01,2.29E+01,1.29E-01,7.38E-01,-6.89E-02,-4.13E+01,-2.10E+02,5.49E+00,-1.94E+00,2.61E-01,-3.47E-03,4.830769231,0.302547771
-7.73E+01,1.91E+01,2.29E+01,1.29E-01,7.38E-01,-6.89E-02,-4.13E+01,-2.09E+02,5.53E+00,-1.94E+00,2.61E-01,-3.16E-03,4.830769231,0.302547771
-7.73E+01,1.91E+01,2.29E+01,1.29E-01,7.38E-01,-6.88E-02,-4.13E+01,-2.09E+02,5.58E+00,-1.94E+00,2.61E-01,-2.90E-03,4.830769231,0.301910828
-7.73E+01,1.91E+01,2.29E+01,1.29E-01,7.38E-01,-6.88E-02,-4.13E+01,-2.09E+02,5.63E+00,-1.94E+00,2.61E-01,-2.60E-03,4.830769231,0.301910828
-7.72E+01,1.91E+01,2.28E+01,1.29E-01,7.38E-01,-6.88E-02,-4.12E+01,-2.09E+02,5.69E+00,-1.94E+00,2.61E-01,-2.34E-03,4.830769231,0.301910828
-7.72E+01,1.91E+01,2.28E+01,1.29E-01,7.38E-01,-6.88E-02,-4.12E+01,-2.09E+02,5.73E+00,-1.94E+00,2.61E-01,-2.10E-03,4.830769231,0.301910828
-7.72E+01,1.91E+01,2.28E+01,1.29E-01,7.38E-01,-6.88E-02,-4.12E+01,-2.09E+02,5.78E+00,-1.94E+00,2.61E-01,-1.88E-03,4.845679012,0.302547771
-7.72E+01,1.91E+01,2.28E+01,1.29E-01,7.38E-01,-6.88E-02,-4.12E+01,-2.09E+02,5.82E+00,-1.94E+00,2.61E-01,-1.71E-03,4.845679012,0.302547771
-7.72E+01,1.91E+01,2.28E+01,1.29E-01,7.38E-01,-6.89E-02,-4.12E+01,-2.09E+02,5.83E+00,-1.94E+00,2.61E-01,-1.59E-03,4.845679012,0.302547771
-7.72E+01,1.91E+01,2.28E+01,1.29E-01,7.38E-01,-6.89E-02,-4.12E+01,-2.09E+02,5.84E+00,-1.94E+00,2.61E-01,-1.56E-03,4.845679012,0.303184713
-7.73E+01,1.91E+01,2.28E+01,1.29E-01,7.37E-01,-6.90E-02,-4.12E+01,-2.09E+02,5.82E+00,-1.94E+00,2.61E-01,-1.58E-03,4.845679012,0.303184713
-7.73E+01,1.91E+01,2.28E+01,1.29E-01,7.37E-01,-6.90E-02,-4.12E+01,-2.10E+02,5.79E+00,-1.94E+00,2.61E-01,-1.66E-03,4.845679012,0.303184713
-7.74E+01,1.91E+01,2.28E+01,1.28E-01,7.37E-01,-6.90E-02,-4.12E+01,-2.10E+02,5.75E+00,-1.94E+00,2.61E-01,-1.74E-03,4.861538462,0.301898734
-7.74E+01,1.91E+01,2.28E+01,1.28E-01,7.37E-01,-6.91E-02,-4.12E+01,-2.10E+02,5.70E+00,-1.94E+00,2.60E-01,-1.88E-03,4.861538462,0.301898734
-7.75E+01,1.91E+01,2.29E+01,1.28E-01,7.37E-01,-6.91E-02,-4.13E+01,-2.10E+02,5.65E+00,-1.94E+00,2.60E-01,-2.00E-03,4.861538462,0.301898734
-7.75E+01,1.90E+01,2.29E+01,1.28E-01,7.37E-01,-6.91E-02,-4.13E+01,-2.10E+02,5.59E+00,-1.94E+00,2.60E-01,-2.12E-03,4.861538462,0.302531646
-7.76E+01,1.90E+01,2.29E+01,1.28E-01,7.37E-01,-6.91E-02,-4.13E+01,-2.10E+02,5.54E+00,-1.94E+00,2.60E-01,-2.25E-03,4.846625767,0.302531646
-7.76E+01,1.90E+01,2.29E+01,1.28E-01,7.37E-01,-6.91E-02,-4.14E+01,-2.10E+02,5.48E+00,-1.94E+00,2.59E-01,-2.39E-03,4.846625767,0.302531646
-7.77E+01,1.90E+01,2.29E+01,1.28E-01,7.37E-01,-6.90E-02,-4.14E+01,-2.10E+02,5.43E+00,-1.94E+00,2.59E-01,-2.52E-03,4.846625767,0.302531646
-7.77E+01,1.90E+01,2.30E+01,1.27E-01,7.36E-01,-6.90E-02,-4.15E+01,-2.11E+02,5.40E+00,-1.94E+00,2.58E-01,-2.62E-03,4.846625767,0.302531646
-7.77E+01,1.90E+01,2.30E+01,1.27E-01,7.36E-01,-6.89E-02,-4.15E+01,-2.11E+02,5.39E+00,-1.94E+00,2.58E-01,-2.73E-03,4.831804281,0.302531646
-7.77E+01,1.90E+01,2.30E+01,1.27E-01,7.36E-01,-6.89E-02,-4.15E+01,-2.11E+02,5.40E+00,-1.94E+00,2.58E-01,-2.83E-03,4.831804281,0.302531646
-7.77E+01,1.91E+01,2.30E+01,1.27E-01,7.36E-01,-6.88E-02,-4.15E+01,-2.11E+02,5.44E+00,-1.94E+00,2.57E-01,-2.89E-03,4.831804281,0.302531646
-7.77E+01,1.91E+01,2.30E+01,1.27E-01,7.36E-01,-6.87E-02,-4.15E+01,-2.11E+02,5.50E+00,-1.94E+00,2.57E-01,-2.94E-03,4.831804281,0.302531646
-7.77E+01,1.91E+01,2.30E+01,1.26E-01,7.36E-01,-6.86E-02,-4.15E+01,-2.11E+02,5.59E+00,-1.94E+00,2.57E-01,-2.95E-03,4.831804281,0.302531646
-7.77E+01,1.92E+01,2.30E+01,1.26E-01,7.37E-01,-6.85E-02,-4.15E+01,-2.10E+02,5.68E+00,-1.94E+00,2.56E-01,-2.93E-03,4.831804281,0.302531646
-7.76E+01,1.92E+01,2.29E+01,1.26E-01,7.37E-01,-6.85E-02,-4.15E+01,-2.10E+02,5.78E+00,-1.94E+00,2.56E-01,-2.91E-03,4.831804281,0.302531646
-7.76E+01,1.92E+01,2.29E+01,1.26E-01,7.37E-01,-6.84E-02,-4.15E+01,-2.10E+02,5.87E+00,-1.94E+00,2.56E-01,-2.85E-03,4.846625767,0.301898734
-7.76E+01,1.92E+01,2.29E+01,1.26E-01,7.37E-01,-6.84E-02,-4.14E+01,-2.10E+02,5.95E+00,-1.94E+00,2.56E-01,-2.80E-03,4.846625767,0.301898734
-7.76E+01,1.93E+01,2.29E+01,1.26E-01,7.37E-01,-6.84E-02,-4.14E+01,-2.10E+02,6.02E+00,-1.94E+00,2.56E-01,-2.73E-03,4.846625767,0.301898734
-7.75E+01,1.93E+01,2.29E+01,1.26E-01,7.38E-01,-6.83E-02,-4.14E+01,-2.10E+02,6.07E+00,-1.94E+00,2.56E-01,-2.66E-03,4.846625767,0.301898734
-7.75E+01,1.93E+01,2.29E+01,1.26E-01,7.38E-01,-6.83E-02,-4.14E+01,-2.10E+02,6.10E+00,-1.94E+00,2.56E-01,-2.58E-03,4.846625767,0.301898734
-7.75E+01,1.93E+01,2.29E+01,1.26E-01,7.38E-01,-6.83E-02,-4.13E+01,-2.10E+02,6.11E+00,-1.95E+00,2.56E-01,-2.49E-03,4.846625767,0.302531646
-7.75E+01,1.92E+01,2.29E+01,1.26E-01,7.38E-01,-6.84E-02,-4.13E+01,-2.10E+02,6.08E+00,-1.95E+00,2.56E-01,-2.42E-03,4.861538462,0.302531646
-7.75E+01,1.92E+01,2.29E+01,1.26E-01,7.39E-01,-6.84E-02,-4.13E+01,-2.10E+02,6.03E+00,-1.95E+00,2.56E-01,-2.36E-03,4.861538462,0.302531646
-7.75E+01,1.92E+01,2.29E+01,1.26E-01,7.39E-01,-6.84E-02,-4.13E+01,-2.10E+02,5.95E+00,-1.95E+00,2.56E-01,-2.32E-03,4.861538462,0.302531646
-7.76E+01,1.91E+01,2.29E+01,1.26E-01,7.39E-01,-6.85E-02,-4.13E+01,-2.10E+02,5.85E+00,-1.95E+00,2.56E-01,-2.26E-03,4.861538462,0.302531646
-7.76E+01,1.91E+01,2.29E+01,1.26E-01,7.39E-01,-6.85E-02,-4.13E+01,-2.10E+02,5.75E+00,-1.95E+00,2.56E-01,-2.22E-03,4.846625767,0.301898734
-7.76E+01,1.90E+01,2.29E+01,1.26E-01,7.39E-01,-6.86E-02,-4.13E+01,-2.10E+02,5.65E+00,-1.95E+00,2.57E-01,-2.18E-03,4.846625767,0.301898734
-7.76E+01,1.90E+01,2.29E+01,1.26E-01,7.39E-01,-6.86E-02,-4.13E+01,-2.10E+02,5.56E+00,-1.95E+00,2.57E-01,-2.17E-03,4.846625767,0.301898734
-7.75E+01,1.90E+01,2.29E+01,1.27E-01,7.39E-01,-6.86E-02,-4.13E+01,-2.10E+02,5.47E+00,-1.95E+00,2.57E-01,-2.19E-03,4.846625767,0.301898734
-7.75E+01,1.89E+01,2.29E+01,1.27E-01,7.39E-01,-6.87E-02,-4.14E+01,-2.10E+02,5.41E+00,-1.95E+00,2.57E-01,-2.21E-03,4.846625767,0.301265823
-7.75E+01,1.89E+01,2.29E+01,1.27E-01,7.39E-01,-6.87E-02,-4.13E+01,-2.10E+02,5.36E+00,-1.95E+00,2.57E-01,-2.24E-03,4.846625767,0.301265823
-7.75E+01,1.89E+01,2.29E+01,1.27E-01,7.40E-01,-6.87E-02,-4.13E+01,-2.10E+02,5.33E+00,-1.95E+00,2.57E-01,-2.30E-03,4.81595092,0.302547771
-7.74E+01,1.89E+01,2.29E+01,1.27E-01,7.40E-01,-6.87E-02,-4.13E+01,-2.09E+02,5.32E+00,-1.95E+00,2.57E-01,-2.44E-03,4.830769231,0.302547771
-7.74E+01,1.89E+01,2.29E+01,1.27E-01,7.40E-01,-6.87E-02,-4.13E+01,-2.09E+02,5.33E+00,-1.95E+00,2.57E-01,-2.56E-03,4.830769231,0.301910828
-7.73E+01,1.89E+01,2.28E+01,1.27E-01,7.40E-01,-6.87E-02,-4.13E+01,-2.09E+02,5.38E+00,-1.95E+00,2.57E-01,-2.68E-03,4.830769231,0.301910828
-7.73E+01,1.89E+01,2.28E+01,1.27E-01,7.40E-01,-6.87E-02,-4.12E+01,-2.09E+02,5.45E+00,-1.95E+00,2.57E-01,-2.79E-03,4.830769231,0.301273885
-7.73E+01,1.89E+01,2.28E+01,1.27E-01,7.40E-01,-6.87E-02,-4.12E+01,-2.09E+02,5.54E+00,-1.95E+00,2.57E-01,-2.86E-03,4.845679012,0.301273885
-7.72E+01,1.90E+01,2.28E+01,1.27E-01,7.40E-01,-6.87E-02,-4.11E+01,-2.08E+02,5.65E+00,-1.95E+00,2.57E-01,-2.90E-03,4.845679012,0.300636943
-7.72E+01,1.90E+01,2.27E+01,1.27E-01,7.40E-01,-6.87E-02,-4.11E+01,-2.08E+02,5.75E+00,-1.95E+00,2.57E-01,-2.99E-03,4.814814815,0.302564103
-7.72E+01,1.90E+01,2.27E+01,1.27E-01,7.40E-01,-6.88E-02,-4.11E+01,-2.08E+02,5.85E+00,-1.95E+00,2.57E-01,-3.06E-03,4.814814815,0.302564103
-7.71E+01,1.91E+01,2.27E+01,1.27E-01,7.40E-01,-6.88E-02,-4.10E+01,-2.08E+02,5.93E+00,-1.95E+00,2.57E-01,-3.16E-03,4.829721362,0.302564103
-7.71E+01,1.91E+01,2.27E+01,1.27E-01,7.40E-01,-6.88E-02,-4.10E+01,-2.08E+02,6.00E+00,-1.95E+00,2.57E-01,-3.25E-03,4.829721362,0.301923077
-7.71E+01,1.91E+01,2.27E+01,1.27E-01,7.40E-01,-6.88E-02,-4.10E+01,-2.08E+02,6.04E+00,-1.95E+00,2.57E-01,-3.32E-03,4.829721362,0.301923077
-7.71E+01,1.91E+01,2.27E+01,1.27E-01,7.40E-01,-6.88E-02,-4.10E+01,-2.08E+02,6.07E+00,-1.95E+00,2.58E-01,-3.39E-03,4.829721362,0.301923077
-7.71E+01,1.91E+01,2.27E+01,1.27E-01,7.40E-01,-6.89E-02,-4.10E+01,-2.08E+02,6.08E+00,-1.95E+00,2.58E-01,-3.48E-03,4.829721362,0.301923077
-7.71E+01,1.91E+01,2.27E+01,1.27E-01,7.40E-01,-6.89E-02,-4.10E+01,-2.08E+02,6.07E+00,-1.95E+00,2.58E-01,-3.55E-03,4.829721362,0.301923077
-7.71E+01,1.91E+01,2.27E+01,1.27E-01,7.40E-01,-6.89E-02,-4.10E+01,-2.08E+02,6.04E+00,-1.95E+00,2.58E-01,-3.60E-03,4.829721362,0.301282051
-7.71E+01,1.91E+01,2.27E+01,1.27E-01,7.40E-01,-6.89E-02,-4.11E+01,-2.08E+02,5.98E+00,-1.95E+00,2.58E-01,-3.67E-03,4.829721362,0.301282051
-7.72E+01,1.91E+01,2.27E+01,1.27E-01,7.40E-01,-6.89E-02,-4.11E+01,-2.08E+02,5.92E+00,-1.95E+00,2.58E-01,-3.73E-03,4.814814815,0.301282051
-7.72E+01,1.91E+01,2.28E+01,1.27E-01,7.40E-01,-6.90E-02,-4.12E+01,-2.08E+02,5.84E+00,-1.95E+00,2.58E-01,-3.76E-03,4.814814815,0.301282051
-7.73E+01,1.91E+01,2.28E+01,1.27E-01,7.40E-01,-6.90E-02,-4.12E+01,-2.08E+02,5.77E+00,-1.95E+00,2.58E-01,-3.77E-03,4.8,0.301282051
-7.73E+01,1.91E+01,2.28E+01,1.27E-01,7.40E-01,-6.90E-02,-4.13E+01,-2.08E+02,5.70E+00,-1.95E+00,2.58E-01,-3.76E-03,4.8,0.301282051
-7.73E+01,1.91E+01,2.29E+01,1.27E-01,7.40E-01,-6.90E-02,-4.13E+01,-2.08E+02,5.64E+00,-1.95E+00,2.58E-01,-3.76E-03,4.8,0.301282051
-7.74E+01,1.91E+01,2.29E+01,1.27E-01,7.40E-01,-6.90E-02,-4.14E+01,-2.08E+02,5.60E+00,-1.95E+00,2.58E-01,-3.74E-03,4.785276074,0.301282051
-7.74E+01,1.91E+01,2.29E+01,1.27E-01,7.40E-01,-6.89E-02,-4.14E+01,-2.08E+02,5.56E+00,-1.95E+00,2.58E-01,-3.74E-03,4.81595092,0.3
-7.74E+01,1.91E+01,2.29E+01,1.27E-01,7.40E-01,-6.89E-02,-4.14E+01,-2.08E+02,5.55E+00,-1.95E+00,2.58E-01,-3.75E-03,4.81595092,0.3
-7.74E+01,1.91E+01,2.29E+01,1.27E-01,7.40E-01,-6.89E-02,-4.15E+01,-2.09E+02,5.56E+00,-1.95E+00,2.58E-01,-3.86E-03,4.801223242,0.3
-7.74E+01,1.91E+01,2.29E+01,1.27E-01,7.39E-01,-6.88E-02,-4.15E+01,-2.09E+02,5.58E+00,-1.95E+00,2.58E-01,-3.95E-03,4.801223242,0.3
-7.74E+01,1.91E+01,2.29E+01,1.27E-01,7.39E-01,-6.88E-02,-4.15E+01,-2.09E+02,5.62E+00,-1.95E+00,2.58E-01,-4.06E-03,4.801223242,0.3
-7.74E+01,1.91E+01,2.29E+01,1.27E-01,7.39E-01,-6.87E-02,-4.15E+01,-2.09E+02,5.66E+00,-1.95E+00,2.58E-01,-4.19E-03,4.801223242,0.3
-7.74E+01,1.91E+01,2.29E+01,1.27E-01,7.39E-01,-6.87E-02,-4.15E+01,-2.09E+02,5.70E+00,-1.95E+00,2.58E-01,-4.29E-03,4.801223242,0.3
-7.74E+01,1.92E+01,2.29E+01,1.27E-01,7.39E-01,-6.87E-02,-4.15E+01,-2.09E+02,5.74E+00,-1.94E+00,2.58E-01,-4.35E-03,4.801223242,0.3
-7.74E+01,1.92E+01,2.29E+01,1.27E-01,7.39E-01,-6.86E-02,-4.15E+01,-2.09E+02,5.79E+00,-1.94E+00,2.58E-01,-4.48E-03,4.81595092,0.3
-7.74E+01,1.92E+01,2.29E+01,1.27E-01,7.39E-01,-6.86E-02,-4.14E+01,-2.09E+02,5.84E+00,-1.94E+00,2.58E-01,-4.60E-03,4.81595092,0.3
-7.74E+01,1.92E+01,2.29E+01,1.27E-01,7.39E-01,-6.86E-02,-4.14E+01,-2.09E+02,5.89E+00,-1.94E+00,2.58E-01,-4.67E-03,4.81595092,0.3
-7.74E+01,1.92E+01,2.29E+01,1.27E-01,7.39E-01,-6.85E-02,-4.14E+01,-2.09E+02,5.92E+00,-1.94E+00,2.58E-01,-4.69E-03,4.81595092,0.3
-7.74E+01,1.92E+01,2.29E+01,1.27E-01,7.39E-01,-6.85E-02,-4.14E+01,-2.09E+02,5.96E+00,-1.94E+00,2.58E-01,-4.70E-03,4.81595092,0.300636943
-7.74E+01,1.92E+01,2.29E+01,1.27E-01,7.39E-01,-6.85E-02,-4.14E+01,-2.09E+02,5.98E+00,-1.94E+00,2.58E-01,-4.70E-03,4.81595092,0.300636943
-7.75E+01,1.92E+01,2.29E+01,1.27E-01,7.39E-01,-6.85E-02,-4.14E+01,-2.09E+02,6.00E+00,-1.94E+00,2.58E-01,-4.68E-03,4.81595092,0.300636943
-7.75E+01,1.92E+01,2.30E+01,1.27E-01,7.39E-01,-6.85E-02,-4.14E+01,-2.09E+02,6.00E+00,-1.94E+00,2.58E-01,-4.67E-03,4.81595092,0.300636943
-7.75E+01,1.92E+01,2.30E+01,1.27E-01,7.39E-01,-6.85E-02,-4.15E+01,-2.09E+02,6.00E+00,-1.94E+00,2.58E-01,-4.63E-03,4.81595092,0.300636943
-7.75E+01,1.92E+01,2.30E+01,1.27E-01,7.39E-01,-6.85E-02,-4.15E+01,-2.09E+02,6.00E+00,-1.94E+00,2.58E-01,-4.60E-03,4.801223242,0.300636943
-7.75E+01,1.92E+01,2.30E+01,1.27E-01,7.39E-01,-6.84E-02,-4.15E+01,-2.09E+02,6.00E+00,-1.94E+00,2.58E-01,-4.59E-03,4.801223242,0.301273885
-7.76E+01,1.92E+01,2.30E+01,1.27E-01,7.39E-01,-6.84E-02,-4.15E+01,-2.09E+02,5.99E+00,-1.94E+00,2.58E-01,-4.58E-03,4.801223242,0.301273885
-7.76E+01,1.92E+01,2.30E+01,1.27E-01,7.39E-01,-6.84E-02,-4.15E+01,-2.09E+02,5.97E+00,-1.94E+00,2.58E-01,-4.57E-03,4.801223242,0.301273885
-7.76E+01,1.92E+01,2.30E+01,1.27E-01,7.39E-01,-6.84E-02,-4.15E+01,-2.09E+02,5.93E+00,-1.94E+00,2.57E-01,-4.54E-03,4.801223242,0.301273885
-7.76E+01,1.92E+01,2.30E+01,1.27E-01,7.38E-01,-6.84E-02,-4.16E+01,-2.09E+02,5.88E+00,-1.94E+00,2.57E-01,-4.54E-03,4.801223242,0.301273885
-7.76E+01,1.92E+01,2.30E+01,1.27E-01,7.38E-01,-6.84E-02,-4.16E+01,-2.09E+02,5.83E+00,-1.94E+00,2.57E-01,-4.52E-03,4.801223242,0.301273885
-7.76E+01,1.92E+01,2.30E+01,1.27E-01,7.38E-01,-6.84E-02,-4.16E+01,-2.09E+02,5.78E+00,-1.94E+00,2.57E-01,-4.49E-03,4.801223242,0.301273885
-7.76E+01,1.92E+01,2.30E+01,1.27E-01,7.38E-01,-6.84E-02,-4.15E+01,-2.09E+02,5.72E+00,-1.94E+00,2.57E-01,-4.47E-03,4.801223242,0.301273885
-7.75E+01,1.92E+01,2.30E+01,1.27E-01,7.38E-01,-6.84E-02,-4.15E+01,-2.09E+02,5.65E+00,-1.94E+00,2.57E-01,-4.44E-03,4.801223242,0.300636943
-7.75E+01,1.91E+01,2.30E+01,1.27E-01,7.38E-01,-6.85E-02,-4.15E+01,-2.09E+02,5.57E+00,-1.94E+00,2.57E-01,-4.44E-03,4.801223242,0.300636943
-7.75E+01,1.91E+01,2.30E+01,1.27E-01,7.37E-01,-6.85E-02,-4.15E+01,-2.09E+02,5.50E+00,-1.94E+00,2.57E-01,-4.37E-03,4.801223242,0.300636943
-7.75E+01,1.91E+01,2.30E+01,1.27E-01,7.37E-01,-6.85E-02,-4.15E+01,-2.09E+02,5.44E+00,-1.94E+00,2.58E-01,-4.28E-03,4.801223242,0.300636943
-7.74E+01,1.91E+01,2.30E+01,1.27E-01,7.37E-01,-6.85E-02,-4.15E+01,-2.09E+02,5.38E+00,-1.94E+00,2.58E-01,-4.16E-03,4.801223242,0.300636943
-7.74E+01,1.91E+01,2.30E+01,1.27E-01,7.37E-01,-6.86E-02,-4.15E+01,-2.09E+02,5.34E+00,-1.94E+00,2.58E-01,-4.01E-03,4.801223242,0.300636943
-7.74E+01,1.91E+01,2.30E+01,1.27E-01,7.37E-01,-6.86E-02,-4.15E+01,-2.09E+02,5.30E+00,-1.94E+00,2.58E-01,-3.81E-03,4.801223242,0.300636943
-7.74E+01,1.91E+01,2.30E+01,1.27E-01,7.37E-01,-6.86E-02,-4.15E+01,-2.09E+02,5.29E+00,-1.94E+00,2.58E-01,-3.59E-03,4.801223242,0.3
-7.73E+01,1.91E+01,2.30E+01,1.27E-01,7.37E-01,-6.86E-02,-4.15E+01,-2.09E+02,5.29E+00,-1.94E+00,2.58E-01,-3.35E-03,4.801223242,0.3
-7.73E+01,1.91E+01,2.30E+01,1.27E-01,7.37E-01,-6.87E-02,-4.15E+01,-2.09E+02,5.31E+00,-1.94E+00,2.59E-01,-3.06E-03,4.801223242,0.3
-7.73E+01,1.91E+01,2.29E+01,1.27E-01,7.37E-01,-6.87E-02,-4.15E+01,-2.09E+02,5.35E+00,-1.94E+00,2.59E-01,-2.75E-03,4.801223242,0.3
-7.72E+01,1.91E+01,2.29E+01,1.28E-01,7.37E-01,-6.87E-02,-4.15E+01,-2.09E+02,5.40E+00,-1.94E+00,2.59E-01,-2.44E-03,4.801223242,0.3
-7.72E+01,1.91E+01,2.29E+01,1.28E-01,7.37E-01,-6.87E-02,-4.14E+01,-2.09E+02,5.46E+00,-1.94E+00,2.59E-01,-2.13E-03,4.81595092,0.3
-7.72E+01,1.91E+01,2.29E+01,1.28E-01,7.37E-01,-6.88E-02,-4.14E+01,-2.09E+02,5.53E+00,-1.94E+00,2.60E-01,-1.92E-03,4.81595092,0.3
-7.72E+01,1.91E+01,2.29E+01,1.28E-01,7.37E-01,-6.88E-02,-4.14E+01,-2.09E+02,5.59E+00,-1.94E+00,2.60E-01,-1.77E-03,4.81595092,0.3
-7.71E+01,1.91E+01,2.28E+01,1.28E-01,7.37E-01,-6.88E-02,-4.14E+01,-2.08E+02,5.66E+00,-1.94E+00,2.60E-01,-1.75E-03,4.81595092,0.300636943
-7.71E+01,1.91E+01,2.28E+01,1.28E-01,7.37E-01,-6.88E-02,-4.13E+01,-2.08E+02,5.72E+00,-1.94E+00,2.60E-01,-1.80E-03,4.830769231,0.300636943
-7.71E+01,1.91E+01,2.28E+01,1.28E-01,7.37E-01,-6.89E-02,-4.12E+01,-2.08E+02,5.77E+00,-1.94E+00,2.60E-01,-1.90E-03,4.8,0.302564103
-7.70E+01,1.91E+01,2.27E+01,1.28E-01,7.37E-01,-6.89E-02,-4.12E+01,-2.08E+02,5.80E+00,-1.94E+00,2.60E-01,-2.04E-03,4.814814815,0.302564103
-7.70E+01,1.91E+01,2.27E+01,1.28E-01,7.37E-01,-6.89E-02,-4.11E+01,-2.08E+02,5.83E+00,-1.94E+00,2.60E-01,-2.23E-03,4.814814815,0.302564103
-7.70E+01,1.91E+01,2.27E+01,1.28E-01,7.37E-01,-6.90E-02,-4.11E+01,-2.08E+02,5.83E+00,-1.94E+00,2.61E-01,-2.47E-03,4.814814815,0.302564103
-7.70E+01,1.91E+01,2.27E+01,1.28E-01,7.37E-01,-6.90E-02,-4.11E+01,-2.08E+02,5.82E+00,-1.94E+00,2.61E-01,-2.71E-03,4.814814815,0.302564103
-7.70E+01,1.91E+01,2.27E+01,1.28E-01,7.37E-01,-6.91E-02,-4.11E+01,-2.08E+02,5.79E+00,-1.94E+00,2.61E-01,-2.96E-03,4.814814815,0.302564103
-7.70E+01,1.90E+01,2.27E+01,1.28E-01,7.36E-01,-6.91E-02,-4.11E+01,-2.08E+02,5.74E+00,-1.94E+00,2.61E-01,-3.21E-03,4.814814815,0.302564103
-7.71E+01,1.90E+01,2.27E+01,1.28E-01,7.36E-01,-6.92E-02,-4.11E+01,-2.08E+02,5.68E+00,-1.94E+00,2.61E-01,-3.42E-03,4.814814815,0.302564103
-7.71E+01,1.90E+01,2.27E+01,1.28E-01,7.36E-01,-6.92E-02,-4.11E+01,-2.08E+02,5.62E+00,-1.94E+00,2.61E-01,-3.61E-03,4.814814815,0.302564103
-7.71E+01,1.90E+01,2.27E+01,1.28E-01,7.36E-01,-6.92E-02,-4.12E+01,-2.08E+02,5.55E+00,-1.94E+00,2.61E-01,-3.79E-03,4.814814815,0.302564103
-7.71E+01,1.90E+01,2.28E+01,1.28E-01,7.36E-01,-6.92E-02,-4.12E+01,-2.08E+02,5.48E+00,-1.94E+00,2.61E-01,-3.93E-03,4.814814815,0.302564103
-7.72E+01,1.89E+01,2.28E+01,1.28E-01,7.36E-01,-6.92E-02,-4.12E+01,-2.08E+02,5.40E+00,-1.94E+00,2.60E-01,-4.02E-03,4.830769231,0.300636943
-7.72E+01,1.89E+01,2.28E+01,1.28E-01,7.36E-01,-6.92E-02,-4.13E+01,-2.08E+02,5.33E+00,-1.94E+00,2.60E-01,-4.03E-03,4.830769231,0.300636943
-7.73E+01,1.89E+01,2.29E+01,1.28E-01,7.36E-01,-6.92E-02,-4.13E+01,-2.08E+02,5.27E+00,-1.94E+00,2.60E-01,-4.05E-03,4.81595092,0.300636943
-7.73E+01,1.89E+01,2.29E+01,1.28E-01,7.36E-01,-6.92E-02,-4.14E+01,-2.09E+02,5.23E+00,-1.94E+00,2.60E-01,-4.03E-03,4.81595092,0.3
-7.73E+01,1.89E+01,2.29E+01,1.28E-01,7.37E-01,-6.92E-02,-4.14E+01,-2.09E+02,5.21E+00,-1.94E+00,2.60E-01,-3.95E-03,4.81595092,0.3
-7.73E+01,1.89E+01,2.29E+01,1.28E-01,7.37E-01,-6.92E-02,-4.14E+01,-2.09E+02,5.22E+00,-1.94E+00,2.60E-01,-3.85E-03,4.81595092,0.3
-7.73E+01,1.90E+01,2.29E+01,1.28E-01,7.37E-01,-6.91E-02,-4.14E+01,-2.08E+02,5.26E+00,-1.94E+00,2.60E-01,-3.69E-03,4.81595092,0.3
-7.72E+01,1.90E+01,2.29E+01,1.28E-01,7.37E-01,-6.91E-02,-4.14E+01,-2.08E+02,5.33E+00,-1.94E+00,2.60E-01,-3.53E-03,4.81595092,0.3
-7.72E+01,1.90E+01,2.29E+01,1.28E-01,7.37E-01,-6.91E-02,-4.14E+01,-2.08E+02,5.42E+00,-1.94E+00,2.59E-01,-3.32E-03,4.81595092,0.299363057
-7.72E+01,1.90E+01,2.29E+01,1.28E-01,7.37E-01,-6.90E-02,-4.14E+01,-2.08E+02,5.52E+00,-1.94E+00,2.59E-01,-3.12E-03,4.785276074,0.301282051
-7.71E+01,1.91E+01,2.29E+01,1.28E-01,7.37E-01,-6.90E-02,-4.14E+01,-2.08E+02,5.62E+00,-1.94E+00,2.59E-01,-2.92E-03,4.785276074,0.301282051
-7.71E+01,1.91E+01,2.28E+01,1.28E-01,7.37E-01,-6.89E-02,-4.13E+01,-2.08E+02,5.73E+00,-1.94E+00,2.59E-01,-2.70E-03,4.8,0.301282051
-7.70E+01,1.91E+01,2.28E+01,1.28E-01,7.38E-01,-6.89E-02,-4.13E+01,-2.08E+02,5.82E+00,-1.94E+00,2.59E-01,-2.53E-03,4.8,0.301282051
-7.70E+01,1.91E+01,2.28E+01,1.28E-01,7.38E-01,-6.89E-02,-4.12E+01,-2.08E+02,5.91E+00,-1.94E+00,2.59E-01,-2.37E-03,4.8,0.301282051
-7.69E+01,1.91E+01,2.27E+01,1.28E-01,7.38E-01,-6.89E-02,-4.12E+01,-2.08E+02,5.97E+00,-1.94E+00,2.59E-01,-2.25E-03,4.814814815,0.301282051
-7.69E+01,1.91E+01,2.27E+01,1.27E-01,7.38E-01,-6.89E-02,-4.11E+01,-2.08E+02,6.01E+00,-1.94E+00,2.59E-01,-2.17E-03,4.814814815,0.301282051
-7.69E+01,1.91E+01,2.27E+01,1.27E-01,7.38E-01,-6.89E-02,-4.11E+01,-2.08E+02,6.04E+00,-1.94E+00,2.59E-01,-2.15E-03,4.814814815,0.301282051
-7.69E+01,1.91E+01,2.27E+01,1.27E-01,7.38E-01,-6.89E-02,-4.11E+01,-2.08E+02,6.04E+00,-1.94E+00,2.59E-01,-2.15E-03,4.814814815,0.301282051
-7.69E+01,1.91E+01,2.27E+01,1.27E-01,7.38E-01,-6.89E-02,-4.11E+01,-2.08E+02,6.01E+00,-1.94E+00,2.59E-01,-2.23E-03,4.814814815,0.301923077
-7.70E+01,1.91E+01,2.27E+01,1.27E-01,7.38E-01,-6.90E-02,-4.11E+01,-2.08E+02,5.96E+00,-1.94E+00,2.59E-01,-2.32E-03,4.814814815,0.301923077
-7.70E+01,1.91E+01,2.27E+01,1.27E-01,7.37E-01,-6.90E-02,-4.11E+01,-2.08E+02,5.88E+00,-1.94E+00,2.59E-01,-2.42E-03,4.814814815,0.301923077
-7.70E+01,1.90E+01,2.27E+01,1.27E-01,7.37E-01,-6.90E-02,-4.11E+01,-2.08E+02,5.79E+00,-1.94E+00,2.59E-01,-2.53E-03,4.814814815,0.302564103
-7.71E+01,1.90E+01,2.28E+01,1.27E-01,7.37E-01,-6.90E-02,-4.11E+01,-2.08E+02,5.69E+00,-1.94E+00,2.59E-01,-2.66E-03,4.814814815,0.302564103
-7.71E+01,1.90E+01,2.28E+01,1.27E-01,7.37E-01,-6.91E-02,-4.12E+01,-2.08E+02,5.59E+00,-1.94E+00,2.59E-01,-2.76E-03,4.845679012,0.300636943
-7.71E+01,1.90E+01,2.28E+01,1.27E-01,7.37E-01,-6.91E-02,-4.12E+01,-2.09E+02,5.50E+00,-1.94E+00,2.59E-01,-2.84E-03,4.830769231,0.300636943
-7.72E+01,1.89E+01,2.28E+01,1.27E-01,7.37E-01,-6.91E-02,-4.12E+01,-2.09E+02,5.43E+00,-1.94E+00,2.59E-01,-2.93E-03,4.830769231,0.301273885
-7.72E+01,1.89E+01,2.28E+01,1.27E-01,7.37E-01,-6.91E-02,-4.13E+01,-2.09E+02,5.38E+00,-1.94E+00,2.59E-01,-3.01E-03,4.830769231,0.301273885
-7.73E+01,1.89E+01,2.29E+01,1.27E-01,7.37E-01,-6.91E-02,-4.13E+01,-2.09E+02,5.36E+00,-1.94E+00,2.59E-01,-3.08E-03,4.830769231,0.301273885
-7.73E+01,1.89E+01,2.29E+01,1.27E-01,7.37E-01,-6.90E-02,-4.13E+01,-2.09E+02,5.35E+00,-1.94E+00,2.59E-01,-3.16E-03,4.830769231,0.301273885
-7.73E+01,1.90E+01,2.29E+01,1.27E-01,7.37E-01,-6.90E-02,-4.13E+01,-2.09E+02,5.36E+00,-1.94E+00,2.59E-01,-3.24E-03,4.830769231,0.301910828
-7.73E+01,1.90E+01,2.29E+01,1.27E-01,7.37E-01,-6.90E-02,-4.13E+01,-2.09E+02,5.39E+00,-1.94E+00,2.59E-01,-3.31E-03,4.830769231,0.301910828
-7.73E+01,1.90E+01,2.29E+01,1.27E-01,7.37E-01,-6.89E-02,-4.13E+01,-2.09E+02,5.45E+00,-1.94E+00,2.59E-01,-3.34E-03,4.830769231,0.301910828
-7.73E+01,1.91E+01,2.29E+01,1.27E-01,7.37E-01,-6.89E-02,-4.13E+01,-2.09E+02,5.54E+00,-1.94E+00,2.59E-01,-3.34E-03,4.830769231,0.301910828
-7.73E+01,1.91E+01,2.29E+01,1.27E-01,7.37E-01,-6.88E-02,-4.13E+01,-2.09E+02,5.64E+00,-1.94E+00,2.58E-01,-3.31E-03,4.830769231,0.301910828
-7.73E+01,1.91E+01,2.29E+01,1.27E-01,7.37E-01,-6.88E-02,-4.13E+01,-2.09E+02,5.73E+00,-1.94E+00,2.58E-01,-3.27E-03,4.830769231,0.301910828
-7.73E+01,1.92E+01,2.29E+01,1.27E-01,7.37E-01,-6.88E-02,-4.13E+01,-2.09E+02,5.82E+00,-1.94E+00,2.58E-01,-3.20E-03,4.830769231,0.301910828
-7.73E+01,1.92E+01,2.29E+01,1.27E-01,7.37E-01,-6.87E-02,-4.13E+01,-2.09E+02,5.89E+00,-1.94E+00,2.58E-01,-3.15E-03,4.830769231,0.302547771
-7.73E+01,1.92E+01,2.29E+01,1.27E-01,7.37E-01,-6.87E-02,-4.13E+01,-2.09E+02,5.95E+00,-1.94E+00,2.58E-01,-3.05E-03,4.830769231,0.302547771
-7.74E+01,1.93E+01,2.29E+01,1.27E-01,7.37E-01,-6.87E-02,-4.12E+01,-2.09E+02,5.99E+00,-1.94E+00,2.58E-01,-2.93E-03,4.830769231,0.302547771
-7.74E+01,1.93E+01,2.29E+01,1.27E-01,7.37E-01,-6.87E-02,-4.12E+01,-2.09E+02,6.02E+00,-1.94E+00,2.58E-01,-2.78E-03,4.830769231,0.302547771
-7.74E+01,1.93E+01,2.29E+01,1.27E-01,7.38E-01,-6.86E-02,-4.13E+01,-2.10E+02,6.04E+00,-1.94E+00,2.58E-01,-2.63E-03,4.830769231,0.302547771
-7.74E+01,1.93E+01,2.29E+01,1.27E-01,7.38E-01,-6.86E-02,-4.13E+01,-2.10E+02,6.04E+00,-1.94E+00,2.58E-01,-2.43E-03,4.830769231,0.302547771
-7.74E+01,1.93E+01,2.29E+01,1.27E-01,7.38E-01,-6.86E-02,-4.13E+01,-2.10E+02,6.02E+00,-1.94E+00,2.58E-01,-2.26E-03,4.861538462,0.301265823
-7.75E+01,1.93E+01,2.29E+01,1.26E-01,7.38E-01,-6.86E-02,-4.13E+01,-2.10E+02,5.98E+00,-1.94E+00,2.57E-01,-2.07E-03,4.861538462,0.301265823
-7.75E+01,1.93E+01,2.29E+01,1.26E-01,7.38E-01,-6.86E-02,-4.13E+01,-2.10E+02,5.93E+00,-1.94E+00,2.57E-01,-1.86E-03,4.861538462,0.301265823
-7.75E+01,1.92E+01,2.29E+01,1.26E-01,7.38E-01,-6.86E-02,-4.13E+01,-2.10E+02,5.86E+00,-1.94E+00,2.57E-01,-1.69E-03,4.846625767,0.301265823
-7.75E+01,1.92E+01,2.29E+01,1.26E-01,7.38E-01,-6.86E-02,-4.14E+01,-2.10E+02,5.79E+00,-1.94E+00,2.57E-01,-1.51E-03,4.846625767,0.301265823
-7.75E+01,1.92E+01,2.30E+01,1.26E-01,7.38E-01,-6.86E-02,-4.14E+01,-2.10E+02,5.72E+00,-1.94E+00,2.57E-01,-1.38E-03,4.846625767,0.301898734
-7.76E+01,1.91E+01,2.30E+01,1.26E-01,7.38E-01,-6.86E-02,-4.14E+01,-2.10E+02,5.67E+00,-1.94E+00,2.57E-01,-1.28E-03,4.846625767,0.301898734
-7.76E+01,1.91E+01,2.30E+01,1.26E-01,7.38E-01,-6.86E-02,-4.14E+01,-2.10E+02,5.63E+00,-1.94E+00,2.57E-01,-1.23E-03,4.846625767,0.301898734
-7.76E+01,1.91E+01,2.30E+01,1.26E-01,7.38E-01,-6.86E-02,-4.14E+01,-2.10E+02,5.61E+00,-1.94E+00,2.57E-01,-1.24E-03,4.846625767,0.301898734
-7.76E+01,1.91E+01,2.30E+01,1.26E-01,7.38E-01,-6.86E-02,-4.14E+01,-2.10E+02,5.60E+00,-1.94E+00,2.56E-01,-1.33E-03,4.846625767,0.301898734
-7.76E+01,1.90E+01,2.30E+01,1.26E-01,7.38E-01,-6.86E-02,-4.14E+01,-2.10E+02,5.59E+00,-1.94E+00,2.56E-01,-1.47E-03,4.846625767,0.301898734
-7.75E+01,1.90E+01,2.30E+01,1.26E-01,7.38E-01,-6.86E-02,-4.14E+01,-2.10E+02,5.60E+00,-1.94E+00,2.56E-01,-1.66E-03,4.846625767,0.302531646
-7.75E+01,1.90E+01,2.29E+01,1.26E-01,7.38E-01,-6.86E-02,-4.14E+01,-2.10E+02,5.63E+00,-1.94E+00,2.56E-01,-1.87E-03,4.846625767,0.302531646
-7.76E+01,1.90E+01,2.29E+01,1.26E-01,7.38E-01,-6.86E-02,-4.14E+01,-2.10E+02,5.66E+00,-1.94E+00,2.56E-01,-2.11E-03,4.846625767,0.302531646
-7.75E+01,1.91E+01,2.29E+01,1.26E-01,7.38E-01,-6.86E-02,-4.14E+01,-2.10E+02,5.70E+00,-1.94E+00,2.56E-01,-2.32E-03,4.846625767,0.302531646
-7.76E+01,1.91E+01,2.29E+01,1.26E-01,7.38E-01,-6.86E-02,-4.14E+01,-2.10E+02,5.75E+00,-1.94E+00,2.56E-01,-2.52E-03,4.846625767,0.302531646
-7.76E+01,1.91E+01,2.29E+01,1.26E-01,7.38E-01,-6.85E-02,-4.14E+01,-2.10E+02,5.80E+00,-1.94E+00,2.56E-01,-2.72E-03,4.846625767,0.302531646
-7.76E+01,1.91E+01,2.29E+01,1.26E-01,7.38E-01,-6.85E-02,-4.14E+01,-2.10E+02,5.86E+00,-1.94E+00,2.56E-01,-2.90E-03,4.846625767,0.302531646
-7.75E+01,1.92E+01,2.29E+01,1.26E-01,7.38E-01,-6.85E-02,-4.14E+01,-2.10E+02,5.90E+00,-1.94E+00,2.56E-01,-3.10E-03,4.846625767,0.301898734
-7.75E+01,1.92E+01,2.29E+01,1.26E-01,7.38E-01,-6.84E-02,-4.14E+01,-2.10E+02,5.94E+00,-1.94E+00,2.56E-01,-3.26E-03,4.846625767,0.301898734
-7.75E+01,1.92E+01,2.29E+01,1.26E-01,7.38E-01,-6.84E-02,-4.14E+01,-2.10E+02,5.96E+00,-1.94E+00,2.56E-01,-3.43E-03,4.846625767,0.301898734
-7.75E+01,1.92E+01,2.29E+01,1.26E-01,7.38E-01,-6.84E-02,-4.14E+01,-2.10E+02,5.98E+00,-1.94E+00,2.56E-01,-3.58E-03,4.846625767,0.301898734
-7.75E+01,1.92E+01,2.29E+01,1.26E-01,7.38E-01,-6.83E-02,-4.14E+01,-2.10E+02,5.98E+00,-1.94E+00,2.56E-01,-3.68E-03,4.846625767,0.301265823
-7.75E+01,1.92E+01,2.29E+01,1.26E-01,7.37E-01,-6.83E-02,-4.14E+01,-2.10E+02,5.97E+00,-1.94E+00,2.56E-01,-3.76E-03,4.846625767,0.301265823
-7.75E+01,1.92E+01,2.29E+01,1.26E-01,7.37E-01,-6.83E-02,-4.14E+01,-2.10E+02,5.95E+00,-1.94E+00,2.56E-01,-3.83E-03,4.846625767,0.301265823
-7.74E+01,1.92E+01,2.29E+01,1.26E-01,7.37E-01,-6.83E-02,-4.14E+01,-2.10E+02,5.93E+00,-1.94E+00,2.56E-01,-3.85E-03,4.846625767,0.300632911
-7.74E+01,1.92E+01,2.29E+01,1.26E-01,7.37E-01,-6.83E-02,-4.14E+01,-2.10E+02,5.89E+00,-1.94E+00,2.56E-01,-3.90E-03,4.846625767,0.300632911
-7.74E+01,1.92E+01,2.29E+01,1.26E-01,7.37E-01,-6.83E-02,-4.14E+01,-2.10E+02,5.85E+00,-1.94E+00,2.56E-01,-3.90E-03,4.81595092,0.302547771
-7.74E+01,1.92E+01,2.29E+01,1.26E-01,7.37E-01,-6.83E-02,-4.14E+01,-2.09E+02,5.81E+00,-1.94E+00,2.56E-01,-3.89E-03,4.81595092,0.301910828
-7.73E+01,1.92E+01,2.29E+01,1.26E-01,7.37E-01,-6.84E-02,-4.14E+01,-2.09E+02,5.75E+00,-1.94E+00,2.56E-01,-3.86E-03,4.81595092,0.301910828
-7.73E+01,1.92E+01,2.29E+01,1.26E-01,7.37E-01,-6.84E-02,-4.14E+01,-2.09E+02,5.69E+00,-1.94E+00,2.56E-01,-3.79E-03,4.81595092,0.301910828
-7.73E+01,1.91E+01,2.29E+01,1.27E-01,7.37E-01,-6.85E-02,-4.14E+01,-2.09E+02,5.64E+00,-1.94E+00,2.57E-01,-3.68E-03,4.81595092,0.301910828
-7.73E+01,1.91E+01,2.29E+01,1.27E-01,7.37E-01,-6.85E-02,-4.14E+01,-2.09E+02,5.59E+00,-1.94E+00,2.57E-01,-3.60E-03,4.81595092,0.301273885
-7.72E+01,1.91E+01,2.29E+01,1.27E-01,7.37E-01,-6.86E-02,-4.14E+01,-2.09E+02,5.55E+00,-1.94E+00,2.57E-01,-3.47E-03,4.81595092,0.301273885
-7.73E+01,1.91E+01,2.29E+01,1.27E-01,7.37E-01,-6.87E-02,-4.14E+01,-2.09E+02,5.52E+00,-1.94E+00,2.57E-01,-3.31E-03,4.81595092,0.301273885
-7.73E+01,1.91E+01,2.29E+01,1.27E-01,7.37E-01,-6.87E-02,-4.14E+01,-2.09E+02,5.49E+00,-1.94E+00,2.57E-01,-3.17E-03,4.81595092,0.301273885
-7.72E+01,1.91E+01,2.29E+01,1.27E-01,7.37E-01,-6.88E-02,-4.14E+01,-2.09E+02,5.47E+00,-1.94E+00,2.57E-01,-3.03E-03,4.81595092,0.301273885
-7.72E+01,1.91E+01,2.29E+01,1.27E-01,7.37E-01,-6.88E-02,-4.14E+01,-2.09E+02,5.46E+00,-1.94E+00,2.57E-01,-2.86E-03,4.81595092,0.301273885
-7.72E+01,1.91E+01,2.29E+01,1.27E-01,7.37E-01,-6.88E-02,-4.14E+01,-2.09E+02,5.46E+00,-1.94E+00,2.58E-01,-2.76E-03,4.81595092,0.301273885
-7.72E+01,1.91E+01,2.29E+01,1.27E-01,7.38E-01,-6.89E-02,-4.14E+01,-2.09E+02,5.47E+00,-1.94E+00,2.58E-01,-2.64E-03,4.81595092,0.301273885
-7.72E+01,1.91E+01,2.29E+01,1.27E-01,7.38E-01,-6.89E-02,-4.14E+01,-2.09E+02,5.49E+00,-1.94E+00,2.58E-01,-2.57E-03,4.81595092,0.301273885
-7.72E+01,1.91E+01,2.29E+01,1.27E-01,7.38E-01,-6.89E-02,-4.14E+01,-2.09E+02,5.51E+00,-1.94E+00,2.58E-01,-2.52E-03,4.81595092,0.300636943
-7.71E+01,1.91E+01,2.28E+01,1.27E-01,7.38E-01,-6.90E-02,-4.14E+01,-2.09E+02,5.55E+00,-1.94E+00,2.58E-01,-2.54E-03,4.81595092,0.300636943
-7.71E+01,1.91E+01,2.28E+01,1.27E-01,7.38E-01,-6.90E-02,-4.14E+01,-2.08E+02,5.60E+00,-1.94E+00,2.58E-01,-2.52E-03,4.81595092,0.300636943
-7.70E+01,1.91E+01,2.28E+01,1.27E-01,7.38E-01,-6.90E-02,-4.13E+01,-2.08E+02,5.66E+00,-1.94E+00,2.58E-01,-2.55E-03,4.785276074,0.301923077
-7.69E+01,1.91E+01,2.28E+01,1.27E-01,7.38E-01,-6.90E-02,-4.13E+01,-2.08E+02,5.74E+00,-1.94E+00,2.58E-01,-2.62E-03,4.8,0.301923077
-7.69E+01,1.91E+01,2.27E+01,1.27E-01,7.39E-01,-6.90E-02,-4.12E+01,-2.08E+02,5.81E+00,-1.94E+00,2.58E-01,-2.68E-03,4.8,0.301923077
-7.68E+01,1.91E+01,2.27E+01,1.27E-01,7.39E-01,-6.91E-02,-4.11E+01,-2.07E+02,5.89E+00,-1.94E+00,2.58E-01,-2.80E-03,4.814814815,0.301282051
-7.67E+01,1.91E+01,2.26E+01,1.27E-01,7.39E-01,-6.91E-02,-4.11E+01,-2.07E+02,5.97E+00,-1.94E+00,2.59E-01,-2.94E-03,4.829721362,0.301282051
-7.66E+01,1.91E+01,2.26E+01,1.28E-01,7.39E-01,-6.91E-02,-4.10E+01,-2.07E+02,6.05E+00,-1.95E+00,2.59E-01,-3.01E-03,4.79876161,0.302580645
-7.65E+01,1.91E+01,2.25E+01,1.28E-01,7.39E-01,-6.92E-02,-4.09E+01,-2.07E+02,6.11E+00,-1.95E+00,2.59E-01,-3.11E-03,4.813664596,0.302580645
-7.64E+01,1.90E+01,2.25E+01,1.28E-01,7.39E-01,-6.92E-02,-4.08E+01,-2.06E+02,6.17E+00,-1.95E+00,2.59E-01,-3.24E-03,4.813664596,0.301935484
-7.64E+01,1.90E+01,2.25E+01,1.28E-01,7.39E-01,-6.93E-02,-4.07E+01,-2.06E+02,6.22E+00,-1.95E+00,2.60E-01,-3.41E-03,4.828660436,0.301935484
-7.63E+01,1.90E+01,2.24E+01,1.28E-01,7.39E-01,-6.93E-02,-4.07E+01,-2.06E+02,6.24E+00,-1.95E+00,2.60E-01,-3.61E-03,4.828660436,0.301290323
-7.63E+01,1.90E+01,2.24E+01,1.28E-01,7.39E-01,-6.94E-02,-4.07E+01,-2.06E+02,6.24E+00,-1.95E+00,2.60E-01,-3.80E-03,4.84375,0.301290323
-7.63E+01,1.90E+01,2.24E+01,1.28E-01,7.39E-01,-6.94E-02,-4.06E+01,-2.06E+02,6.22E+00,-1.95E+00,2.60E-01,-3.98E-03,4.8125,0.303246753
-7.63E+01,1.90E+01,2.24E+01,1.28E-01,7.39E-01,-6.95E-02,-4.07E+01,-2.06E+02,6.17E+00,-1.95E+00,2.61E-01,-4.16E-03,4.8125,0.303246753
-7.63E+01,1.90E+01,2.25E+01,1.28E-01,7.39E-01,-6.95E-02,-4.07E+01,-2.06E+02,6.10E+00,-1.95E+00,2.61E-01,-4.31E-03,4.828660436,0.300645161
-7.64E+01,1.89E+01,2.25E+01,1.28E-01,7.39E-01,-6.95E-02,-4.07E+01,-2.06E+02,6.00E+00,-1.95E+00,2.61E-01,-4.42E-03,4.828660436,0.300645161
-7.64E+01,1.89E+01,2.25E+01,1.28E-01,7.39E-01,-6.95E-02,-4.08E+01,-2.06E+02,5.90E+00,-1.95E+00,2.61E-01,-4.49E-03,4.828660436,0.300645161
-7.65E+01,1.89E+01,2.26E+01,1.28E-01,7.39E-01,-6.95E-02,-4.08E+01,-2.06E+02,5.78E+00,-1.95E+00,2.61E-01,-4.52E-03,4.813664596,0.301290323
-7.66E+01,1.89E+01,2.26E+01,1.28E-01,7.39E-01,-6.94E-02,-4.09E+01,-2.06E+02,5.67E+00,-1.95E+00,2.61E-01,-4.53E-03,4.79876161,0.301290323
-7.67E+01,1.89E+01,2.27E+01,1.28E-01,7.39E-01,-6.94E-02,-4.10E+01,-2.07E+02,5.57E+00,-1.95E+00,2.61E-01,-4.47E-03,4.79876161,0.301290323
-7.68E+01,1.89E+01,2.28E+01,1.28E-01,7.40E-01,-6.93E-02,-4.11E+01,-2.07E+02,5.47E+00,-1.95E+00,2.61E-01,-4.38E-03,4.814814815,0.299358974
-7.69E+01,1.89E+01,2.28E+01,1.28E-01,7.40E-01,-6.93E-02,-4.12E+01,-2.07E+02,5.39E+00,-1.95E+00,2.61E-01,-4.27E-03,4.8,0.3
-7.69E+01,1.89E+01,2.28E+01,1.28E-01,7.40E-01,-6.92E-02,-4.13E+01,-2.07E+02,5.34E+00,-1.94E+00,2.60E-01,-4.13E-03,4.8,0.3
-7.70E+01,1.89E+01,2.29E+01,1.28E-01,7.40E-01,-6.91E-02,-4.13E+01,-2.08E+02,5.31E+00,-1.94E+00,2.60E-01,-3.99E-03,4.785276074,0.3
-7.71E+01,1.89E+01,2.29E+01,1.28E-01,7.39E-01,-6.90E-02,-4.14E+01,-2.08E+02,5.32E+00,-1.94E+00,2.60E-01,-3.85E-03,4.785276074,0.300641026
-7.71E+01,1.90E+01,2.29E+01,1.28E-01,7.39E-01,-6.89E-02,-4.14E+01,-2.08E+02,5.37E+00,-1.94E+00,2.59E-01,-3.72E-03,4.785276074,0.300641026
-7.71E+01,1.90E+01,2.29E+01,1.28E-01,7.39E-01,-6.88E-02,-4.14E+01,-2.08E+02,5.44E+00,-1.94E+00,2.59E-01,-3.59E-03,4.785276074,0.300641026
-7.71E+01,1.90E+01,2.29E+01,1.28E-01,7.39E-01,-6.87E-02,-4.14E+01,-2.08E+02,5.53E+00,-1.94E+00,2.59E-01,-3.49E-03,4.785276074,0.300641026
-7.71E+01,1.91E+01,2.29E+01,1.27E-01,7.39E-01,-6.86E-02,-4.14E+01,-2.08E+02,5.63E+00,-1.94E+00,2.59E-01,-3.40E-03,4.785276074,0.300641026
-7.71E+01,1.91E+01,2.29E+01,1.27E-01,7.39E-01,-6.85E-02,-4.14E+01,-2.08E+02,5.74E+00,-1.94E+00,2.59E-01,-3.40E-03,4.785276074,0.300641026
-7.70E+01,1.91E+01,2.28E+01,1.27E-01,7.39E-01,-6.85E-02,-4.13E+01,-2.08E+02,5.85E+00,-1.94E+00,2.58E-01,-3.38E-03,4.785276074,0.300641026
-7.70E+01,1.91E+01,2.28E+01,1.27E-01,7.39E-01,-6.85E-02,-4.13E+01,-2.08E+02,5.94E+00,-1.94E+00,2.58E-01,-3.37E-03,4.8,0.300641026
-7.70E+01,1.92E+01,2.28E+01,1.27E-01,7.39E-01,-6.84E-02,-4.12E+01,-2.08E+02,6.02E+00,-1.94E+00,2.59E-01,-3.40E-03,4.8,0.300641026
-7.69E+01,1.92E+01,2.27E+01,1.27E-01,7.39E-01,-6.85E-02,-4.12E+01,-2.08E+02,6.07E+00,-1.94E+00,2.59E-01,-3.46E-03,4.814814815,0.300641026
-7.69E+01,1.92E+01,2.27E+01,1.28E-01,7.39E-01,-6.85E-02,-4.11E+01,-2.07E+02,6.10E+00,-1.94E+00,2.59E-01,-3.53E-03,4.814814815,0.300641026
-7.69E+01,1.92E+01,2.27E+01,1.28E-01,7.38E-01,-6.85E-02,-4.11E+01,-2.07E+02,6.10E+00,-1.94E+00,2.59E-01,-3.61E-03,4.814814815,0.301282051
-7.69E+01,1.91E+01,2.27E+01,1.28E-01,7.38E-01,-6.86E-02,-4.11E+01,-2.07E+02,6.08E+00,-1.94E+00,2.59E-01,-3.67E-03,4.814814815,0.301282051
-7.69E+01,1.91E+01,2.27E+01,1.28E-01,7.38E-01,-6.86E-02,-4.11E+01,-2.08E+02,6.04E+00,-1.94E+00,2.59E-01,-3.74E-03,4.829721362,0.301282051
-7.69E+01,1.91E+01,2.27E+01,1.28E-01,7.38E-01,-6.87E-02,-4.11E+01,-2.08E+02,5.97E+00,-1.94E+00,2.60E-01,-3.78E-03,4.814814815,0.301282051
-7.70E+01,1.91E+01,2.27E+01,1.28E-01,7.38E-01,-6.87E-02,-4.11E+01,-2.08E+02,5.89E+00,-1.94E+00,2.60E-01,-3.82E-03,4.814814815,0.301923077
-7.70E+01,1.90E+01,2.28E+01,1.28E-01,7.38E-01,-6.88E-02,-4.11E+01,-2.08E+02,5.79E+00,-1.94E+00,2.60E-01,-3.85E-03,4.814814815,0.301923077
-7.71E+01,1.90E+01,2.28E+01,1.28E-01,7.38E-01,-6.88E-02,-4.12E+01,-2.08E+02,5.68E+00,-1.94E+00,2.60E-01,-3.88E-03,4.814814815,0.301923077
-7.71E+01,1.90E+01,2.28E+01,1.28E-01,7.38E-01,-6.89E-02,-4.12E+01,-2.08E+02,5.58E+00,-1.94E+00,2.60E-01,-3.87E-03,4.830769231,0.300636943
-7.72E+01,1.90E+01,2.29E+01,1.28E-01,7.38E-01,-6.89E-02,-4.13E+01,-2.09E+02,5.49E+00,-1.94E+00,2.60E-01,-3.87E-03,4.830769231,0.300636943
-7.72E+01,1.90E+01,2.29E+01,1.28E-01,7.37E-01,-6.89E-02,-4.13E+01,-2.09E+02,5.42E+00,-1.94E+00,2.60E-01,-3.87E-03,4.830769231,0.300636943
-7.73E+01,1.90E+01,2.29E+01,1.28E-01,7.37E-01,-6.89E-02,-4.14E+01,-2.09E+02,5.38E+00,-1.94E+00,2.60E-01,-3.85E-03,4.81595092,0.300636943
-7.73E+01,1.90E+01,2.29E+01,1.28E-01,7.37E-01,-6.89E-02,-4.14E+01,-2.09E+02,5.35E+00,-1.94E+00,2.60E-01,-3.83E-03,4.81595092,0.300636943
-7.73E+01,1.90E+01,2.29E+01,1.28E-01,7.37E-01,-6.89E-02,-4.14E+01,-2.09E+02,5.35E+00,-1.94E+00,2.60E-01,-3.81E-03,4.81595092,0.300636943
-7.73E+01,1.90E+01,2.30E+01,1.28E-01,7.37E-01,-6.89E-02,-4.14E+01,-2.09E+02,5.37E+00,-1.94E+00,2.60E-01,-3.80E-03,4.81595092,0.300636943
-7.73E+01,1.90E+01,2.30E+01,1.28E-01,7.37E-01,-6.89E-02,-4.14E+01,-2.09E+02,5.40E+00,-1.94E+00,2.60E-01,-3.76E-03,4.81595092,0.300636943
-7.73E+01,1.90E+01,2.29E+01,1.28E-01,7.37E-01,-6.88E-02,-4.14E+01,-2.09E+02,5.45E+00,-1.94E+00,2.60E-01,-3.71E-03,4.81595092,0.300636943
-7.73E+01,1.91E+01,2.29E+01,1.28E-01,7.37E-01,-6.88E-02,-4.14E+01,-2.09E+02,5.53E+00,-1.94E+00,2.60E-01,-3.64E-03,4.81595092,0.300636943
-7.72E+01,1.91E+01,2.29E+01,1.28E-01,7.37E-01,-6.88E-02,-4.14E+01,-2.09E+02,5.62E+00,-1.94E+00,2.60E-01,-3.55E-03,4.81595092,0.300636943
-7.72E+01,1.91E+01,2.29E+01,1.28E-01,7.37E-01,-6.88E-02,-4.14E+01,-2.09E+02,5.70E+00,-1.94E+00,2.60E-01,-3.43E-03,4.81595092,0.300636943
-7.72E+01,1.92E+01,2.29E+01,1.28E-01,7.38E-01,-6.88E-02,-4.14E+01,-2.09E+02,5.78E+00,-1.94E+00,2.60E-01,-3.27E-03,4.81595092,0.300636943
-7.72E+01,1.92E+01,2.29E+01,1.28E-01,7.38E-01,-6.88E-02,-4.13E+01,-2.09E+02,5.83E+00,-1.94E+00,2.60E-01,-3.08E-03,4.81595092,0.300636943
-7.72E+01,1.92E+01,2.29E+01,1.28E-01,7.38E-01,-6.87E-02,-4.13E+01,-2.09E+02,5.87E+00,-1.94E+00,2.60E-01,-2.87E-03,4.81595092,0.300636943
-7.72E+01,1.92E+01,2.29E+01,1.28E-01,7.38E-01,-6.87E-02,-4.13E+01,-2.09E+02,5.90E+00,-1.94E+00,2.60E-01,-2.64E-03,4.830769231,0.300636943
-7.72E+01,1.92E+01,2.29E+01,1.28E-01,7.38E-01,-6.87E-02,-4.13E+01,-2.09E+02,5.90E+00,-1.94E+00,2.60E-01,-2.41E-03,4.830769231,0.300636943
-7.72E+01,1.92E+01,2.29E+01,1.28E-01,7.38E-01,-6.87E-02,-4.13E+01,-2.09E+02,5.89E+00,-1.94E+00,2.60E-01,-2.17E-03,4.81595092,0.300636943
-7.72E+01,1.92E+01,2.29E+01,1.28E-01,7.38E-01,-6.87E-02,-4.13E+01,-2.09E+02,5.87E+00,-1.94E+00,2.60E-01,-1.92E-03,4.81595092,0.300636943
-7.72E+01,1.92E+01,2.29E+01,1.28E-01,7.38E-01,-6.87E-02,-4.14E+01,-2.09E+02,5.83E+00,-1.94E+00,2.60E-01,-1.66E-03,4.81595092,0.300636943
-7.72E+01,1.92E+01,2.30E+01,1.28E-01,7.38E-01,-6.87E-02,-4.14E+01,-2.09E+02,5.77E+00,-1.94E+00,2.60E-01,-1.43E-03,4.81595092,0.301273885
-7.72E+01,1.92E+01,2.30E+01,1.28E-01,7.38E-01,-6.87E-02,-4.14E+01,-2.09E+02,5.70E+00,-1.94E+00,2.60E-01,-1.25E-03,4.81595092,0.301273885
-7.73E+01,1.91E+01,2.30E+01,1.28E-01,7.38E-01,-6.87E-02,-4.15E+01,-2.09E+02,5.62E+00,-1.94E+00,2.60E-01,-1.07E-03,4.801223242,0.301273885
-7.73E+01,1.91E+01,2.30E+01,1.28E-01,7.38E-01,-6.87E-02,-4.15E+01,-2.09E+02,5.56E+00,-1.94E+00,2.60E-01,-9.53E-04,4.801223242,0.301273885
-7.73E+01,1.91E+01,2.30E+01,1.28E-01,7.38E-01,-6.87E-02,-4.16E+01,-2.10E+02,5.50E+00,-1.94E+00,2.60E-01,-8.90E-04,4.801223242,0.301273885
-7.73E+01,1.91E+01,2.30E+01,1.28E-01,7.38E-01,-6.87E-02,-4.16E+01,-2.10E+02,5.46E+00,-1.94E+00,2.60E-01,-8.75E-04,4.786585366,0.301273885
-7.73E+01,1.91E+01,2.30E+01,1.28E-01,7.38E-01,-6.86E-02,-4.16E+01,-2.10E+02,5.43E+00,-1.94E+00,2.59E-01,-9.26E-04,4.786585366,0.301273885
-7.73E+01,1.91E+01,2.30E+01,1.28E-01,7.38E-01,-6.86E-02,-4.16E+01,-2.10E+02,5.41E+00,-1.94E+00,2.59E-01,-1.03E-03,4.786585366,0.301273885
-7.73E+01,1.91E+01,2.30E+01,1.28E-01,7.38E-01,-6.86E-02,-4.16E+01,-2.10E+02,5.40E+00,-1.94E+00,2.59E-01,-1.17E-03,4.786585366,0.301273885
-7.73E+01,1.91E+01,2.30E+01,1.27E-01,7.38E-01,-6.86E-02,-4.16E+01,-2.10E+02,5.42E+00,-1.94E+00,2.59E-01,-1.36E-03,4.786585366,0.301273885
-7.73E+01,1.91E+01,2.30E+01,1.27E-01,7.37E-01,-6.86E-02,-4.16E+01,-2.09E+02,5.45E+00,-1.94E+00,2.59E-01,-1.57E-03,4.786585366,0.301273885
-7.72E+01,1.91E+01,2.30E+01,1.27E-01,7.37E-01,-6.86E-02,-4.16E+01,-2.09E+02,5.49E+00,-1.94E+00,2.58E-01,-1.80E-03,4.786585366,0.301273885
-7.72E+01,1.91E+01,2.29E+01,1.27E-01,7.37E-01,-6.86E-02,-4.16E+01,-2.09E+02,5.53E+00,-1.94E+00,2.58E-01,-2.06E-03,4.801223242,0.301273885
-7.72E+01,1.91E+01,2.29E+01,1.27E-01,7.37E-01,-6.86E-02,-4.16E+01,-2.09E+02,5.56E+00,-1.94E+00,2.58E-01,-2.32E-03,4.801223242,0.301273885
-7.72E+01,1.91E+01,2.29E+01,1.27E-01,7.37E-01,-6.86E-02,-4.15E+01,-2.09E+02,5.60E+00,-1.94E+00,2.58E-01,-2.61E-03,4.801223242,0.301273885
-7.72E+01,1.91E+01,2.29E+01,1.27E-01,7.37E-01,-6.87E-02,-4.15E+01,-2.09E+02,5.64E+00,-1.94E+00,2.58E-01,-2.88E-03,4.801223242,0.301273885
-7.71E+01,1.92E+01,2.29E+01,1.27E-01,7.37E-01,-6.87E-02,-4.15E+01,-2.09E+02,5.68E+00,-1.94E+00,2.58E-01,-3.12E-03,4.801223242,0.300636943
-7.71E+01,1.92E+01,2.29E+01,1.27E-01,7.38E-01,-6.87E-02,-4.15E+01,-2.09E+02,5.72E+00,-1.94E+00,2.58E-01,-3.33E-03,4.81595092,0.300636943
-7.71E+01,1.92E+01,2.28E+01,1.27E-01,7.38E-01,-6.87E-02,-4.14E+01,-2.09E+02,5.75E+00,-1.94E+00,2.58E-01,-3.50E-03,4.81595092,0.300636943
-7.71E+01,1.91E+01,2.28E+01,1.27E-01,7.38E-01,-6.87E-02,-4.14E+01,-2.08E+02,5.76E+00,-1.94E+00,2.58E-01,-3.60E-03,4.81595092,0.300636943
-7.71E+01,1.91E+01,2.28E+01,1.27E-01,7.38E-01,-6.88E-02,-4.13E+01,-2.08E+02,5.77E+00,-1.94E+00,2.58E-01,-3.68E-03,4.785276074,0.301923077
-7.70E+01,1.91E+01,2.28E+01,1.27E-01,7.38E-01,-6.88E-02,-4.13E+01,-2.08E+02,5.78E+00,-1.95E+00,2.58E-01,-3.69E-03,4.8,0.301923077
-7.70E+01,1.91E+01,2.28E+01,1.27E-01,7.38E-01,-6.88E-02,-4.12E+01,-2.08E+02,5.78E+00,-1.95E+00,2.58E-01,-3.70E-03,4.8,0.301923077
-7.69E+01,1.91E+01,2.27E+01,1.27E-01,7.39E-01,-6.89E-02,-4.12E+01,-2.08E+02,5.78E+00,-1.95E+00,2.58E-01,-3.65E-03,4.814814815,0.301923077
-7.69E+01,1.90E+01,2.27E+01,1.27E-01,7.39E-01,-6.89E-02,-4.11E+01,-2.08E+02,5.78E+00,-1.95E+00,2.59E-01,-3.59E-03,4.814814815,0.301923077
-7.68E+01,1.90E+01,2.27E+01,1.27E-01,7.39E-01,-6.90E-02,-4.11E+01,-2.08E+02,5.78E+00,-1.95E+00,2.59E-01,-3.48E-03,4.814814815,0.301923077
-7.68E+01,1.90E+01,2.27E+01,1.28E-01,7.39E-01,-6.90E-02,-4.11E+01,-2.08E+02,5.77E+00,-1.95E+00,2.59E-01,-3.36E-03,4.829721362,0.301282051
-7.68E+01,1.90E+01,2.27E+01,1.28E-01,7.39E-01,-6.90E-02,-4.10E+01,-2.07E+02,5.76E+00,-1.95E+00,2.59E-01,-3.26E-03,4.829721362,0.301282051
-7.67E+01,1.90E+01,2.26E+01,1.28E-01,7.39E-01,-6.91E-02,-4.10E+01,-2.07E+02,5.74E+00,-1.95E+00,2.59E-01,-3.11E-03,4.829721362,0.301282051
-7.67E+01,1.89E+01,2.26E+01,1.28E-01,7.39E-01,-6.92E-02,-4.09E+01,-2.07E+02,5.73E+00,-1.95E+00,2.60E-01,-3.01E-03,4.829721362,0.301282051
-7.67E+01,1.89E+01,2.26E+01,1.28E-01,7.39E-01,-6.92E-02,-4.09E+01,-2.07E+02,5.72E+00,-1.95E+00,2.60E-01,-2.88E-03,4.844720497,0.301282051
-7.67E+01,1.89E+01,2.26E+01,1.28E-01,7.40E-01,-6.92E-02,-4.09E+01,-2.07E+02,5.71E+00,-1.95E+00,2.60E-01,-2.76E-03,4.844720497,0.301282051
-7.67E+01,1.89E+01,2.26E+01,1.28E-01,7.40E-01,-6.93E-02,-4.09E+01,-2.07E+02,5.71E+00,-1.95E+00,2.60E-01,-2.63E-03,4.844720497,0.301282051
-7.67E+01,1.89E+01,2.26E+01,1.28E-01,7.40E-01,-6.93E-02,-4.09E+01,-2.07E+02,5.69E+00,-1.95E+00,2.60E-01,-2.54E-03,4.844720497,0.301282051
-7.67E+01,1.89E+01,2.26E+01,1.28E-01,7.40E-01,-6.93E-02,-4.09E+01,-2.07E+02,5.69E+00,-1.95E+00,2.60E-01,-2.45E-03,4.844720497,0.301282051
-7.67E+01,1.89E+01,2.26E+01,1.28E-01,7.40E-01,-6.93E-02,-4.09E+01,-2.07E+02,5.67E+00,-1.95E+00,2.60E-01,-2.41E-03,4.844720497,0.301282051
-7.67E+01,1.89E+01,2.26E+01,1.28E-01,7.40E-01,-6.93E-02,-4.09E+01,-2.07E+02,5.66E+00,-1.95E+00,2.60E-01,-2.38E-03,4.829721362,0.301282051
-7.67E+01,1.89E+01,2.26E+01,1.28E-01,7.40E-01,-6.93E-02,-4.10E+01,-2.07E+02,5.65E+00,-1.95E+00,2.60E-01,-2.38E-03,4.829721362,0.301282051
-7.68E+01,1.89E+01,2.27E+01,1.28E-01,7.40E-01,-6.93E-02,-4.10E+01,-2.07E+02,5.64E+00,-1.95E+00,2.60E-01,-2.37E-03,4.829721362,0.301282051
-7.68E+01,1.89E+01,2.27E+01,1.28E-01,7.40E-01,-6.93E-02,-4.10E+01,-2.08E+02,5.63E+00,-1.95E+00,2.60E-01,-2.45E-03,4.829721362,0.301282051
-7.68E+01,1.89E+01,2.27E+01,1.28E-01,7.40E-01,-6.92E-02,-4.11E+01,-2.08E+02,5.62E+00,-1.95E+00,2.60E-01,-2.56E-03,4.814814815,0.301282051
-7.69E+01,1.89E+01,2.27E+01,1.28E-01,7.40E-01,-6.92E-02,-4.11E+01,-2.08E+02,5.62E+00,-1.95E+00,2.60E-01,-2.72E-03,4.814814815,0.301282051
-7.69E+01,1.90E+01,2.28E+01,1.27E-01,7.40E-01,-6.91E-02,-4.12E+01,-2.08E+02,5.63E+00,-1.95E+00,2.60E-01,-2.88E-03,4.814814815,0.301282051
-7.69E+01,1.90E+01,2.28E+01,1.27E-01,7.40E-01,-6.91E-02,-4.12E+01,-2.08E+02,5.66E+00,-1.95E+00,2.60E-01,-3.01E-03,4.8,0.301282051
-7.69E+01,1.90E+01,2.28E+01,1.27E-01,7.40E-01,-6.90E-02,-4.12E+01,-2.08E+02,5.71E+00,-1.95E+00,2.60E-01,-3.13E-03,4.8,0.301282051
-7.70E+01,1.90E+01,2.28E+01,1.27E-01,7.40E-01,-6.89E-02,-4.13E+01,-2.08E+02,5.77E+00,-1.95E+00,2.59E-01,-3.21E-03,4.8,0.301923077
-7.70E+01,1.91E+01,2.28E+01,1.27E-01,7.39E-01,-6.89E-02,-4.13E+01,-2.08E+02,5.83E+00,-1.95E+00,2.59E-01,-3.31E-03,4.8,0.301923077
-7.70E+01,1.91E+01,2.28E+01,1.27E-01,7.39E-01,-6.88E-02,-4.13E+01,-2.08E+02,5.90E+00,-1.95E+00,2.59E-01,-3.43E-03,4.8,0.301923077
-7.70E+01,1.91E+01,2.28E+01,1.27E-01,7.39E-01,-6.87E-02,-4.13E+01,-2.08E+02,5.96E+00,-1.95E+00,2.59E-01,-3.53E-03,4.8,0.301923077
-7.69E+01,1.92E+01,2.28E+01,1.27E-01,7.39E-01,-6.87E-02,-4.13E+01,-2.08E+02,6.02E+00,-1.95E+00,2.59E-01,-3.62E-03,4.830769231,0.300636943
-7.69E+01,1.92E+01,2.28E+01,1.27E-01,7.39E-01,-6.87E-02,-4.13E+01,-2.08E+02,6.07E+00,-1.95E+00,2.59E-01,-3.69E-03,4.830769231,0.300636943
-7.69E+01,1.92E+01,2.28E+01,1.27E-01,7.39E-01,-6.86E-02,-4.12E+01,-2.08E+02,6.12E+00,-1.95E+00,2.59E-01,-3.74E-03,4.8,0.302564103
-7.69E+01,1.92E+01,2.28E+01,1.27E-01,7.39E-01,-6.86E-02,-4.12E+01,-2.08E+02,6.15E+00,-1.95E+00,2.59E-01,-3.77E-03,4.830769231,0.300636943
-7.69E+01,1.92E+01,2.27E+01,1.27E-01,7.39E-01,-6.86E-02,-4.12E+01,-2.08E+02,6.16E+00,-1.95E+00,2.59E-01,-3.83E-03,4.830769231,0.301273885
-7.69E+01,1.92E+01,2.27E+01,1.27E-01,7.39E-01,-6.87E-02,-4.12E+01,-2.08E+02,6.15E+00,-1.95E+00,2.59E-01,-3.86E-03,4.845679012,0.301273885
-7.69E+01,1.92E+01,2.27E+01,1.27E-01,7.39E-01,-6.87E-02,-4.12E+01,-2.08E+02,6.12E+00,-1.95E+00,2.59E-01,-3.92E-03,4.845679012,0.301273885
-7.69E+01,1.92E+01,2.27E+01,1.27E-01,7.39E-01,-6.87E-02,-4.12E+01,-2.08E+02,6.06E+00,-1.95E+00,2.59E-01,-3.96E-03,4.845679012,0.301273885
-7.69E+01,1.91E+01,2.27E+01,1.27E-01,7.39E-01,-6.88E-02,-4.11E+01,-2.08E+02,5.99E+00,-1.95E+00,2.59E-01,-3.96E-03,4.845679012,0.301273885
-7.70E+01,1.91E+01,2.27E+01,1.27E-01,7.39E-01,-6.88E-02,-4.11E+01,-2.08E+02,5.90E+00,-1.95E+00,2.59E-01,-3.91E-03,4.845679012,0.301273885
-7.70E+01,1.91E+01,2.28E+01,1.27E-01,7.39E-01,-6.88E-02,-4.12E+01,-2.09E+02,5.79E+00,-1.95E+00,2.59E-01,-3.90E-03,4.845679012,0.301273885
-7.70E+01,1.90E+01,2.28E+01,1.27E-01,7.39E-01,-6.89E-02,-4.12E+01,-2.09E+02,5.69E+00,-1.95E+00,2.59E-01,-3.83E-03,4.845679012,0.301273885
-7.71E+01,1.90E+01,2.28E+01,1.27E-01,7.39E-01,-6.89E-02,-4.12E+01,-2.09E+02,5.59E+00,-1.95E+00,2.59E-01,-3.73E-03,4.830769231,0.301273885
-7.71E+01,1.90E+01,2.28E+01,1.27E-01,7.39E-01,-6.89E-02,-4.12E+01,-2.09E+02,5.51E+00,-1.95E+00,2.59E-01,-3.62E-03,4.830769231,0.301273885
-7.72E+01,1.90E+01,2.28E+01,1.27E-01,7.39E-01,-6.89E-02,-4.12E+01,-2.09E+02,5.45E+00,-1.95E+00,2.59E-01,-3.49E-03,4.830769231,0.301273885
-7.72E+01,1.90E+01,2.29E+01,1.27E-01,7.39E-01,-6.89E-02,-4.13E+01,-2.09E+02,5.42E+00,-1.94E+00,2.59E-01,-3.34E-03,4.830769231,0.301910828
-7.73E+01,1.90E+01,2.29E+01,1.27E-01,7.39E-01,-6.89E-02,-4.13E+01,-2.09E+02,5.41E+00,-1.94E+00,2.59E-01,-3.19E-03,4.830769231,0.301910828
-7.73E+01,1.90E+01,2.29E+01,1.27E-01,7.39E-01,-6.88E-02,-4.13E+01,-2.09E+02,5.43E+00,-1.94E+00,2.58E-01,-3.05E-03,4.830769231,0.301910828
-7.74E+01,1.90E+01,2.29E+01,1.27E-01,7.39E-01,-6.88E-02,-4.13E+01,-2.10E+02,5.47E+00,-1.94E+00,2.58E-01,-2.94E-03,4.830769231,0.302547771
-7.74E+01,1.90E+01,2.29E+01,1.27E-01,7.39E-01,-6.87E-02,-4.13E+01,-2.10E+02,5.55E+00,-1.94E+00,2.58E-01,-2.86E-03,4.830769231,0.302547771
-7.74E+01,1.90E+01,2.29E+01,1.27E-01,7.39E-01,-6.87E-02,-4.13E+01,-2.10E+02,5.65E+00,-1.94E+00,2.58E-01,-2.80E-03,4.830769231,0.302547771
-7.74E+01,1.91E+01,2.29E+01,1.27E-01,7.39E-01,-6.86E-02,-4.12E+01,-2.10E+02,5.76E+00,-1.94E+00,2.58E-01,-2.76E-03,4.861538462,0.301265823
-7.73E+01,1.91E+01,2.29E+01,1.27E-01,7.39E-01,-6.86E-02,-4.12E+01,-2.10E+02,5.87E+00,-1.94E+00,2.58E-01,-2.75E-03,4.861538462,0.301265823
-7.73E+01,1.91E+01,2.28E+01,1.27E-01,7.39E-01,-6.85E-02,-4.12E+01,-2.10E+02,5.99E+00,-1.94E+00,2.58E-01,-2.76E-03,4.87654321,0.301265823
-7.73E+01,1.91E+01,2.28E+01,1.27E-01,7.39E-01,-6.85E-02,-4.11E+01,-2.10E+02,6.09E+00,-1.94E+00,2.58E-01,-2.79E-03,4.87654321,0.301898734
-7.73E+01,1.92E+01,2.28E+01,1.27E-01,7.39E-01,-6.85E-02,-4.11E+01,-2.10E+02,6.17E+00,-1.95E+00,2.58E-01,-2.83E-03,4.87654321,0.301898734
-7.73E+01,1.92E+01,2.28E+01,1.27E-01,7.39E-01,-6.85E-02,-4.11E+01,-2.10E+02,6.23E+00,-1.95E+00,2.58E-01,-2.88E-03,4.87654321,0.301898734
-7.73E+01,1.92E+01,2.28E+01,1.27E-01,7.39E-01,-6.85E-02,-4.10E+01,-2.10E+02,6.27E+00,-1.95E+00,2.58E-01,-2.93E-03,4.891640867,0.301898734
-7.73E+01,1.92E+01,2.28E+01,1.27E-01,7.39E-01,-6.85E-02,-4.10E+01,-2.10E+02,6.29E+00,-1.95E+00,2.58E-01,-3.02E-03,4.891640867,0.302531646
-7.73E+01,1.92E+01,2.28E+01,1.27E-01,7.39E-01,-6.85E-02,-4.10E+01,-2.10E+02,6.28E+00,-1.95E+00,2.58E-01,-3.11E-03,4.891640867,0.302531646
-7.73E+01,1.92E+01,2.28E+01,1.27E-01,7.39E-01,-6.85E-02,-4.10E+01,-2.10E+02,6.24E+00,-1.95E+00,2.58E-01,-3.22E-03,4.891640867,0.302531646
-7.73E+01,1.91E+01,2.28E+01,1.27E-01,7.39E-01,-6.85E-02,-4.11E+01,-2.10E+02,6.18E+00,-1.95E+00,2.58E-01,-3.31E-03,4.891640867,0.302531646
-7.74E+01,1.91E+01,2.28E+01,1.27E-01,7.38E-01,-6.86E-02,-4.11E+01,-2.10E+02,6.10E+00,-1.95E+00,2.58E-01,-3.43E-03,4.87654321,0.301898734
-7.74E+01,1.91E+01,2.28E+01,1.27E-01,7.38E-01,-6.86E-02,-4.11E+01,-2.10E+02,5.99E+00,-1.94E+00,2.58E-01,-3.54E-03,4.87654321,0.301898734
-7.74E+01,1.91E+01,2.29E+01,1.27E-01,7.38E-01,-6.86E-02,-4.12E+01,-2.10E+02,5.87E+00,-1.94E+00,2.58E-01,-3.63E-03,4.861538462,0.301898734
-7.74E+01,1.91E+01,2.29E+01,1.27E-01,7.38E-01,-6.86E-02,-4.13E+01,-2.10E+02,5.75E+00,-1.94E+00,2.58E-01,-3.74E-03,4.861538462,0.301265823
-7.75E+01,1.90E+01,2.29E+01,1.27E-01,7.38E-01,-6.86E-02,-4.13E+01,-2.10E+02,5.65E+00,-1.94E+00,2.58E-01,-3.82E-03,4.846625767,0.301265823
-7.75E+01,1.90E+01,2.30E+01,1.27E-01,7.38E-01,-6.86E-02,-4.14E+01,-2.10E+02,5.56E+00,-1.94E+00,2.58E-01,-3.87E-03,4.846625767,0.300632911
-7.75E+01,1.91E+01,2.30E+01,1.27E-01,7.38E-01,-6.86E-02,-4.15E+01,-2.10E+02,5.50E+00,-1.94E+00,2.58E-01,-3.90E-03,4.831804281,0.300632911
-7.75E+01,1.91E+01,2.30E+01,1.27E-01,7.38E-01,-6.86E-02,-4.15E+01,-2.10E+02,5.46E+00,-1.94E+00,2.58E-01,-3.96E-03,4.831804281,0.3
-7.75E+01,1.91E+01,2.30E+01,1.27E-01,7.37E-01,-6.86E-02,-4.16E+01,-2.10E+02,5.44E+00,-1.94E+00,2.57E-01,-3.99E-03,4.831804281,0.3
-7.75E+01,1.91E+01,2.30E+01,1.27E-01,7.37E-01,-6.86E-02,-4.16E+01,-2.10E+02,5.43E+00,-1.94E+00,2.57E-01,-4.00E-03,4.801223242,0.301273885
-7.74E+01,1.91E+01,2.30E+01,1.27E-01,7.37E-01,-6.86E-02,-4.16E+01,-2.09E+02,5.45E+00,-1.94E+00,2.57E-01,-3.99E-03,4.801223242,0.301273885
-7.74E+01,1.91E+01,2.30E+01,1.27E-01,7.37E-01,-6.86E-02,-4.16E+01,-2.09E+02,5.48E+00,-1.94E+00,2.57E-01,-3.96E-03,4.786585366,0.300636943
-7.74E+01,1.92E+01,2.30E+01,1.27E-01,7.37E-01,-6.85E-02,-4.16E+01,-2.09E+02,5.54E+00,-1.94E+00,2.57E-01,-3.90E-03,4.801223242,0.300636943
-7.73E+01,1.92E+01,2.30E+01,1.27E-01,7.38E-01,-6.85E-02,-4.16E+01,-2.09E+02,5.62E+00,-1.94E+00,2.57E-01,-3.81E-03,4.801223242,0.300636943
-7.73E+01,1.92E+01,2.30E+01,1.27E-01,7.38E-01,-6.85E-02,-4.16E+01,-2.09E+02,5.70E+00,-1.94E+00,2.57E-01,-3.73E-03,4.801223242,0.3
-7.73E+01,1.93E+01,2.30E+01,1.27E-01,7.38E-01,-6.85E-02,-4.15E+01,-2.09E+02,5.77E+00,-1.94E+00,2.56E-01,-3.63E-03,4.801223242,0.3
-7.72E+01,1.93E+01,2.29E+01,1.27E-01,7.38E-01,-6.85E-02,-4.15E+01,-2.09E+02,5.83E+00,-1.94E+00,2.56E-01,-3.54E-03,4.801223242,0.3
-7.72E+01,1.93E+01,2.29E+01,1.27E-01,7.38E-01,-6.85E-02,-4.15E+01,-2.09E+02,5.87E+00,-1.94E+00,2.56E-01,-3.42E-03,4.801223242,0.3
-7.72E+01,1.93E+01,2.29E+01,1.27E-01,7.38E-01,-6.85E-02,-4.15E+01,-2.08E+02,5.91E+00,-1.94E+00,2.56E-01,-3.31E-03,4.81595092,0.3
-7.71E+01,1.93E+01,2.29E+01,1.27E-01,7.38E-01,-6.85E-02,-4.14E+01,-2.08E+02,5.93E+00,-1.94E+00,2.56E-01,-3.17E-03,4.81595092,0.3
-7.71E+01,1.92E+01,2.29E+01,1.27E-01,7.38E-01,-6.85E-02,-4.14E+01,-2.08E+02,5.95E+00,-1.94E+00,2.56E-01,-3.10E-03,4.81595092,0.3
-7.71E+01,1.92E+01,2.28E+01,1.27E-01,7.38E-01,-6.85E-02,-4.14E+01,-2.08E+02,5.95E+00,-1.94E+00,2.57E-01,-3.02E-03,4.785276074,0.301923077
-7.71E+01,1.92E+01,2.28E+01,1.27E-01,7.38E-01,-6.85E-02,-4.13E+01,-2.08E+02,5.94E+00,-1.95E+00,2.57E-01,-3.00E-03,4.785276074,0.301923077
-7.70E+01,1.92E+01,2.28E+01,1.27E-01,7.39E-01,-6.86E-02,-4.13E+01,-2.08E+02,5.91E+00,-1.95E+00,2.57E-01,-2.95E-03,4.8,0.301923077
-7.70E+01,1.92E+01,2.28E+01,1.27E-01,7.39E-01,-6.86E-02,-4.13E+01,-2.08E+02,5.88E+00,-1.95E+00,2.57E-01,-2.95E-03,4.8,0.301923077
-7.70E+01,1.91E+01,2.28E+01,1.27E-01,7.39E-01,-6.87E-02,-4.13E+01,-2.08E+02,5.84E+00,-1.95E+00,2.57E-01,-2.97E-03,4.8,0.301923077
-7.69E+01,1.91E+01,2.28E+01,1.27E-01,7.39E-01,-6.87E-02,-4.13E+01,-2.08E+02,5.80E+00,-1.95E+00,2.57E-01,-3.04E-03,4.8,0.301923077
-7.69E+01,1.91E+01,2.28E+01,1.27E-01,7.39E-01,-6.88E-02,-4.12E+01,-2.08E+02,5.77E+00,-1.95E+00,2.58E-01,-3.11E-03,4.8,0.301923077
-7.69E+01,1.90E+01,2.27E+01,1.27E-01,7.39E-01,-6.89E-02,-4.12E+01,-2.08E+02,5.73E+00,-1.95E+00,2.58E-01,-3.20E-03,4.814814815,0.301923077
-7.68E+01,1.90E+01,2.27E+01,1.27E-01,7.39E-01,-6.89E-02,-4.12E+01,-2.08E+02,5.70E+00,-1.95E+00,2.58E-01,-3.32E-03,4.814814815,0.301282051
-7.68E+01,1.90E+01,2.27E+01,1.27E-01,7.39E-01,-6.90E-02,-4.11E+01,-2.08E+02,5.67E+00,-1.95E+00,2.58E-01,-3.43E-03,4.814814815,0.301282051
-7.68E+01,1.89E+01,2.27E+01,1.27E-01,7.40E-01,-6.90E-02,-4.11E+01,-2.07E+02,5.66E+00,-1.95E+00,2.59E-01,-3.52E-03,4.814814815,0.301282051
-7.68E+01,1.89E+01,2.27E+01,1.27E-01,7.40E-01,-6.91E-02,-4.11E+01,-2.07E+02,5.66E+00,-1.95E+00,2.59E-01,-3.62E-03,4.814814815,0.301282051
-7.68E+01,1.89E+01,2.27E+01,1.27E-01,7.40E-01,-6.91E-02,-4.10E+01,-2.07E+02,5.68E+00,-1.95E+00,2.59E-01,-3.70E-03,4.829721362,0.301282051
-7.67E+01,1.89E+01,2.27E+01,1.27E-01,7.40E-01,-6.92E-02,-4.10E+01,-2.07E+02,5.69E+00,-1.95E+00,2.59E-01,-3.76E-03,4.829721362,0.301282051
-7.67E+01,1.89E+01,2.26E+01,1.27E-01,7.40E-01,-6.92E-02,-4.10E+01,-2.07E+02,5.72E+00,-1.95E+00,2.59E-01,-3.81E-03,4.829721362,0.301282051
-7.68E+01,1.89E+01,2.27E+01,1.28E-01,7.40E-01,-6.92E-02,-4.10E+01,-2.07E+02,5.73E+00,-1.95E+00,2.60E-01,-3.87E-03,4.829721362,0.301282051
-7.68E+01,1.89E+01,2.27E+01,1.28E-01,7.40E-01,-6.93E-02,-4.10E+01,-2.07E+02,5.75E+00,-1.95E+00,2.60E-01,-3.92E-03,4.829721362,0.301282051
-7.68E+01,1.89E+01,2.27E+01,1.28E-01,7.40E-01,-6.93E-02,-4.10E+01,-2.08E+02,5.77E+00,-1.95E+00,2.60E-01,-3.96E-03,4.829721362,0.301282051
-7.69E+01,1.90E+01,2.27E+01,1.28E-01,7.40E-01,-6.93E-02,-4.10E+01,-2.08E+02,5.78E+00,-1.95E+00,2.60E-01,-4.02E-03,4.829721362,0.301923077
-7.69E+01,1.90E+01,2.27E+01,1.28E-01,7.40E-01,-6.92E-02,-4.11E+01,-2.08E+02,5.80E+00,-1.95E+00,2.60E-01,-4.03E-03,4.814814815,0.301923077
-7.69E+01,1.90E+01,2.27E+01,1.28E-01,7.40E-01,-6.92E-02,-4.11E+01,-2.08E+02,5.81E+00,-1.95E+00,2.60E-01,-4.03E-03,4.814814815,0.301923077
-7.69E+01,1.90E+01,2.27E+01,1.28E-01,7.40E-01,-6.92E-02,-4.11E+01,-2.08E+02,5.80E+00,-1.95E+00,2.60E-01,-4.01E-03,4.814814815,0.301923077
-7.69E+01,1.90E+01,2.28E+01,1.28E-01,7.40E-01,-6.91E-02,-4.11E+01,-2.08E+02,5.79E+00,-1.95E+00,2.60E-01,-3.99E-03,4.814814815,0.301923077
-7.70E+01,1.90E+01,2.28E+01,1.28E-01,7.40E-01,-6.91E-02,-4.12E+01,-2.08E+02,5.78E+00,-1.95E+00,2.60E-01,-3.96E-03,4.814814815,0.301923077
-7.70E+01,1.90E+01,2.28E+01,1.28E-01,7.40E-01,-6.90E-02,-4.12E+01,-2.08E+02,5.77E+00,-1.95E+00,2.60E-01,-3.90E-03,4.814814815,0.301923077
-7.70E+01,1.90E+01,2.28E+01,1.28E-01,7.40E-01,-6.90E-02,-4.12E+01,-2.08E+02,5.76E+00,-1.95E+00,2.60E-01,-3.87E-03,4.814814815,0.301923077
-7.69E+01,1.90E+01,2.28E+01,1.28E-01,7.40E-01,-6.89E-02,-4.12E+01,-2.08E+02,5.75E+00,-1.95E+00,2.60E-01,-3.80E-03,4.814814815,0.301282051
-7.69E+01,1.90E+01,2.28E+01,1.28E-01,7.40E-01,-6.89E-02,-4.12E+01,-2.08E+02,5.75E+00,-1.95E+00,2.59E-01,-3.75E-03,4.814814815,0.301282051
-7.69E+01,1.90E+01,2.28E+01,1.28E-01,7.40E-01,-6.89E-02,-4.12E+01,-2.08E+02,5.75E+00,-1.95E+00,2.59E-01,-3.69E-03,4.814814815,0.301282051
-7.69E+01,1.90E+01,2.28E+01,1.28E-01,7.40E-01,-6.88E-02,-4.12E+01,-2.08E+02,5.75E+00,-1.95E+00,2.59E-01,-3.62E-03,4.814814815,0.301282051
-7.69E+01,1.90E+01,2.28E+01,1.27E-01,7.39E-01,-6.88E-02,-4.12E+01,-2.08E+02,5.74E+00,-1.95E+00,2.59E-01,-3.54E-03,4.814814815,0.301282051
-7.69E+01,1.90E+01,2.28E+01,1.27E-01,7.39E-01,-6.88E-02,-4.11E+01,-2.08E+02,5.74E+00,-1.95E+00,2.59E-01,-3.48E-03,4.814814815,0.301282051
-7.69E+01,1.90E+01,2.28E+01,1.27E-01,7.39E-01,-6.88E-02,-4.11E+01,-2.08E+02,5.74E+00,-1.95E+00,2.59E-01,-3.43E-03,4.814814815,0.301282051
-7.69E+01,1.90E+01,2.28E+01,1.27E-01,7.39E-01,-6.88E-02,-4.12E+01,-2.08E+02,5.72E+00,-1.95E+00,2.59E-01,-3.37E-03,4.814814815,0.301282051
-7.70E+01,1.90E+01,2.28E+01,1.27E-01,7.39E-01,-6.88E-02,-4.12E+01,-2.08E+02,5.70E+00,-1.95E+00,2.59E-01,-3.32E-03,4.814814815,0.301282051
-7.70E+01,1.90E+01,2.28E+01,1.27E-01,7.39E-01,-6.88E-02,-4.12E+01,-2.08E+02,5.66E+00,-1.94E+00,2.59E-01,-3.27E-03,4.814814815,0.301282051
-7.70E+01,1.90E+01,2.28E+01,1.27E-01,7.39E-01,-6.88E-02,-4.12E+01,-2.08E+02,5.63E+00,-1.94E+00,2.59E-01,-3.21E-03,4.8,0.301923077
-7.71E+01,1.90E+01,2.28E+01,1.27E-01,7.39E-01,-6.89E-02,-4.12E+01,-2.08E+02,5.61E+00,-1.94E+00,2.59E-01,-3.19E-03,4.8,0.301923077
-7.71E+01,1.90E+01,2.28E+01,1.27E-01,7.38E-01,-6.89E-02,-4.13E+01,-2.08E+02,5.59E+00,-1.94E+00,2.59E-01,-3.15E-03,4.830769231,0.3
-7.72E+01,1.90E+01,2.29E+01,1.27E-01,7.38E-01,-6.89E-02,-4.13E+01,-2.09E+02,5.56E+00,-1.94E+00,2.59E-01,-3.19E-03,4.830769231,0.300636943
-7.73E+01,1.90E+01,2.29E+01,1.27E-01,7.38E-01,-6.89E-02,-4.13E+01,-2.09E+02,5.54E+00,-1.94E+00,2.59E-01,-3.19E-03,4.830769231,0.300636943
-7.73E+01,1.90E+01,2.29E+01,1.27E-01,7.38E-01,-6.89E-02,-4.13E+01,-2.09E+02,5.51E+00,-1.94E+00,2.59E-01,-3.23E-03,4.81595092,0.301273885
-7.74E+01,1.90E+01,2.29E+01,1.27E-01,7.38E-01,-6.89E-02,-4.14E+01,-2.09E+02,5.49E+00,-1.94E+00,2.59E-01,-3.27E-03,4.81595092,0.301273885
-7.74E+01,1.90E+01,2.30E+01,1.27E-01,7.38E-01,-6.88E-02,-4.14E+01,-2.09E+02,5.49E+00,-1.94E+00,2.59E-01,-3.32E-03,4.81595092,0.301273885
-7.75E+01,1.90E+01,2.30E+01,1.27E-01,7.38E-01,-6.88E-02,-4.14E+01,-2.09E+02,5.51E+00,-1.94E+00,2.59E-01,-3.38E-03,4.81595092,0.301273885
-7.75E+01,1.91E+01,2.30E+01,1.27E-01,7.38E-01,-6.88E-02,-4.15E+01,-2.10E+02,5.56E+00,-1.94E+00,2.59E-01,-3.45E-03,4.801223242,0.301910828
-7.75E+01,1.91E+01,2.30E+01,1.27E-01,7.38E-01,-6.87E-02,-4.15E+01,-2.10E+02,5.63E+00,-1.94E+00,2.59E-01,-3.51E-03,4.801223242,0.301910828
-7.76E+01,1.91E+01,2.30E+01,1.27E-01,7.38E-01,-6.87E-02,-4.15E+01,-2.10E+02,5.70E+00,-1.94E+00,2.59E-01,-3.61E-03,4.801223242,0.301910828
-7.75E+01,1.92E+01,2.30E+01,1.27E-01,7.38E-01,-6.86E-02,-4.15E+01,-2.10E+02,5.79E+00,-1.94E+00,2.58E-01,-3.68E-03,4.801223242,0.301910828
-7.75E+01,1.92E+01,2.30E+01,1.27E-01,7.38E-01,-6.86E-02,-4.15E+01,-2.10E+02,5.89E+00,-1.94E+00,2.58E-01,-3.77E-03,4.801223242,0.301910828
-7.75E+01,1.93E+01,2.30E+01,1.27E-01,7.38E-01,-6.85E-02,-4.15E+01,-2.09E+02,5.97E+00,-1.94E+00,2.58E-01,-3.88E-03,4.801223242,0.301910828
-7.75E+01,1.93E+01,2.29E+01,1.27E-01,7.38E-01,-6.85E-02,-4.14E+01,-2.09E+02,6.05E+00,-1.94E+00,2.58E-01,-3.98E-03,4.81595092,0.301910828
-7.74E+01,1.93E+01,2.29E+01,1.27E-01,7.38E-01,-6.84E-02,-4.14E+01,-2.09E+02,6.11E+00,-1.94E+00,2.58E-01,-4.09E-03,4.81595092,0.301273885
-7.74E+01,1.93E+01,2.29E+01,1.27E-01,7.38E-01,-6.84E-02,-4.14E+01,-2.09E+02,6.16E+00,-1.94E+00,2.58E-01,-4.21E-03,4.81595092,0.301273885
-7.74E+01,1.93E+01,2.29E+01,1.27E-01,7.38E-01,-6.84E-02,-4.14E+01,-2.09E+02,6.19E+00,-1.94E+00,2.58E-01,-4.31E-03,4.81595092,0.301273885
-7.73E+01,1.93E+01,2.29E+01,1.27E-01,7.37E-01,-6.84E-02,-4.13E+01,-2.09E+02,6.19E+00,-1.94E+00,2.58E-01,-4.41E-03,4.830769231,0.301273885
-7.73E+01,1.93E+01,2.29E+01,1.27E-01,7.37E-01,-6.85E-02,-4.13E+01,-2.09E+02,6.17E+00,-1.94E+00,2.58E-01,-4.50E-03,4.830769231,0.300636943
-7.72E+01,1.93E+01,2.28E+01,1.27E-01,7.37E-01,-6.85E-02,-4.13E+01,-2.09E+02,6.12E+00,-1.94E+00,2.58E-01,-4.62E-03,4.830769231,0.300636943
-7.72E+01,1.92E+01,2.28E+01,1.27E-01,7.37E-01,-6.86E-02,-4.13E+01,-2.08E+02,6.05E+00,-1.94E+00,2.59E-01,-4.67E-03,4.830769231,0.300636943
-7.72E+01,1.92E+01,2.28E+01,1.27E-01,7.37E-01,-6.86E-02,-4.13E+01,-2.08E+02,5.96E+00,-1.94E+00,2.59E-01,-4.71E-03,4.830769231,0.3
-7.72E+01,1.92E+01,2.28E+01,1.27E-01,7.37E-01,-6.87E-02,-4.13E+01,-2.08E+02,5.85E+00,-1.94E+00,2.59E-01,-4.70E-03,4.8,0.301923077
-7.71E+01,1.91E+01,2.28E+01,1.27E-01,7.37E-01,-6.87E-02,-4.13E+01,-2.08E+02,5.74E+00,-1.94E+00,2.59E-01,-4.70E-03,4.8,0.301923077
-7.71E+01,1.91E+01,2.28E+01,1.27E-01,7.37E-01,-6.88E-02,-4.13E+01,-2.08E+02,5.63E+00,-1.94E+00,2.59E-01,-4.64E-03,4.8,0.301923077
-7.71E+01,1.90E+01,2.28E+01,1.27E-01,7.37E-01,-6.89E-02,-4.13E+01,-2.08E+02,5.53E+00,-1.94E+00,2.59E-01,-4.56E-03,4.8,0.301923077
-7.71E+01,1.90E+01,2.28E+01,1.27E-01,7.38E-01,-6.89E-02,-4.13E+01,-2.08E+02,5.45E+00,-1.94E+00,2.59E-01,-4.44E-03,4.8,0.301923077
-7.71E+01,1.90E+01,2.28E+01,1.27E-01,7.38E-01,-6.90E-02,-4.13E+01,-2.08E+02,5.40E+00,-1.94E+00,2.59E-01,-4.31E-03,4.8,0.301923077
-7.71E+01,1.89E+01,2.28E+01,1.27E-01,7.38E-01,-6.90E-02,-4.13E+01,-2.08E+02,5.36E+00,-1.94E+00,2.59E-01,-4.15E-03,4.8,0.301923077
-7.71E+01,1.89E+01,2.28E+01,1.27E-01,7.38E-01,-6.91E-02,-4.12E+01,-2.08E+02,5.35E+00,-1.94E+00,2.59E-01,-3.98E-03,4.8,0.301923077
-7.71E+01,1.89E+01,2.28E+01,1.27E-01,7.38E-01,-6.91E-02,-4.12E+01,-2.08E+02,5.37E+00,-1.94E+00,2.59E-01,-3.81E-03,4.8,0.301923077
-7.71E+01,1.89E+01,2.28E+01,1.27E-01,7.38E-01,-6.91E-02,-4.12E+01,-2.08E+02,5.42E+00,-1.94E+00,2.59E-01,-3.67E-03,4.8,0.301923077
-7.71E+01,1.89E+01,2.28E+01,1.27E-01,7.38E-01,-6.91E-02,-4.12E+01,-2.08E+02,5.50E+00,-1.94E+00,2.59E-01,-3.57E-03,4.8,0.301923077
-7.71E+01,1.90E+01,2.28E+01,1.27E-01,7.38E-01,-6.91E-02,-4.12E+01,-2.08E+02,5.60E+00,-1.94E+00,2.59E-01,-3.45E-03,4.814814815,0.301923077
-7.71E+01,1.90E+01,2.28E+01,1.27E-01,7.38E-01,-6.91E-02,-4.12E+01,-2.08E+02,5.72E+00,-1.94E+00,2.59E-01,-3.39E-03,4.814814815,0.301923077
-7.71E+01,1.91E+01,2.28E+01,1.27E-01,7.38E-01,-6.90E-02,-4.12E+01,-2.08E+02,5.84E+00,-1.94E+00,2.58E-01,-3.33E-03,4.814814815,0.302564103
-7.71E+01,1.91E+01,2.28E+01,1.27E-01,7.38E-01,-6.90E-02,-4.11E+01,-2.08E+02,5.96E+00,-1.94E+00,2.58E-01,-3.29E-03,4.814814815,0.302564103
-7.71E+01,1.91E+01,2.28E+01,1.27E-01,7.38E-01,-6.89E-02,-4.11E+01,-2.08E+02,6.05E+00,-1.94E+00,2.58E-01,-3.28E-03,4.814814815,0.302564103
-7.71E+01,1.92E+01,2.28E+01,1.27E-01,7.38E-01,-6.89E-02,-4.11E+01,-2.08E+02,6.14E+00,-1.94E+00,2.58E-01,-3.25E-03,4.814814815,0.302564103
-7.71E+01,1.92E+01,2.28E+01,1.27E-01,7.38E-01,-6.89E-02,-4.11E+01,-2.08E+02,6.20E+00,-1.94E+00,2.58E-01,-3.28E-03,4.845679012,0.300636943
-7.71E+01,1.92E+01,2.28E+01,1.27E-01,7.38E-01,-6.89E-02,-4.11E+01,-2.08E+02,6.23E+00,-1.94E+00,2.58E-01,-3.36E-03,4.845679012,0.300636943
-7.71E+01,1.92E+01,2.28E+01,1.27E-01,7.38E-01,-6.89E-02,-4.11E+01,-2.08E+02,6.24E+00,-1.94E+00,2.58E-01,-3.48E-03,4.845679012,0.301273885
-7.71E+01,1.92E+01,2.28E+01,1.27E-01,7.38E-01,-6.89E-02,-4.11E+01,-2.08E+02,6.22E+00,-1.94E+00,2.58E-01,-3.59E-03,4.845679012,0.301273885
-7.71E+01,1.92E+01,2.28E+01,1.27E-01,7.38E-01,-6.88E-02,-4.11E+01,-2.08E+02,6.18E+00,-1.94E+00,2.58E-01,-3.69E-03,4.845679012,0.301273885
-7.72E+01,1.92E+01,2.28E+01,1.27E-01,7.38E-01,-6.88E-02,-4.11E+01,-2.09E+02,6.13E+00,-1.94E+00,2.58E-01,-3.77E-03,4.845679012,0.301273885
-7.72E+01,1.92E+01,2.28E+01,1.27E-01,7.38E-01,-6.88E-02,-4.11E+01,-2.09E+02,6.05E+00,-1.94E+00,2.58E-01,-3.86E-03,4.845679012,0.301273885
-7.72E+01,1.91E+01,2.28E+01,1.27E-01,7.38E-01,-6.89E-02,-4.12E+01,-2.09E+02,5.96E+00,-1.94E+00,2.58E-01,-3.95E-03,4.845679012,0.301273885
-7.72E+01,1.91E+01,2.28E+01,1.27E-01,7.38E-01,-6.89E-02,-4.12E+01,-2.09E+02,5.87E+00,-1.94E+00,2.58E-01,-4.05E-03,4.830769231,0.301273885
-7.72E+01,1.91E+01,2.28E+01,1.27E-01,7.38E-01,-6.89E-02,-4.12E+01,-2.09E+02,5.78E+00,-1.94E+00,2.58E-01,-4.14E-03,4.830769231,0.301273885
-7.72E+01,1.91E+01,2.28E+01,1.27E-01,7.38E-01,-6.89E-02,-4.13E+01,-2.09E+02,5.69E+00,-1.94E+00,2.58E-01,-4.22E-03,4.830769231,0.301273885
-7.72E+01,1.91E+01,2.29E+01,1.27E-01,7.38E-01,-6.89E-02,-4.13E+01,-2.09E+02,5.62E+00,-1.94E+00,2.58E-01,-4.27E-03,4.830769231,0.301273885
-7.72E+01,1.90E+01,2.29E+01,1.27E-01,7.38E-01,-6.89E-02,-4.13E+01,-2.09E+02,5.55E+00,-1.94E+00,2.58E-01,-4.30E-03,4.830769231,0.301273885
-7.72E+01,1.90E+01,2.29E+01,1.27E-01,7.38E-01,-6.89E-02,-4.13E+01,-2.09E+02,5.49E+00,-1.94E+00,2.58E-01,-4.30E-03,4.81595092,0.301273885
-7.72E+01,1.90E+01,2.29E+01,1.27E-01,7.38E-01,-6.89E-02,-4.13E+01,-2.09E+02,5.46E+00,-1.94E+00,2.58E-01,-4.28E-03,4.81595092,0.301273885
-7.72E+01,1.90E+01,2.29E+01,1.26E-01,7.38E-01,-6.89E-02,-4.13E+01,-2.09E+02,5.44E+00,-1.94E+00,2.58E-01,-4.25E-03,4.81595092,0.301273885
-7.72E+01,1.90E+01,2.28E+01,1.27E-01,7.38E-01,-6.89E-02,-4.13E+01,-2.09E+02,5.44E+00,-1.94E+00,2.58E-01,-4.21E-03,4.830769231,0.301910828
-7.72E+01,1.90E+01,2.28E+01,1.27E-01,7.38E-01,-6.89E-02,-4.13E+01,-2.09E+02,5.45E+00,-1.94E+00,2.58E-01,-4.16E-03,4.830769231,0.301910828
-7.72E+01,1.90E+01,2.28E+01,1.27E-01,7.38E-01,-6.89E-02,-4.13E+01,-2.09E+02,5.46E+00,-1.94E+00,2.58E-01,-4.06E-03,4.830769231,0.301910828
-7.72E+01,1.90E+01,2.28E+01,1.27E-01,7.38E-01,-6.89E-02,-4.13E+01,-2.09E+02,5.48E+00,-1.94E+00,2.58E-01,-3.91E-03,4.830769231,0.301910828
-7.72E+01,1.90E+01,2.28E+01,1.27E-01,7.38E-01,-6.89E-02,-4.13E+01,-2.09E+02,5.52E+00,-1.94E+00,2.58E-01,-3.90E-03,4.830769231,0.302547771
-7.72E+01,1.90E+01,2.28E+01,1.27E-01,7.39E-01,-6.89E-02,-4.12E+01,-2.09E+02,5.56E+00,-1.95E+00,2.58E-01,-3.77E-03,4.830769231,0.302547771
-7.72E+01,1.90E+01,2.28E+01,1.27E-01,7.39E-01,-6.89E-02,-4.12E+01,-2.09E+02,5.60E+00,-1.95E+00,2.58E-01,-3.64E-03,4.830769231,0.302547771
-7.72E+01,1.91E+01,2.28E+01,1.27E-01,7.39E-01,-6.89E-02,-4.12E+01,-2.09E+02,5.64E+00,-1.95E+00,2.58E-01,-3.48E-03,4.845679012,0.302547771
-7.73E+01,1.91E+01,2.28E+01,1.27E-01,7.39E-01,-6.89E-02,-4.12E+01,-2.09E+02,5.68E+00,-1.95E+00,2.58E-01,-3.33E-03,4.845679012,0.303184713
-7.73E+01,1.91E+01,2.28E+01,1.27E-01,7.39E-01,-6.89E-02,-4.11E+01,-2.09E+02,5.72E+00,-1.95E+00,2.58E-01,-3.17E-03,4.845679012,0.303184713
-7.73E+01,1.91E+01,2.28E+01,1.27E-01,7.39E-01,-6.89E-02,-4.11E+01,-2.10E+02,5.76E+00,-1.95E+00,2.58E-01,-2.99E-03,4.845679012,0.303184713
-7.74E+01,1.91E+01,2.28E+01,1.27E-01,7.38E-01,-6.89E-02,-4.11E+01,-2.10E+02,5.80E+00,-1.95E+00,2.58E-01,-2.82E-03,4.87654321,0.301898734
-7.74E+01,1.91E+01,2.28E+01,1.27E-01,7.38E-01,-6.89E-02,-4.11E+01,-2.10E+02,5.83E+00,-1.95E+00,2.58E-01,-2.66E-03,4.87654321,0.301898734
-7.74E+01,1.91E+01,2.28E+01,1.27E-01,7.38E-01,-6.89E-02,-4.11E+01,-2.10E+02,5.87E+00,-1.95E+00,2.58E-01,-2.50E-03,4.87654321,0.301898734
-7.75E+01,1.91E+01,2.28E+01,1.27E-01,7.38E-01,-6.89E-02,-4.11E+01,-2.10E+02,5.91E+00,-1.95E+00,2.58E-01,-2.38E-03,4.87654321,0.302531646
-7.75E+01,1.91E+01,2.29E+01,1.27E-01,7.38E-01,-6.89E-02,-4.12E+01,-2.10E+02,5.94E+00,-1.95E+00,2.58E-01,-2.29E-03,4.87654321,0.302531646
-7.75E+01,1.91E+01,2.29E+01,1.27E-01,7.38E-01,-6.89E-02,-4.12E+01,-2.10E+02,5.97E+00,-1.94E+00,2.58E-01,-2.24E-03,4.87654321,0.302531646
-7.76E+01,1.91E+01,2.29E+01,1.27E-01,7.38E-01,-6.89E-02,-4.12E+01,-2.10E+02,5.99E+00,-1.94E+00,2.58E-01,-2.22E-03,4.861538462,0.302531646
-7.76E+01,1.91E+01,2.29E+01,1.27E-01,7.38E-01,-6.88E-02,-4.12E+01,-2.11E+02,5.99E+00,-1.94E+00,2.58E-01,-2.24E-03,4.861538462,0.302531646
-7.76E+01,1.91E+01,2.29E+01,1.27E-01,7.38E-01,-6.88E-02,-4.13E+01,-2.11E+02,5.97E+00,-1.94E+00,2.58E-01,-2.31E-03,4.861538462,0.302531646
-7.76E+01,1.91E+01,2.29E+01,1.27E-01,7.38E-01,-6.88E-02,-4.13E+01,-2.11E+02,5.94E+00,-1.94E+00,2.58E-01,-2.38E-03,4.861538462,0.303164557
-7.77E+01,1.91E+01,2.30E+01,1.27E-01,7.38E-01,-6.88E-02,-4.13E+01,-2.11E+02,5.91E+00,-1.94E+00,2.58E-01,-2.47E-03,4.861538462,0.303164557
-7.77E+01,1.91E+01,2.30E+01,1.27E-01,7.38E-01,-6.88E-02,-4.13E+01,-2.11E+02,5.88E+00,-1.94E+00,2.58E-01,-2.63E-03,4.846625767,0.303164557
-7.77E+01,1.91E+01,2.30E+01,1.27E-01,7.38E-01,-6.87E-02,-4.14E+01,-2.11E+02,5.83E+00,-1.94E+00,2.58E-01,-2.83E-03,4.846625767,0.303164557
-7.77E+01,1.91E+01,2.30E+01,1.27E-01,7.37E-01,-6.87E-02,-4.14E+01,-2.11E+02,5.79E+00,-1.94E+00,2.57E-01,-3.06E-03,4.846625767,0.303164557
-7.78E+01,1.91E+01,2.30E+01,1.27E-01,7.37E-01,-6.87E-02,-4.14E+01,-2.11E+02,5.74E+00,-1.94E+00,2.57E-01,-3.30E-03,4.846625767,0.303164557
-7.78E+01,1.91E+01,2.30E+01,1.27E-01,7.37E-01,-6.86E-02,-4.14E+01,-2.11E+02,5.69E+00,-1.94E+00,2.57E-01,-3.52E-03,4.877300613,0.301257862
-7.78E+01,1.91E+01,2.30E+01,1.27E-01,7.37E-01,-6.86E-02,-4.15E+01,-2.11E+02,5.64E+00,-1.94E+00,2.57E-01,-3.73E-03,4.877300613,0.301257862
-7.78E+01,1.91E+01,2.30E+01,1.27E-01,7.37E-01,-6.85E-02,-4.15E+01,-2.11E+02,5.60E+00,-1.94E+00,2.57E-01,-3.93E-03,4.862385321,0.301257862
-7.78E+01,1.91E+01,2.30E+01,1.27E-01,7.37E-01,-6.85E-02,-4.15E+01,-2.11E+02,5.56E+00,-1.94E+00,2.57E-01,-4.09E-03,4.862385321,0.301257862
-7.78E+01,1.91E+01,2.30E+01,1.26E-01,7.37E-01,-6.85E-02,-4.15E+01,-2.11E+02,5.53E+00,-1.94E+00,2.56E-01,-4.22E-03,4.862385321,0.301257862
-7.78E+01,1.91E+01,2.30E+01,1.26E-01,7.36E-01,-6.84E-02,-4.16E+01,-2.11E+02,5.52E+00,-1.94E+00,2.56E-01,-4.33E-03,4.862385321,0.301257862
-7.78E+01,1.91E+01,2.30E+01,1.26E-01,7.36E-01,-6.84E-02,-4.16E+01,-2.11E+02,5.53E+00,-1.94E+00,2.56E-01,-4.37E-03,4.862385321,0.300628931
-7.78E+01,1.92E+01,2.30E+01,1.26E-01,7.36E-01,-6.83E-02,-4.16E+01,-2.11E+02,5.55E+00,-1.94E+00,2.56E-01,-4.39E-03,4.831804281,0.302531646
-7.77E+01,1.92E+01,2.30E+01,1.26E-01,7.36E-01,-6.83E-02,-4.16E+01,-2.11E+02,5.58E+00,-1.94E+00,2.56E-01,-4.36E-03,4.831804281,0.302531646
-7.77E+01,1.92E+01,2.30E+01,1.26E-01,7.36E-01,-6.82E-02,-4.16E+01,-2.11E+02,5.63E+00,-1.94E+00,2.56E-01,-4.35E-03,4.831804281,0.301898734
-7.77E+01,1.92E+01,2.30E+01,1.26E-01,7.36E-01,-6.82E-02,-4.16E+01,-2.11E+02,5.69E+00,-1.94E+00,2.56E-01,-4.29E-03,4.831804281,0.301898734
-7.76E+01,1.92E+01,2.30E+01,1.26E-01,7.36E-01,-6.82E-02,-4.16E+01,-2.10E+02,5.75E+00,-1.94E+00,2.56E-01,-4.23E-03,4.831804281,0.301898734
-7.76E+01,1.92E+01,2.30E+01,1.26E-01,7.36E-01,-6.82E-02,-4.15E+01,-2.10E+02,5.81E+00,-1.94E+00,2.56E-01,-4.15E-03,4.831804281,0.301265823
-7.75E+01,1.92E+01,2.30E+01,1.26E-01,7.36E-01,-6.82E-02,-4.15E+01,-2.10E+02,5.86E+00,-1.94E+00,2.56E-01,-4.06E-03,4.831804281,0.301265823
-7.75E+01,1.92E+01,2.29E+01,1.26E-01,7.36E-01,-6.82E-02,-4.15E+01,-2.10E+02,5.89E+00,-1.94E+00,2.56E-01,-3.96E-03,4.831804281,0.301265823
-7.74E+01,1.92E+01,2.29E+01,1.26E-01,7.36E-01,-6.82E-02,-4.14E+01,-2.10E+02,5.92E+00,-1.94E+00,2.56E-01,-3.88E-03,4.846625767,0.300632911
-7.74E+01,1.92E+01,2.29E+01,1.26E-01,7.36E-01,-6.83E-02,-4.14E+01,-2.10E+02,5.93E+00,-1.94E+00,2.56E-01,-3.80E-03,4.846625767,0.300632911
-7.73E+01,1.92E+01,2.29E+01,1.27E-01,7.36E-01,-6.83E-02,-4.14E+01,-2.10E+02,5.92E+00,-1.94E+00,2.56E-01,-3.70E-03,4.81595092,0.302547771
-7.73E+01,1.92E+01,2.29E+01,1.27E-01,7.36E-01,-6.84E-02,-4.14E+01,-2.09E+02,5.90E+00,-1.94E+00,2.57E-01,-3.60E-03,4.81595092,0.302547771
-7.73E+01,1.92E+01,2.29E+01,1.27E-01,7.36E-01,-6.84E-02,-4.13E+01,-2.09E+02,5.86E+00,-1.94E+00,2.57E-01,-3.49E-03,4.81595092,0.302547771
-7.72E+01,1.91E+01,2.29E+01,1.27E-01,7.37E-01,-6.85E-02,-4.13E+01,-2.09E+02,5.79E+00,-1.94E+00,2.57E-01,-3.39E-03,4.830769231,0.302547771
-7.72E+01,1.91E+01,2.28E+01,1.27E-01,7.37E-01,-6.86E-02,-4.13E+01,-2.09E+02,5.72E+00,-1.94E+00,2.57E-01,-3.27E-03,4.830769231,0.301910828
-7.72E+01,1.91E+01,2.28E+01,1.27E-01,7.37E-01,-6.87E-02,-4.13E+01,-2.09E+02,5.65E+00,-1.94E+00,2.57E-01,-3.15E-03,4.830769231,0.301910828
-7.72E+01,1.90E+01,2.28E+01,1.27E-01,7.37E-01,-6.88E-02,-4.13E+01,-2.09E+02,5.57E+00,-1.94E+00,2.58E-01,-3.02E-03,4.830769231,0.301910828
-7.72E+01,1.90E+01,2.28E+01,1.27E-01,7.37E-01,-6.88E-02,-4.13E+01,-2.09E+02,5.50E+00,-1.94E+00,2.58E-01,-2.84E-03,4.830769231,0.301910828
-7.72E+01,1.90E+01,2.28E+01,1.27E-01,7.37E-01,-6.89E-02,-4.13E+01,-2.09E+02,5.44E+00,-1.94E+00,2.58E-01,-2.75E-03,4.830769231,0.301910828
-7.72E+01,1.90E+01,2.29E+01,1.27E-01,7.37E-01,-6.89E-02,-4.13E+01,-2.09E+02,5.38E+00,-1.94E+00,2.58E-01,-2.63E-03,4.830769231,0.301910828
-7.72E+01,1.89E+01,2.29E+01,1.27E-01,7.37E-01,-6.90E-02,-4.13E+01,-2.09E+02,5.34E+00,-1.94E+00,2.58E-01,-2.51E-03,4.830769231,0.301273885
-7.72E+01,1.89E+01,2.28E+01,1.27E-01,7.37E-01,-6.90E-02,-4.13E+01,-2.09E+02,5.31E+00,-1.94E+00,2.58E-01,-2.41E-03,4.830769231,0.301273885
-7.72E+01,1.89E+01,2.28E+01,1.27E-01,7.37E-01,-6.90E-02,-4.13E+01,-2.09E+02,5.31E+00,-1.94E+00,2.58E-01,-2.30E-03,4.830769231,0.301273885
-7.72E+01,1.89E+01,2.28E+01,1.27E-01,7.38E-01,-6.90E-02,-4.13E+01,-2.09E+02,5.34E+00,-1.94E+00,2.58E-01,-2.19E-03,4.830769231,0.301273885
-7.71E+01,1.89E+01,2.28E+01,1.27E-01,7.38E-01,-6.90E-02,-4.13E+01,-2.09E+02,5.39E+00,-1.94E+00,2.58E-01,-2.12E-03,4.830769231,0.300636943
-7.71E+01,1.89E+01,2.28E+01,1.27E-01,7.38E-01,-6.89E-02,-4.12E+01,-2.08E+02,5.48E+00,-1.94E+00,2.58E-01,-2.05E-03,4.830769231,0.300636943
-7.71E+01,1.90E+01,2.28E+01,1.27E-01,7.38E-01,-6.89E-02,-4.12E+01,-2.08E+02,5.58E+00,-1.94E+00,2.58E-01,-2.01E-03,4.814814815,0.301923077
-7.70E+01,1.90E+01,2.27E+01,1.27E-01,7.38E-01,-6.89E-02,-4.11E+01,-2.08E+02,5.69E+00,-1.94E+00,2.58E-01,-1.98E-03,4.814814815,0.301923077
-7.70E+01,1.90E+01,2.27E+01,1.27E-01,7.38E-01,-6.88E-02,-4.11E+01,-2.08E+02,5.80E+00,-1.94E+00,2.58E-01,-1.98E-03,4.814814815,0.301923077
-7.69E+01,1.90E+01,2.27E+01,1.27E-01,7.38E-01,-6.88E-02,-4.10E+01,-2.07E+02,5.90E+00,-1.94E+00,2.58E-01,-2.02E-03,4.829721362,0.301282051
-7.69E+01,1.91E+01,2.27E+01,1.27E-01,7.38E-01,-6.88E-02,-4.10E+01,-2.07E+02,5.99E+00,-1.94E+00,2.58E-01,-2.06E-03,4.829721362,0.301282051
-7.69E+01,1.91E+01,2.26E+01,1.27E-01,7.38E-01,-6.87E-02,-4.10E+01,-2.07E+02,6.06E+00,-1.95E+00,2.58E-01,-2.12E-03,4.829721362,0.300641026
-7.68E+01,1.91E+01,2.26E+01,1.27E-01,7.38E-01,-6.87E-02,-4.09E+01,-2.07E+02,6.11E+00,-1.95E+00,2.58E-01,-2.19E-03,4.813664596,0.302580645
-7.68E+01,1.91E+01,2.26E+01,1.27E-01,7.39E-01,-6.87E-02,-4.09E+01,-2.07E+02,6.15E+00,-1.95E+00,2.58E-01,-2.29E-03,4.813664596,0.301935484
-7.68E+01,1.91E+01,2.26E+01,1.27E-01,7.39E-01,-6.87E-02,-4.09E+01,-2.07E+02,6.16E+00,-1.95E+00,2.58E-01,-2.39E-03,4.813664596,0.301935484
-7.68E+01,1.91E+01,2.26E+01,1.27E-01,7.39E-01,-6.87E-02,-4.09E+01,-2.07E+02,6.14E+00,-1.95E+00,2.59E-01,-2.49E-03,4.813664596,0.301935484
-7.68E+01,1.91E+01,2.26E+01,1.27E-01,7.39E-01,-6.87E-02,-4.09E+01,-2.07E+02,6.10E+00,-1.95E+00,2.59E-01,-2.59E-03,4.79876161,0.301935484
-7.69E+01,1.91E+01,2.27E+01,1.27E-01,7.39E-01,-6.87E-02,-4.10E+01,-2.07E+02,6.03E+00,-1.95E+00,2.59E-01,-2.71E-03,4.79876161,0.301935484
-7.69E+01,1.91E+01,2.27E+01,1.27E-01,7.38E-01,-6.88E-02,-4.10E+01,-2.07E+02,5.95E+00,-1.94E+00,2.59E-01,-2.76E-03,4.79876161,0.301290323
-7.69E+01,1.90E+01,2.27E+01,1.27E-01,7.38E-01,-6.88E-02,-4.11E+01,-2.07E+02,5.85E+00,-1.94E+00,2.59E-01,-2.86E-03,4.814814815,0.299358974
-7.70E+01,1.90E+01,2.28E+01,1.27E-01,7.38E-01,-6.88E-02,-4.12E+01,-2.07E+02,5.75E+00,-1.94E+00,2.59E-01,-2.91E-03,4.814814815,0.299358974
-7.70E+01,1.90E+01,2.28E+01,1.27E-01,7.38E-01,-6.88E-02,-4.12E+01,-2.07E+02,5.65E+00,-1.94E+00,2.59E-01,-2.94E-03,4.8,0.3
-7.71E+01,1.90E+01,2.29E+01,1.27E-01,7.38E-01,-6.87E-02,-4.13E+01,-2.08E+02,5.56E+00,-1.94E+00,2.58E-01,-2.93E-03,4.8,0.3
-7.71E+01,1.90E+01,2.29E+01,1.27E-01,7.38E-01,-6.87E-02,-4.14E+01,-2.08E+02,5.48E+00,-1.94E+00,2.58E-01,-2.94E-03,4.785276074,0.3
-7.72E+01,1.90E+01,2.29E+01,1.27E-01,7.38E-01,-6.87E-02,-4.14E+01,-2.08E+02,5.43E+00,-1.94E+00,2.58E-01,-2.93E-03,4.785276074,0.3
-7.72E+01,1.90E+01,2.30E+01,1.27E-01,7.38E-01,-6.86E-02,-4.15E+01,-2.08E+02,5.41E+00,-1.94E+00,2.58E-01,-2.91E-03,4.770642202,0.3
-7.72E+01,1.90E+01,2.30E+01,1.26E-01,7.38E-01,-6.86E-02,-4.15E+01,-2.08E+02,5.40E+00,-1.94E+00,2.58E-01,-2.90E-03,4.770642202,0.300641026
-7.72E+01,1.90E+01,2.30E+01,1.26E-01,7.38E-01,-6.85E-02,-4.15E+01,-2.08E+02,5.41E+00,-1.94E+00,2.58E-01,-2.90E-03,4.770642202,0.300641026
-7.72E+01,1.90E+01,2.30E+01,1.26E-01,7.38E-01,-6.85E-02,-4.15E+01,-2.08E+02,5.44E+00,-1.94E+00,2.57E-01,-2.89E-03,4.770642202,0.300641026
-7.72E+01,1.90E+01,2.29E+01,1.26E-01,7.37E-01,-6.84E-02,-4.15E+01,-2.08E+02,5.49E+00,-1.94E+00,2.57E-01,-2.90E-03,4.785276074,0.300641026
-7.72E+01,1.90E+01,2.29E+01,1.26E-01,7.37E-01,-6.84E-02,-4.14E+01,-2.08E+02,5.56E+00,-1.94E+00,2.57E-01,-2.92E-03,4.785276074,0.301282051
-7.71E+01,1.90E+01,2.29E+01,1.26E-01,7.37E-01,-6.84E-02,-4.14E+01,-2.08E+02,5.64E+00,-1.94E+00,2.57E-01,-2.93E-03,4.785276074,0.301282051
-7.71E+01,1.91E+01,2.29E+01,1.26E-01,7.37E-01,-6.83E-02,-4.13E+01,-2.08E+02,5.73E+00,-1.94E+00,2.57E-01,-2.96E-03,4.8,0.301282051
-7.71E+01,1.91E+01,2.28E+01,1.26E-01,7.37E-01,-6.83E-02,-4.13E+01,-2.08E+02,5.81E+00,-1.94E+00,2.57E-01,-2.99E-03,4.8,0.301282051
-7.71E+01,1.91E+01,2.28E+01,1.26E-01,7.37E-01,-6.83E-02,-4.12E+01,-2.08E+02,5.88E+00,-1.94E+00,2.57E-01,-3.03E-03,4.8,0.301282051
-7.70E+01,1.91E+01,2.28E+01,1.26E-01,7.37E-01,-6.83E-02,-4.12E+01,-2.08E+02,5.92E+00,-1.94E+00,2.57E-01,-3.09E-03,4.814814815,0.301282051
-7.70E+01,1.91E+01,2.27E+01,1.26E-01,7.37E-01,-6.83E-02,-4.11E+01,-2.08E+02,5.96E+00,-1.94E+00,2.57E-01,-3.14E-03,4.814814815,0.301282051
-7.70E+01,1.91E+01,2.27E+01,1.26E-01,7.37E-01,-6.83E-02,-4.11E+01,-2.08E+02,5.97E+00,-1.94E+00,2.57E-01,-3.19E-03,4.829721362,0.301282051
-7.70E+01,1.91E+01,2.27E+01,1.26E-01,7.37E-01,-6.83E-02,-4.10E+01,-2.08E+02,5.98E+00,-1.94E+00,2.57E-01,-3.25E-03,4.829721362,0.301282051
-7.70E+01,1.91E+01,2.27E+01,1.26E-01,7.37E-01,-6.83E-02,-4.10E+01,-2.08E+02,5.96E+00,-1.94E+00,2.57E-01,-3.30E-03,4.829721362,0.301282051
-7.70E+01,1.91E+01,2.27E+01,1.26E-01,7.37E-01,-6.84E-02,-4.10E+01,-2.08E+02,5.93E+00,-1.94E+00,2.57E-01,-3.32E-03,4.829721362,0.301282051
-7.71E+01,1.91E+01,2.28E+01,1.26E-01,7.37E-01,-6.84E-02,-4.10E+01,-2.08E+02,5.89E+00,-1.94E+00,2.57E-01,-3.32E-03,4.829721362,0.301923077
-7.71E+01,1.91E+01,2.28E+01,1.26E-01,7.37E-01,-6.84E-02,-4.11E+01,-2.08E+02,5.85E+00,-1.94E+00,2.58E-01,-3.31E-03,4.829721362,0.301923077
-7.72E+01,1.91E+01,2.28E+01,1.26E-01,7.37E-01,-6.85E-02,-4.11E+01,-2.08E+02,5.81E+00,-1.94E+00,2.58E-01,-3.28E-03,4.814814815,0.301923077
-7.72E+01,1.91E+01,2.28E+01,1.26E-01,7.37E-01,-6.86E-02,-4.11E+01,-2.08E+02,5.76E+00,-1.94E+00,2.58E-01,-3.24E-03,4.845679012,0.3
-7.73E+01,1.91E+01,2.29E+01,1.26E-01,7.37E-01,-6.86E-02,-4.12E+01,-2.09E+02,5.71E+00,-1.94E+00,2.58E-01,-3.24E-03,4.845679012,0.3
-7.73E+01,1.91E+01,2.29E+01,1.27E-01,7.37E-01,-6.86E-02,-4.12E+01,-2.09E+02,5.68E+00,-1.94E+00,2.58E-01,-3.19E-03,4.830769231,0.300636943
-7.74E+01,1.91E+01,2.29E+01,1.27E-01,7.37E-01,-6.87E-02,-4.13E+01,-2.09E+02,5.65E+00,-1.94E+00,2.58E-01,-3.15E-03,4.830769231,0.300636943
-7.74E+01,1.91E+01,2.30E+01,1.27E-01,7.37E-01,-6.87E-02,-4.13E+01,-2.09E+02,5.63E+00,-1.94E+00,2.58E-01,-3.14E-03,4.81595092,0.300636943
-7.75E+01,1.91E+01,2.30E+01,1.27E-01,7.37E-01,-6.87E-02,-4.14E+01,-2.09E+02,5.62E+00,-1.94E+00,2.58E-01,-3.16E-03,4.81595092,0.300636943
-7.75E+01,1.91E+01,2.30E+01,1.27E-01,7.37E-01,-6.86E-02,-4.14E+01,-2.09E+02,5.62E+00,-1.94E+00,2.58E-01,-3.17E-03,4.81595092,0.300636943
-7.76E+01,1.91E+01,2.30E+01,1.27E-01,7.37E-01,-6.86E-02,-4.15E+01,-2.09E+02,5.63E+00,-1.94E+00,2.58E-01,-3.19E-03,4.801223242,0.301273885
-7.76E+01,1.92E+01,2.31E+01,1.26E-01,7.37E-01,-6.86E-02,-4.15E+01,-2.10E+02,5.64E+00,-1.94E+00,2.58E-01,-3.26E-03,4.801223242,0.301273885
-7.77E+01,1.92E+01,2.31E+01,1.26E-01,7.37E-01,-6.85E-02,-4.15E+01,-2.10E+02,5.66E+00,-1.94E+00,2.58E-01,-3.33E-03,4.801223242,0.301273885
-7.77E+01,1.92E+01,2.31E+01,1.26E-01,7.36E-01,-6.85E-02,-4.16E+01,-2.10E+02,5.67E+00,-1.94E+00,2.57E-01,-3.40E-03,4.831804281,0.299367089
-7.77E+01,1.92E+01,2.31E+01,1.26E-01,7.36E-01,-6.84E-02,-4.16E+01,-2.10E+02,5.68E+00,-1.94E+00,2.57E-01,-3.50E-03,4.831804281,0.299367089
-7.77E+01,1.92E+01,2.31E+01,1.26E-01,7.36E-01,-6.84E-02,-4.16E+01,-2.10E+02,5.68E+00,-1.94E+00,2.57E-01,-3.62E-03,4.831804281,0.3
-7.78E+01,1.92E+01,2.31E+01,1.26E-01,7.36E-01,-6.83E-02,-4.16E+01,-2.10E+02,5.68E+00,-1.94E+00,2.57E-01,-3.72E-03,4.817073171,0.3
-7.78E+01,1.93E+01,2.31E+01,1.26E-01,7.36E-01,-6.82E-02,-4.16E+01,-2.10E+02,5.69E+00,-1.94E+00,2.57E-01,-3.84E-03,4.817073171,0.3
-7.78E+01,1.93E+01,2.31E+01,1.26E-01,7.36E-01,-6.82E-02,-4.17E+01,-2.10E+02,5.69E+00,-1.94E+00,2.56E-01,-3.95E-03,4.817073171,0.3
-7.78E+01,1.93E+01,2.31E+01,1.26E-01,7.36E-01,-6.81E-02,-4.17E+01,-2.10E+02,5.70E+00,-1.94E+00,2.56E-01,-4.03E-03,4.817073171,0.3
-7.78E+01,1.93E+01,2.31E+01,1.26E-01,7.35E-01,-6.80E-02,-4.17E+01,-2.10E+02,5.70E+00,-1.94E+00,2.56E-01,-4.11E-03,4.817073171,0.3
-7.77E+01,1.93E+01,2.31E+01,1.26E-01,7.35E-01,-6.79E-02,-4.17E+01,-2.10E+02,5.71E+00,-1.94E+00,2.56E-01,-4.16E-03,4.817073171,0.3
-7.77E+01,1.93E+01,2.31E+01,1.26E-01,7.35E-01,-6.79E-02,-4.17E+01,-2.10E+02,5.71E+00,-1.94E+00,2.55E-01,-4.16E-03,4.817073171,0.300632911
-7.77E+01,1.93E+01,2.31E+01,1.25E-01,7.35E-01,-6.78E-02,-4.17E+01,-2.10E+02,5.72E+00,-1.94E+00,2.55E-01,-4.18E-03,4.817073171,0.300632911
-7.77E+01,1.93E+01,2.31E+01,1.25E-01,7.35E-01,-6.78E-02,-4.17E+01,-2.10E+02,5.74E+00,-1.94E+00,2.55E-01,-4.20E-03,4.817073171,0.300632911
-7.76E+01,1.93E+01,2.31E+01,1.25E-01,7.35E-01,-6.78E-02,-4.17E+01,-2.10E+02,5.76E+00,-1.94E+00,2.55E-01,-4.16E-03,4.817073171,0.300632911
-7.76E+01,1.93E+01,2.31E+01,1.25E-01,7.35E-01,-6.78E-02,-4.17E+01,-2.10E+02,5.79E+00,-1.94E+00,2.55E-01,-4.13E-03,4.817073171,0.300632911
-7.76E+01,1.93E+01,2.31E+01,1.25E-01,7.35E-01,-6.78E-02,-4.17E+01,-2.10E+02,5.80E+00,-1.94E+00,2.55E-01,-4.11E-03,4.817073171,0.300632911
-7.76E+01,1.93E+01,2.31E+01,1.25E-01,7.34E-01,-6.78E-02,-4.17E+01,-2.10E+02,5.81E+00,-1.94E+00,2.55E-01,-4.09E-03,4.817073171,0.300632911
-7.75E+01,1.93E+01,2.31E+01,1.25E-01,7.34E-01,-6.78E-02,-4.17E+01,-2.10E+02,5.82E+00,-1.94E+00,2.55E-01,-4.11E-03,4.817073171,0.300632911
-7.75E+01,1.93E+01,2.31E+01,1.25E-01,7.34E-01,-6.79E-02,-4.17E+01,-2.10E+02,5.82E+00,-1.94E+00,2.55E-01,-4.11E-03,4.817073171,0.300632911
-7.75E+01,1.93E+01,2.30E+01,1.25E-01,7.34E-01,-6.79E-02,-4.16E+01,-2.10E+02,5.81E+00,-1.94E+00,2.55E-01,-4.12E-03,4.817073171,0.300632911
-7.75E+01,1.93E+01,2.30E+01,1.25E-01,7.34E-01,-6.80E-02,-4.16E+01,-2.10E+02,5.79E+00,-1.94E+00,2.55E-01,-4.15E-03,4.817073171,0.300632911
-7.75E+01,1.93E+01,2.30E+01,1.25E-01,7.34E-01,-6.81E-02,-4.16E+01,-2.10E+02,5.76E+00,-1.94E+00,2.55E-01,-4.18E-03,4.817073171,0.3
-7.75E+01,1.92E+01,2.30E+01,1.25E-01,7.34E-01,-6.81E-02,-4.16E+01,-2.10E+02,5.72E+00,-1.94E+00,2.55E-01,-4.23E-03,4.831804281,0.3
-7.75E+01,1.92E+01,2.30E+01,1.25E-01,7.34E-01,-6.82E-02,-4.15E+01,-2.10E+02,5.67E+00,-1.94E+00,2.55E-01,-4.26E-03,4.831804281,0.3
-7.75E+01,1.92E+01,2.30E+01,1.25E-01,7.34E-01,-6.83E-02,-4.15E+01,-2.10E+02,5.63E+00,-1.94E+00,2.55E-01,-4.30E-03,4.831804281,0.3
-7.74E+01,1.91E+01,2.30E+01,1.25E-01,7.34E-01,-6.84E-02,-4.15E+01,-2.10E+02,5.57E+00,-1.94E+00,2.55E-01,-4.32E-03,4.801223242,0.301910828
-7.74E+01,1.91E+01,2.30E+01,1.26E-01,7.34E-01,-6.85E-02,-4.15E+01,-2.09E+02,5.52E+00,-1.94E+00,2.55E-01,-4.34E-03,4.81595092,0.301910828
-7.74E+01,1.91E+01,2.29E+01,1.26E-01,7.35E-01,-6.85E-02,-4.14E+01,-2.09E+02,5.45E+00,-1.94E+00,2.55E-01,-4.37E-03,4.81595092,0.301273885
-7.73E+01,1.90E+01,2.29E+01,1.26E-01,7.35E-01,-6.86E-02,-4.14E+01,-2.09E+02,5.40E+00,-1.94E+00,2.56E-01,-4.37E-03,4.81595092,0.301273885
-7.72E+01,1.90E+01,2.29E+01,1.26E-01,7.35E-01,-6.86E-02,-4.13E+01,-2.09E+02,5.36E+00,-1.94E+00,2.56E-01,-4.38E-03,4.830769231,0.301273885
-7.72E+01,1.90E+01,2.29E+01,1.26E-01,7.35E-01,-6.87E-02,-4.13E+01,-2.09E+02,5.35E+00,-1.94E+00,2.56E-01,-4.39E-03,4.830769231,0.300636943
-7.71E+01,1.90E+01,2.28E+01,1.26E-01,7.35E-01,-6.87E-02,-4.12E+01,-2.09E+02,5.36E+00,-1.94E+00,2.56E-01,-4.36E-03,4.830769231,0.300636943
-7.70E+01,1.89E+01,2.28E+01,1.26E-01,7.35E-01,-6.87E-02,-4.12E+01,-2.08E+02,5.39E+00,-1.94E+00,2.56E-01,-4.31E-03,4.830769231,0.3
-7.69E+01,1.89E+01,2.28E+01,1.26E-01,7.36E-01,-6.87E-02,-4.12E+01,-2.08E+02,5.43E+00,-1.94E+00,2.57E-01,-4.27E-03,4.814814815,0.301923077
-7.69E+01,1.89E+01,2.28E+01,1.26E-01,7.36E-01,-6.87E-02,-4.11E+01,-2.08E+02,5.49E+00,-1.94E+00,2.57E-01,-4.21E-03,4.814814815,0.301923077
-7.68E+01,1.90E+01,2.27E+01,1.26E-01,7.36E-01,-6.87E-02,-4.11E+01,-2.08E+02,5.56E+00,-1.94E+00,2.57E-01,-4.15E-03,4.814814815,0.301282051
-7.67E+01,1.90E+01,2.27E+01,1.26E-01,7.36E-01,-6.87E-02,-4.10E+01,-2.07E+02,5.63E+00,-1.94E+00,2.57E-01,-4.07E-03,4.829721362,0.301282051
-7.66E+01,1.90E+01,2.27E+01,1.26E-01,7.36E-01,-6.86E-02,-4.10E+01,-2.07E+02,5.70E+00,-1.94E+00,2.57E-01,-3.99E-03,4.829721362,0.300641026
-7.66E+01,1.90E+01,2.27E+01,1.27E-01,7.36E-01,-6.86E-02,-4.10E+01,-2.07E+02,5.77E+00,-1.94E+00,2.58E-01,-3.89E-03,4.829721362,0.300641026
-7.65E+01,1.90E+01,2.27E+01,1.27E-01,7.36E-01,-6.87E-02,-4.10E+01,-2.07E+02,5.84E+00,-1.94E+00,2.58E-01,-3.79E-03,4.829721362,0.300641026
-7.65E+01,1.90E+01,2.26E+01,1.27E-01,7.36E-01,-6.87E-02,-4.09E+01,-2.07E+02,5.89E+00,-1.94E+00,2.58E-01,-3.69E-03,4.829721362,0.300641026
-7.65E+01,1.91E+01,2.26E+01,1.27E-01,7.36E-01,-6.87E-02,-4.09E+01,-2.07E+02,5.93E+00,-1.94E+00,2.58E-01,-3.60E-03,4.79876161,0.302580645
-7.65E+01,1.91E+01,2.27E+01,1.27E-01,7.36E-01,-6.87E-02,-4.10E+01,-2.07E+02,5.95E+00,-1.94E+00,2.58E-01,-3.51E-03,4.79876161,0.302580645
-7.65E+01,1.91E+01,2.27E+01,1.27E-01,7.36E-01,-6.87E-02,-4.10E+01,-2.07E+02,5.94E+00,-1.94E+00,2.58E-01,-3.42E-03,4.829721362,0.3
-7.66E+01,1.91E+01,2.27E+01,1.27E-01,7.36E-01,-6.88E-02,-4.11E+01,-2.07E+02,5.92E+00,-1.94E+00,2.58E-01,-3.31E-03,4.829721362,0.3
-7.66E+01,1.91E+01,2.27E+01,1.27E-01,7.36E-01,-6.88E-02,-4.11E+01,-2.07E+02,5.87E+00,-1.94E+00,2.58E-01,-3.24E-03,4.814814815,0.3
-7.67E+01,1.91E+01,2.28E+01,1.27E-01,7.36E-01,-6.88E-02,-4.12E+01,-2.07E+02,5.82E+00,-1.94E+00,2.58E-01,-3.15E-03,4.8,0.3
-7.67E+01,1.91E+01,2.28E+01,1.27E-01,7.36E-01,-6.88E-02,-4.13E+01,-2.07E+02,5.75E+00,-1.94E+00,2.58E-01,-3.05E-03,4.8,0.3
-7.68E+01,1.91E+01,2.29E+01,1.26E-01,7.36E-01,-6.88E-02,-4.13E+01,-2.08E+02,5.68E+00,-1.94E+00,2.58E-01,-2.93E-03,4.785276074,0.3
-7.68E+01,1.91E+01,2.29E+01,1.26E-01,7.36E-01,-6.88E-02,-4.14E+01,-2.08E+02,5.60E+00,-1.94E+00,2.58E-01,-2.78E-03,4.785276074,0.3
-7.69E+01,1.91E+01,2.29E+01,1.26E-01,7.36E-01,-6.88E-02,-4.15E+01,-2.08E+02,5.52E+00,-1.94E+00,2.58E-01,-2.65E-03,4.785276074,0.299358974
-7.69E+01,1.91E+01,2.30E+01,1.26E-01,7.36E-01,-6.87E-02,-4.15E+01,-2.08E+02,5.45E+00,-1.94E+00,2.58E-01,-2.52E-03,4.770642202,0.299358974
-7.69E+01,1.91E+01,2.30E+01,1.26E-01,7.36E-01,-6.87E-02,-4.15E+01,-2.08E+02,5.39E+00,-1.94E+00,2.58E-01,-2.41E-03,4.770642202,0.299358974
-7.69E+01,1.91E+01,2.30E+01,1.26E-01,7.36E-01,-6.86E-02,-4.16E+01,-2.08E+02,5.34E+00,-1.94E+00,2.57E-01,-2.30E-03,4.770642202,0.299358974
-7.68E+01,1.91E+01,2.30E+01,1.26E-01,7.36E-01,-6.86E-02,-4.16E+01,-2.08E+02,5.31E+00,-1.94E+00,2.57E-01,-2.22E-03,4.770642202,0.299358974
-7.68E+01,1.91E+01,2.30E+01,1.26E-01,7.36E-01,-6.85E-02,-4.15E+01,-2.08E+02,5.31E+00,-1.94E+00,2.57E-01,-2.16E-03,4.770642202,0.299358974
-7.68E+01,1.91E+01,2.29E+01,1.26E-01,7.36E-01,-6.85E-02,-4.15E+01,-2.08E+02,5.34E+00,-1.94E+00,2.57E-01,-2.10E-03,4.770642202,0.299358974
-7.67E+01,1.91E+01,2.29E+01,1.26E-01,7.36E-01,-6.84E-02,-4.15E+01,-2.07E+02,5.39E+00,-1.94E+00,2.57E-01,-2.06E-03,4.770642202,0.299358974
-7.67E+01,1.91E+01,2.29E+01,1.26E-01,7.36E-01,-6.83E-02,-4.14E+01,-2.07E+02,5.47E+00,-1.94E+00,2.57E-01,-2.01E-03,4.785276074,0.299358974
-7.66E+01,1.91E+01,2.28E+01,1.26E-01,7.36E-01,-6.83E-02,-4.14E+01,-2.07E+02,5.56E+00,-1.94E+00,2.57E-01,-1.98E-03,4.785276074,0.3
-7.66E+01,1.91E+01,2.28E+01,1.26E-01,7.36E-01,-6.82E-02,-4.13E+01,-2.07E+02,5.66E+00,-1.94E+00,2.57E-01,-1.99E-03,4.8,0.3
-7.66E+01,1.91E+01,2.28E+01,1.26E-01,7.36E-01,-6.82E-02,-4.12E+01,-2.07E+02,5.75E+00,-1.94E+00,2.57E-01,-2.04E-03,4.8,0.300641026
-7.65E+01,1.91E+01,2.27E+01,1.26E-01,7.36E-01,-6.82E-02,-4.11E+01,-2.07E+02,5.83E+00,-1.94E+00,2.57E-01,-2.16E-03,4.814814815,0.300641026
-7.65E+01,1.91E+01,2.27E+01,1.26E-01,7.35E-01,-6.81E-02,-4.11E+01,-2.07E+02,5.91E+00,-1.94E+00,2.57E-01,-2.36E-03,4.814814815,0.301282051
-7.65E+01,1.91E+01,2.26E+01,1.26E-01,7.35E-01,-6.81E-02,-4.10E+01,-2.07E+02,5.96E+00,-1.94E+00,2.57E-01,-2.59E-03,4.829721362,0.301282051
-7.65E+01,1.90E+01,2.26E+01,1.26E-01,7.35E-01,-6.81E-02,-4.10E+01,-2.07E+02,6.00E+00,-1.94E+00,2.57E-01,-2.86E-03,4.829721362,0.301923077
-7.65E+01,1.90E+01,2.26E+01,1.26E-01,7.35E-01,-6.81E-02,-4.09E+01,-2.07E+02,6.02E+00,-1.94E+00,2.57E-01,-3.11E-03,4.844720497,0.301923077
-7.66E+01,1.90E+01,2.26E+01,1.26E-01,7.35E-01,-6.82E-02,-4.09E+01,-2.08E+02,6.03E+00,-1.94E+00,2.57E-01,-3.35E-03,4.844720497,0.301923077
-7.66E+01,1.90E+01,2.26E+01,1.26E-01,7.35E-01,-6.82E-02,-4.09E+01,-2.08E+02,6.02E+00,-1.94E+00,2.57E-01,-3.56E-03,4.844720497,0.302564103
-7.67E+01,1.90E+01,2.26E+01,1.26E-01,7.35E-01,-6.82E-02,-4.09E+01,-2.08E+02,6.00E+00,-1.94E+00,2.57E-01,-3.76E-03,4.844720497,0.302564103
-7.67E+01,1.90E+01,2.26E+01,1.26E-01,7.34E-01,-6.82E-02,-4.09E+01,-2.08E+02,5.95E+00,-1.94E+00,2.57E-01,-3.95E-03,4.844720497,0.302564103
-7.68E+01,1.90E+01,2.27E+01,1.26E-01,7.34E-01,-6.82E-02,-4.09E+01,-2.08E+02,5.89E+00,-1.94E+00,2.57E-01,-4.12E-03,4.844720497,0.302564103
-7.68E+01,1.89E+01,2.27E+01,1.26E-01,7.34E-01,-6.83E-02,-4.09E+01,-2.08E+02,5.81E+00,-1.94E+00,2.57E-01,-4.19E-03,4.844720497,0.303205128
-7.69E+01,1.89E+01,2.27E+01,1.26E-01,7.34E-01,-6.83E-02,-4.09E+01,-2.08E+02,5.74E+00,-1.94E+00,2.57E-01,-4.33E-03,4.860681115,0.301273885
-7.69E+01,1.89E+01,2.27E+01,1.26E-01,7.34E-01,-6.83E-02,-4.10E+01,-2.08E+02,5.67E+00,-1.94E+00,2.57E-01,-4.43E-03,4.860681115,0.301273885
-7.70E+01,1.89E+01,2.28E+01,1.26E-01,7.34E-01,-6.83E-02,-4.10E+01,-2.09E+02,5.61E+00,-1.94E+00,2.57E-01,-4.47E-03,4.860681115,0.301273885
-7.70E+01,1.89E+01,2.28E+01,1.26E-01,7.34E-01,-6.83E-02,-4.10E+01,-2.09E+02,5.57E+00,-1.94E+00,2.57E-01,-4.53E-03,4.860681115,0.301273885
-7.70E+01,1.89E+01,2.28E+01,1.26E-01,7.34E-01,-6.83E-02,-4.10E+01,-2.09E+02,5.54E+00,-1.94E+00,2.57E-01,-4.56E-03,4.860681115,0.301273885
-7.71E+01,1.89E+01,2.28E+01,1.26E-01,7.34E-01,-6.82E-02,-4.10E+01,-2.09E+02,5.52E+00,-1.94E+00,2.56E-01,-4.56E-03,4.860681115,0.301273885
-7.71E+01,1.89E+01,2.28E+01,1.26E-01,7.34E-01,-6.82E-02,-4.10E+01,-2.09E+02,5.52E+00,-1.94E+00,2.56E-01,-4.54E-03,4.860681115,0.301910828
-7.71E+01,1.89E+01,2.28E+01,1.26E-01,7.34E-01,-6.81E-02,-4.10E+01,-2.09E+02,5.54E+00,-1.94E+00,2.56E-01,-4.50E-03,4.860681115,0.301910828
-7.71E+01,1.89E+01,2.28E+01,1.26E-01,7.34E-01,-6.81E-02,-4.10E+01,-2.09E+02,5.57E+00,-1.94E+00,2.56E-01,-4.44E-03,4.860681115,0.301910828
-7.71E+01,1.89E+01,2.28E+01,1.26E-01,7.34E-01,-6.80E-02,-4.10E+01,-2.09E+02,5.62E+00,-1.94E+00,2.56E-01,-4.32E-03,4.860681115,0.301910828
-7.71E+01,1.90E+01,2.28E+01,1.26E-01,7.34E-01,-6.80E-02,-4.10E+01,-2.09E+02,5.67E+00,-1.94E+00,2.55E-01,-4.18E-03,4.860681115,0.301910828
-7.72E+01,1.90E+01,2.28E+01,1.26E-01,7.34E-01,-6.79E-02,-4.11E+01,-2.09E+02,5.73E+00,-1.94E+00,2.55E-01,-4.02E-03,4.860681115,0.301910828
-7.72E+01,1.90E+01,2.28E+01,1.25E-01,7.34E-01,-6.78E-02,-4.11E+01,-2.09E+02,5.78E+00,-1.94E+00,2.55E-01,-3.84E-03,4.860681115,0.301910828
-7.72E+01,1.91E+01,2.29E+01,1.25E-01,7.34E-01,-6.78E-02,-4.11E+01,-2.09E+02,5.84E+00,-1.94E+00,2.55E-01,-3.68E-03,4.845679012,0.301910828
-7.72E+01,1.91E+01,2.29E+01,1.25E-01,7.34E-01,-6.77E-02,-4.11E+01,-2.09E+02,5.88E+00,-1.94E+00,2.55E-01,-3.46E-03,4.845679012,0.301910828
-7.72E+01,1.91E+01,2.29E+01,1.25E-01,7.34E-01,-6.76E-02,-4.11E+01,-2.09E+02,5.92E+00,-1.94E+00,2.54E-01,-3.31E-03,4.845679012,0.301910828
-7.73E+01,1.91E+01,2.29E+01,1.25E-01,7.34E-01,-6.75E-02,-4.12E+01,-2.09E+02,5.95E+00,-1.94E+00,2.54E-01,-3.12E-03,4.845679012,0.301910828
-7.73E+01,1.92E+01,2.29E+01,1.25E-01,7.34E-01,-6.75E-02,-4.12E+01,-2.09E+02,5.97E+00,-1.94E+00,2.54E-01,-3.00E-03,4.830769231,0.301910828
-7.73E+01,1.92E+01,2.29E+01,1.25E-01,7.34E-01,-6.74E-02,-4.13E+01,-2.09E+02,5.99E+00,-1.94E+00,2.54E-01,-2.91E-03,4.830769231,0.301910828
-7.73E+01,1.92E+01,2.29E+01,1.25E-01,7.34E-01,-6.73E-02,-4.13E+01,-2.09E+02,6.00E+00,-1.94E+00,2.54E-01,-2.83E-03,4.830769231,0.301910828
-7.73E+01,1.92E+01,2.30E+01,1.25E-01,7.34E-01,-6.73E-02,-4.13E+01,-2.09E+02,6.00E+00,-1.94E+00,2.54E-01,-2.82E-03,4.830769231,0.301910828
-7.73E+01,1.92E+01,2.30E+01,1.25E-01,7.34E-01,-6.73E-02,-4.14E+01,-2.09E+02,5.99E+00,-1.94E+00,2.53E-01,-2.84E-03,4.81595092,0.301273885
-7.73E+01,1.92E+01,2.30E+01,1.25E-01,7.34E-01,-6.72E-02,-4.14E+01,-2.09E+02,5.98E+00,-1.94E+00,2.53E-01,-2.90E-03,4.81595092,0.301273885
-7.73E+01,1.92E+01,2.30E+01,1.25E-01,7.34E-01,-6.72E-02,-4.14E+01,-2.09E+02,5.96E+00,-1.94E+00,2.53E-01,-2.99E-03,4.81595092,0.301273885
-7.73E+01,1.92E+01,2.30E+01,1.25E-01,7.33E-01,-6.72E-02,-4.15E+01,-2.09E+02,5.93E+00,-1.94E+00,2.53E-01,-3.11E-03,4.801223242,0.300636943
-7.73E+01,1.92E+01,2.30E+01,1.25E-01,7.33E-01,-6.72E-02,-4.15E+01,-2.09E+02,5.89E+00,-1.94E+00,2.53E-01,-3.27E-03,4.801223242,0.300636943
-7.72E+01,1.92E+01,2.30E+01,1.24E-01,7.33E-01,-6.72E-02,-4.15E+01,-2.09E+02,5.85E+00,-1.94E+00,2.53E-01,-3.42E-03,4.801223242,0.300636943
-7.72E+01,1.92E+01,2.30E+01,1.24E-01,7.34E-01,-6.73E-02,-4.15E+01,-2.09E+02,5.82E+00,-1.94E+00,2.53E-01,-3.61E-03,4.801223242,0.3
-7.72E+01,1.92E+01,2.29E+01,1.24E-01,7.34E-01,-6.73E-02,-4.15E+01,-2.09E+02,5.78E+00,-1.94E+00,2.53E-01,-3.76E-03,4.801223242,0.3
-7.72E+01,1.91E+01,2.29E+01,1.24E-01,7.34E-01,-6.73E-02,-4.15E+01,-2.09E+02,5.74E+00,-1.94E+00,2.53E-01,-3.90E-03,4.81595092,0.3
-7.71E+01,1.91E+01,2.29E+01,1.24E-01,7.34E-01,-6.73E-02,-4.14E+01,-2.09E+02,5.70E+00,-1.94E+00,2.53E-01,-4.06E-03,4.81595092,0.3
-7.71E+01,1.91E+01,2.29E+01,1.25E-01,7.34E-01,-6.73E-02,-4.14E+01,-2.08E+02,5.67E+00,-1.94E+00,2.53E-01,-4.16E-03,4.81595092,0.3
-7.71E+01,1.91E+01,2.29E+01,1.25E-01,7.34E-01,-6.73E-02,-4.14E+01,-2.08E+02,5.65E+00,-1.94E+00,2.53E-01,-4.28E-03,4.81595092,0.3
-7.71E+01,1.90E+01,2.29E+01,1.25E-01,7.35E-01,-6.74E-02,-4.14E+01,-2.08E+02,5.62E+00,-1.94E+00,2.53E-01,-4.34E-03,4.81595092,0.3
-7.71E+01,1.90E+01,2.29E+01,1.25E-01,7.35E-01,-6.74E-02,-4.13E+01,-2.08E+02,5.59E+00,-1.94E+00,2.53E-01,-4.33E-03,4.830769231,0.3
-7.71E+01,1.90E+01,2.29E+01,1.25E-01,7.35E-01,-6.74E-02,-4.13E+01,-2.08E+02,5.58E+00,-1.94E+00,2.53E-01,-4.38E-03,4.830769231,0.3
-7.71E+01,1.90E+01,2.29E+01,1.25E-01,7.35E-01,-6.75E-02,-4.13E+01,-2.08E+02,5.58E+00,-1.94E+00,2.53E-01,-4.37E-03,4.830769231,0.3
-7.71E+01,1.90E+01,2.29E+01,1.25E-01,7.35E-01,-6.75E-02,-4.13E+01,-2.08E+02,5.61E+00,-1.94E+00,2.54E-01,-4.30E-03,4.830769231,0.3
-7.71E+01,1.90E+01,2.29E+01,1.25E-01,7.36E-01,-6.75E-02,-4.12E+01,-2.08E+02,5.65E+00,-1.94E+00,2.54E-01,-4.17E-03,4.830769231,0.3
-7.72E+01,1.90E+01,2.28E+01,1.25E-01,7.36E-01,-6.76E-02,-4.12E+01,-2.08E+02,5.71E+00,-1.94E+00,2.54E-01,-4.12E-03,4.830769231,0.300636943
-7.72E+01,1.90E+01,2.28E+01,1.25E-01,7.36E-01,-6.76E-02,-4.12E+01,-2.08E+02,5.77E+00,-1.94E+00,2.54E-01,-3.96E-03,4.845679012,0.300636943
-7.72E+01,1.90E+01,2.28E+01,1.26E-01,7.36E-01,-6.76E-02,-4.12E+01,-2.08E+02,5.85E+00,-1.94E+00,2.54E-01,-3.82E-03,4.845679012,0.300636943
-7.72E+01,1.90E+01,2.28E+01,1.26E-01,7.36E-01,-6.77E-02,-4.11E+01,-2.08E+02,5.92E+00,-1.94E+00,2.54E-01,-3.68E-03,4.845679012,0.300636943
-7.72E+01,1.91E+01,2.28E+01,1.26E-01,7.37E-01,-6.77E-02,-4.11E+01,-2.08E+02,5.98E+00,-1.94E+00,2.55E-01,-3.53E-03,4.845679012,0.300636943
-7.72E+01,1.91E+01,2.28E+01,1.26E-01,7.37E-01,-6.77E-02,-4.11E+01,-2.08E+02,6.02E+00,-1.94E+00,2.55E-01,-3.38E-03,4.814814815,0.302564103
-7.71E+01,1.91E+01,2.28E+01,1.26E-01,7.37E-01,-6.78E-02,-4.11E+01,-2.08E+02,6.05E+00,-1.94E+00,2.55E-01,-3.27E-03,4.814814815,0.302564103
-7.71E+01,1.91E+01,2.28E+01,1.26E-01,7.37E-01,-6.78E-02,-4.11E+01,-2.08E+02,6.08E+00,-1.94E+00,2.55E-01,-3.16E-03,4.829721362,0.301923077
-7.71E+01,1.91E+01,2.27E+01,1.26E-01,7.37E-01,-6.79E-02,-4.10E+01,-2.08E+02,6.09E+00,-1.94E+00,2.56E-01,-3.07E-03,4.829721362,0.301923077
-7.71E+01,1.91E+01,2.27E+01,1.26E-01,7.37E-01,-6.80E-02,-4.10E+01,-2.08E+02,6.07E+00,-1.94E+00,2.56E-01,-3.03E-03,4.829721362,0.301923077
-7.71E+01,1.91E+01,2.27E+01,1.26E-01,7.37E-01,-6.81E-02,-4.10E+01,-2.08E+02,6.03E+00,-1.94E+00,2.56E-01,-3.00E-03,4.829721362,0.301923077
-7.71E+01,1.91E+01,2.27E+01,1.26E-01,7.37E-01,-6.82E-02,-4.10E+01,-2.08E+02,5.95E+00,-1.94E+00,2.56E-01,-2.98E-03,4.829721362,0.301923077
-7.71E+01,1.91E+01,2.27E+01,1.26E-01,7.38E-01,-6.83E-02,-4.10E+01,-2.08E+02,5.87E+00,-1.94E+00,2.57E-01,-2.99E-03,4.829721362,0.301282051
-7.71E+01,1.90E+01,2.28E+01,1.26E-01,7.38E-01,-6.84E-02,-4.10E+01,-2.08E+02,5.79E+00,-1.94E+00,2.57E-01,-2.99E-03,4.829721362,0.301282051
-7.71E+01,1.90E+01,2.28E+01,1.26E-01,7.38E-01,-6.85E-02,-4.10E+01,-2.08E+02,5.70E+00,-1.94E+00,2.57E-01,-2.97E-03,4.829721362,0.301282051
-7.71E+01,1.90E+01,2.28E+01,1.26E-01,7.38E-01,-6.85E-02,-4.11E+01,-2.08E+02,5.62E+00,-1.94E+00,2.57E-01,-2.93E-03,4.814814815,0.301282051
-7.72E+01,1.90E+01,2.28E+01,1.26E-01,7.38E-01,-6.86E-02,-4.11E+01,-2.08E+02,5.53E+00,-1.94E+00,2.58E-01,-2.91E-03,4.814814815,0.301282051
-7.72E+01,1.90E+01,2.28E+01,1.26E-01,7.38E-01,-6.86E-02,-4.11E+01,-2.08E+02,5.45E+00,-1.94E+00,2.58E-01,-2.84E-03,4.814814815,0.301282051
-7.72E+01,1.89E+01,2.28E+01,1.26E-01,7.38E-01,-6.87E-02,-4.12E+01,-2.08E+02,5.39E+00,-1.94E+00,2.58E-01,-2.77E-03,4.814814815,0.301282051
-7.72E+01,1.89E+01,2.29E+01,1.26E-01,7.38E-01,-6.87E-02,-4.12E+01,-2.08E+02,5.35E+00,-1.94E+00,2.58E-01,-2.71E-03,4.814814815,0.301282051
-7.72E+01,1.89E+01,2.29E+01,1.26E-01,7.38E-01,-6.87E-02,-4.12E+01,-2.08E+02,5.33E+00,-1.94E+00,2.58E-01,-2.65E-03,4.830769231,0.3
-7.72E+01,1.89E+01,2.29E+01,1.26E-01,7.38E-01,-6.87E-02,-4.12E+01,-2.08E+02,5.33E+00,-1.94E+00,2.58E-01,-2.58E-03,4.830769231,0.3
-7.72E+01,1.89E+01,2.29E+01,1.27E-01,7.38E-01,-6.87E-02,-4.12E+01,-2.08E+02,5.36E+00,-1.94E+00,2.58E-01,-2.51E-03,4.830769231,0.3
-7.72E+01,1.90E+01,2.29E+01,1.27E-01,7.38E-01,-6.87E-02,-4.13E+01,-2.09E+02,5.41E+00,-1.94E+00,2.58E-01,-2.43E-03,4.830769231,0.3
-7.72E+01,1.90E+01,2.29E+01,1.27E-01,7.38E-01,-6.87E-02,-4.13E+01,-2.09E+02,5.50E+00,-1.94E+00,2.58E-01,-2.38E-03,4.830769231,0.3
-7.72E+01,1.90E+01,2.29E+01,1.27E-01,7.38E-01,-6.87E-02,-4.12E+01,-2.09E+02,5.60E+00,-1.94E+00,2.58E-01,-2.35E-03,4.830769231,0.3
-7.72E+01,1.90E+01,2.29E+01,1.27E-01,7.38E-01,-6.87E-02,-4.12E+01,-2.09E+02,5.72E+00,-1.94E+00,2.58E-01,-2.30E-03,4.830769231,0.3
-7.71E+01,1.91E+01,2.28E+01,1.27E-01,7.38E-01,-6.87E-02,-4.12E+01,-2.08E+02,5.83E+00,-1.94E+00,2.58E-01,-2.28E-03,4.845679012,0.3
-7.71E+01,1.91E+01,2.28E+01,1.27E-01,7.37E-01,-6.86E-02,-4.12E+01,-2.08E+02,5.94E+00,-1.94E+00,2.58E-01,-2.28E-03,4.845679012,0.3
-7.71E+01,1.92E+01,2.28E+01,1.27E-01,7.37E-01,-6.86E-02,-4.12E+01,-2.08E+02,6.04E+00,-1.94E+00,2.58E-01,-2.30E-03,4.845679012,0.3
-7.71E+01,1.92E+01,2.28E+01,1.27E-01,7.37E-01,-6.86E-02,-4.12E+01,-2.08E+02,6.14E+00,-1.94E+00,2.58E-01,-2.36E-03,4.845679012,0.3
-7.71E+01,1.92E+01,2.28E+01,1.27E-01,7.37E-01,-6.86E-02,-4.12E+01,-2.08E+02,6.22E+00,-1.94E+00,2.58E-01,-2.45E-03,4.845679012,0.3
-7.71E+01,1.93E+01,2.28E+01,1.27E-01,7.36E-01,-6.86E-02,-4.12E+01,-2.08E+02,6.27E+00,-1.94E+00,2.58E-01,-2.58E-03,4.845679012,0.3
-7.72E+01,1.93E+01,2.29E+01,1.27E-01,7.36E-01,-6.86E-02,-4.12E+01,-2.08E+02,6.30E+00,-1.94E+00,2.58E-01,-2.73E-03,4.830769231,0.300636943
-7.72E+01,1.93E+01,2.29E+01,1.27E-01,7.36E-01,-6.86E-02,-4.13E+01,-2.09E+02,6.30E+00,-1.94E+00,2.58E-01,-2.92E-03,4.830769231,0.300636943
-7.73E+01,1.93E+01,2.29E+01,1.27E-01,7.36E-01,-6.86E-02,-4.13E+01,-2.09E+02,6.27E+00,-1.94E+00,2.58E-01,-3.11E-03,4.830769231,0.300636943
-7.73E+01,1.93E+01,2.30E+01,1.27E-01,7.35E-01,-6.86E-02,-4.14E+01,-2.09E+02,6.21E+00,-1.94E+00,2.58E-01,-3.33E-03,4.81595092,0.300636943
-7.74E+01,1.93E+01,2.30E+01,1.27E-01,7.35E-01,-6.86E-02,-4.15E+01,-2.09E+02,6.13E+00,-1.94E+00,2.57E-01,-3.55E-03,4.801223242,0.300636943
-7.75E+01,1.93E+01,2.31E+01,1.26E-01,7.35E-01,-6.85E-02,-4.16E+01,-2.09E+02,6.03E+00,-1.94E+00,2.57E-01,-3.78E-03,4.801223242,0.300636943
-7.75E+01,1.93E+01,2.31E+01,1.26E-01,7.35E-01,-6.85E-02,-4.16E+01,-2.10E+02,5.91E+00,-1.94E+00,2.57E-01,-3.96E-03,4.817073171,0.298734177
-7.76E+01,1.93E+01,2.32E+01,1.26E-01,7.34E-01,-6.84E-02,-4.17E+01,-2.10E+02,5.80E+00,-1.94E+00,2.57E-01,-4.15E-03,4.802431611,0.299367089
-7.77E+01,1.93E+01,2.32E+01,1.26E-01,7.34E-01,-6.84E-02,-4.18E+01,-2.10E+02,5.70E+00,-1.94E+00,2.56E-01,-4.25E-03,4.802431611,0.299367089
-7.77E+01,1.93E+01,2.32E+01,1.26E-01,7.34E-01,-6.83E-02,-4.19E+01,-2.10E+02,5.61E+00,-1.94E+00,2.56E-01,-4.38E-03,4.787878788,0.299367089
-7.78E+01,1.93E+01,2.33E+01,1.26E-01,7.34E-01,-6.82E-02,-4.20E+01,-2.10E+02,5.53E+00,-1.94E+00,2.56E-01,-4.48E-03,4.787878788,0.299367089
-7.78E+01,1.93E+01,2.33E+01,1.26E-01,7.34E-01,-6.81E-02,-4.20E+01,-2.10E+02,5.48E+00,-1.94E+00,2.56E-01,-4.56E-03,4.787878788,0.299367089
-7.78E+01,1.93E+01,2.33E+01,1.26E-01,7.34E-01,-6.80E-02,-4.20E+01,-2.10E+02,5.44E+00,-1.94E+00,2.55E-01,-4.59E-03,4.773413897,0.299367089
-7.77E+01,1.93E+01,2.33E+01,1.26E-01,7.34E-01,-6.80E-02,-4.20E+01,-2.10E+02,5.43E+00,-1.94E+00,2.55E-01,-4.61E-03,4.773413897,0.299367089
-7.77E+01,1.93E+01,2.33E+01,1.26E-01,7.34E-01,-6.79E-02,-4.20E+01,-2.10E+02,5.45E+00,-1.94E+00,2.55E-01,-4.57E-03,4.773413897,0.299367089
-7.76E+01,1.93E+01,2.32E+01,1.26E-01,7.34E-01,-6.78E-02,-4.20E+01,-2.10E+02,5.50E+00,-1.94E+00,2.55E-01,-4.53E-03,4.787878788,0.299367089
-7.76E+01,1.93E+01,2.32E+01,1.26E-01,7.35E-01,-6.78E-02,-4.19E+01,-2.10E+02,5.57E+00,-1.94E+00,2.55E-01,-4.43E-03,4.787878788,0.299367089
-7.75E+01,1.93E+01,2.31E+01,1.26E-01,7.35E-01,-6.77E-02,-4.19E+01,-2.10E+02,5.64E+00,-1.94E+00,2.55E-01,-4.34E-03,4.787878788,0.299367089
-7.74E+01,1.94E+01,2.31E+01,1.26E-01,7.35E-01,-6.77E-02,-4.18E+01,-2.10E+02,5.72E+00,-1.94E+00,2.55E-01,-4.23E-03,4.772036474,0.301273885
-7.73E+01,1.93E+01,2.30E+01,1.26E-01,7.35E-01,-6.77E-02,-4.17E+01,-2.09E+02,5.80E+00,-1.94E+00,2.55E-01,-4.12E-03,4.786585366,0.300636943
-7.72E+01,1.93E+01,2.30E+01,1.26E-01,7.36E-01,-6.78E-02,-4.16E+01,-2.09E+02,5.86E+00,-1.94E+00,2.55E-01,-3.98E-03,4.786585366,0.300636943
-7.71E+01,1.93E+01,2.29E+01,1.26E-01,7.36E-01,-6.78E-02,-4.15E+01,-2.09E+02,5.91E+00,-1.94E+00,2.55E-01,-3.86E-03,4.801223242,0.300636943
-7.70E+01,1.93E+01,2.29E+01,1.26E-01,7.36E-01,-6.79E-02,-4.14E+01,-2.09E+02,5.95E+00,-1.94E+00,2.56E-01,-3.76E-03,4.81595092,0.300636943
-7.69E+01,1.93E+01,2.28E+01,1.26E-01,7.37E-01,-6.80E-02,-4.14E+01,-2.09E+02,5.97E+00,-1.94E+00,2.56E-01,-3.66E-03,4.81595092,0.300636943
-7.69E+01,1.93E+01,2.28E+01,1.26E-01,7.37E-01,-6.81E-02,-4.13E+01,-2.08E+02,5.97E+00,-1.94E+00,2.56E-01,-3.57E-03,4.830769231,0.300636943
-7.68E+01,1.92E+01,2.28E+01,1.27E-01,7.37E-01,-6.82E-02,-4.12E+01,-2.08E+02,5.96E+00,-1.94E+00,2.57E-01,-3.49E-03,4.8,0.301923077
-7.68E+01,1.92E+01,2.28E+01,1.27E-01,7.37E-01,-6.83E-02,-4.12E+01,-2.08E+02,5.93E+00,-1.94E+00,2.57E-01,-3.37E-03,4.814814815,0.301923077
-7.68E+01,1.91E+01,2.27E+01,1.27E-01,7.37E-01,-6.85E-02,-4.11E+01,-2.08E+02,5.88E+00,-1.94E+00,2.58E-01,-3.30E-03,4.814814815,0.301923077
-7.68E+01,1.91E+01,2.27E+01,1.27E-01,7.37E-01,-6.86E-02,-4.11E+01,-2.08E+02,5.83E+00,-1.94E+00,2.58E-01,-3.18E-03,4.814814815,0.301923077
-7.68E+01,1.91E+01,2.27E+01,1.27E-01,7.37E-01,-6.87E-02,-4.11E+01,-2.08E+02,5.77E+00,-1.94E+00,2.59E-01,-3.07E-03,4.814814815,0.301282051
-7.68E+01,1.91E+01,2.28E+01,1.28E-01,7.37E-01,-6.88E-02,-4.11E+01,-2.08E+02,5.71E+00,-1.94E+00,2.59E-01,-2.97E-03,4.814814815,0.301282051
-7.68E+01,1.90E+01,2.28E+01,1.28E-01,7.37E-01,-6.89E-02,-4.11E+01,-2.08E+02,5.65E+00,-1.94E+00,2.59E-01,-2.89E-03,4.814814815,0.301282051
-7.68E+01,1.90E+01,2.28E+01,1.28E-01,7.37E-01,-6.90E-02,-4.12E+01,-2.08E+02,5.60E+00,-1.94E+00,2.59E-01,-2.81E-03,4.814814815,0.300641026
-7.68E+01,1.90E+01,2.28E+01,1.28E-01,7.37E-01,-6.90E-02,-4.12E+01,-2.08E+02,5.56E+00,-1.94E+00,2.59E-01,-2.72E-03,4.814814815,0.300641026
-7.69E+01,1.90E+01,2.28E+01,1.28E-01,7.37E-01,-6.91E-02,-4.12E+01,-2.08E+02,5.53E+00,-1.94E+00,2.60E-01,-2.69E-03,4.814814815,0.300641026
-7.69E+01,1.90E+01,2.28E+01,1.28E-01,7.37E-01,-6.91E-02,-4.12E+01,-2.08E+02,5.51E+00,-1.94E+00,2.60E-01,-2.68E-03,4.814814815,0.300641026
-7.69E+01,1.90E+01,2.28E+01,1.28E-01,7.37E-01,-6.91E-02,-4.12E+01,-2.08E+02,5.51E+00,-1.94E+00,2.60E-01,-2.68E-03,4.814814815,0.300641026
-7.69E+01,1.90E+01,2.28E+01,1.28E-01,7.38E-01,-6.91E-02,-4.12E+01,-2.08E+02,5.53E+00,-1.94E+00,2.60E-01,-2.70E-03,4.814814815,0.300641026
-7.68E+01,1.90E+01,2.28E+01,1.28E-01,7.38E-01,-6.91E-02,-4.12E+01,-2.07E+02,5.55E+00,-1.94E+00,2.60E-01,-2.75E-03,4.814814815,0.300641026
-7.68E+01,1.90E+01,2.28E+01,1.28E-01,7.38E-01,-6.91E-02,-4.11E+01,-2.07E+02,5.58E+00,-1.94E+00,2.60E-01,-2.84E-03,4.814814815,0.300641026
-7.68E+01,1.90E+01,2.27E+01,1.28E-01,7.38E-01,-6.91E-02,-4.11E+01,-2.07E+02,5.60E+00,-1.94E+00,2.60E-01,-2.94E-03,4.814814815,0.300641026
-7.68E+01,1.90E+01,2.27E+01,1.28E-01,7.38E-01,-6.91E-02,-4.11E+01,-2.07E+02,5.63E+00,-1.94E+00,2.60E-01,-3.07E-03,4.814814815,0.300641026
-7.67E+01,1.90E+01,2.27E+01,1.28E-01,7.38E-01,-6.91E-02,-4.11E+01,-2.07E+02,5.67E+00,-1.94E+00,2.60E-01,-3.17E-03,4.814814815,0.300641026
-7.67E+01,1.90E+01,2.27E+01,1.28E-01,7.38E-01,-6.91E-02,-4.11E+01,-2.07E+02,5.71E+00,-1.94E+00,2.60E-01,-3.29E-03,4.829721362,0.300641026
-7.67E+01,1.90E+01,2.27E+01,1.28E-01,7.38E-01,-6.90E-02,-4.10E+01,-2.07E+02,5.74E+00,-1.94E+00,2.60E-01,-3.38E-03,4.829721362,0.300641026
-7.67E+01,1.90E+01,2.27E+01,1.28E-01,7.38E-01,-6.90E-02,-4.10E+01,-2.07E+02,5.76E+00,-1.94E+00,2.60E-01,-3.48E-03,4.829721362,0.300641026
-7.67E+01,1.90E+01,2.27E+01,1.28E-01,7.38E-01,-6.89E-02,-4.10E+01,-2.07E+02,5.78E+00,-1.94E+00,2.60E-01,-3.57E-03,4.829721362,0.300641026
-7.67E+01,1.90E+01,2.27E+01,1.28E-01,7.38E-01,-6.89E-02,-4.11E+01,-2.07E+02,5.80E+00,-1.94E+00,2.60E-01,-3.64E-03,4.814814815,0.300641026
-7.67E+01,1.91E+01,2.27E+01,1.28E-01,7.37E-01,-6.89E-02,-4.11E+01,-2.07E+02,5.82E+00,-1.94E+00,2.59E-01,-3.73E-03,4.814814815,0.300641026
-7.67E+01,1.91E+01,2.28E+01,1.27E-01,7.37E-01,-6.88E-02,-4.11E+01,-2.08E+02,5.83E+00,-1.94E+00,2.59E-01,-3.81E-03,4.814814815,0.300641026
-7.68E+01,1.91E+01,2.28E+01,1.27E-01,7.37E-01,-6.88E-02,-4.12E+01,-2.08E+02,5.85E+00,-1.94E+00,2.59E-01,-3.90E-03,4.814814815,0.300641026
-7.68E+01,1.91E+01,2.28E+01,1.27E-01,7.37E-01,-6.87E-02,-4.12E+01,-2.08E+02,5.86E+00,-1.94E+00,2.59E-01,-3.98E-03,4.8,0.300641026
-7.68E+01,1.91E+01,2.28E+01,1.27E-01,7.36E-01,-6.87E-02,-4.13E+01,-2.08E+02,5.87E+00,-1.94E+00,2.59E-01,-4.05E-03,4.8,0.300641026
-7.68E+01,1.91E+01,2.28E+01,1.27E-01,7.36E-01,-6.87E-02,-4.13E+01,-2.08E+02,5.86E+00,-1.94E+00,2.58E-01,-4.14E-03,4.8,0.300641026
-7.69E+01,1.92E+01,2.29E+01,1.27E-01,7.36E-01,-6.86E-02,-4.14E+01,-2.08E+02,5.84E+00,-1.94E+00,2.58E-01,-4.22E-03,4.785276074,0.300641026
-7.69E+01,1.92E+01,2.29E+01,1.27E-01,7.36E-01,-6.86E-02,-4.14E+01,-2.08E+02,5.82E+00,-1.94E+00,2.58E-01,-4.29E-03,4.785276074,0.300641026
-7.69E+01,1.92E+01,2.29E+01,1.26E-01,7.35E-01,-6.85E-02,-4.14E+01,-2.08E+02,5.79E+00,-1.94E+00,2.58E-01,-4.34E-03,4.785276074,0.300641026
-7.69E+01,1.91E+01,2.29E+01,1.26E-01,7.35E-01,-6.85E-02,-4.14E+01,-2.08E+02,5.76E+00,-1.94E+00,2.57E-01,-4.38E-03,4.785276074,0.300641026
-7.68E+01,1.91E+01,2.29E+01,1.26E-01,7.35E-01,-6.85E-02,-4.14E+01,-2.08E+02,5.72E+00,-1.94E+00,2.57E-01,-4.35E-03,4.785276074,0.300641026
-7.69E+01,1.91E+01,2.29E+01,1.26E-01,7.35E-01,-6.85E-02,-4.14E+01,-2.08E+02,5.69E+00,-1.94E+00,2.57E-01,-4.29E-03,4.785276074,0.300641026
-7.69E+01,1.91E+01,2.29E+01,1.26E-01,7.35E-01,-6.84E-02,-4.14E+01,-2.08E+02,5.65E+00,-1.94E+00,2.57E-01,-4.32E-03,4.785276074,0.300641026
-7.69E+01,1.91E+01,2.28E+01,1.26E-01,7.35E-01,-6.84E-02,-4.14E+01,-2.08E+02,5.61E+00,-1.94E+00,2.56E-01,-4.30E-03,4.785276074,0.300641026
-7.69E+01,1.91E+01,2.28E+01,1.26E-01,7.35E-01,-6.84E-02,-4.14E+01,-2.08E+02,5.58E+00,-1.94E+00,2.56E-01,-4.25E-03,4.785276074,0.301282051
-7.68E+01,1.90E+01,2.28E+01,1.26E-01,7.35E-01,-6.84E-02,-4.13E+01,-2.08E+02,5.55E+00,-1.94E+00,2.56E-01,-4.18E-03,4.8,0.301282051
-7.68E+01,1.90E+01,2.28E+01,1.26E-01,7.36E-01,-6.84E-02,-4.13E+01,-2.08E+02,5.51E+00,-1.94E+00,2.56E-01,-4.12E-03,4.8,0.301282051
-7.69E+01,1.90E+01,2.28E+01,1.26E-01,7.36E-01,-6.84E-02,-4.13E+01,-2.08E+02,5.48E+00,-1.94E+00,2.56E-01,-4.03E-03,4.8,0.301923077
-7.69E+01,1.89E+01,2.28E+01,1.26E-01,7.36E-01,-6.84E-02,-4.12E+01,-2.08E+02,5.45E+00,-1.94E+00,2.56E-01,-3.93E-03,4.8,0.301923077
-7.69E+01,1.89E+01,2.28E+01,1.26E-01,7.36E-01,-6.84E-02,-4.12E+01,-2.08E+02,5.45E+00,-1.94E+00,2.56E-01,-3.83E-03,4.814814815,0.302564103
-7.69E+01,1.89E+01,2.27E+01,1.26E-01,7.36E-01,-6.84E-02,-4.11E+01,-2.08E+02,5.47E+00,-1.94E+00,2.56E-01,-3.72E-03,4.814814815,0.302564103
-7.69E+01,1.89E+01,2.27E+01,1.26E-01,7.36E-01,-6.84E-02,-4.11E+01,-2.08E+02,5.51E+00,-1.94E+00,2.56E-01,-3.63E-03,4.845679012,0.301273885
-7.68E+01,1.89E+01,2.27E+01,1.26E-01,7.37E-01,-6.84E-02,-4.10E+01,-2.08E+02,5.56E+00,-1.94E+00,2.56E-01,-3.52E-03,4.860681115,0.301273885
-7.68E+01,1.89E+01,2.27E+01,1.26E-01,7.37E-01,-6.84E-02,-4.10E+01,-2.08E+02,5.64E+00,-1.94E+00,2.56E-01,-3.42E-03,4.860681115,0.301273885
-7.68E+01,1.89E+01,2.27E+01,1.26E-01,7.37E-01,-6.84E-02,-4.10E+01,-2.08E+02,5.73E+00,-1.94E+00,2.56E-01,-3.31E-03,4.860681115,0.301910828
-7.68E+01,1.89E+01,2.27E+01,1.26E-01,7.37E-01,-6.84E-02,-4.09E+01,-2.08E+02,5.83E+00,-1.94E+00,2.56E-01,-3.24E-03,4.875776398,0.301910828
-7.68E+01,1.89E+01,2.26E+01,1.26E-01,7.37E-01,-6.84E-02,-4.09E+01,-2.08E+02,5.93E+00,-1.94E+00,2.56E-01,-3.19E-03,4.875776398,0.301910828
-7.68E+01,1.89E+01,2.26E+01,1.26E-01,7.37E-01,-6.84E-02,-4.08E+01,-2.08E+02,6.02E+00,-1.94E+00,2.56E-01,-3.18E-03,4.875776398,0.301910828
-7.68E+01,1.90E+01,2.26E+01,1.26E-01,7.37E-01,-6.84E-02,-4.08E+01,-2.08E+02,6.09E+00,-1.94E+00,2.56E-01,-3.17E-03,4.890965732,0.301910828
-7.69E+01,1.90E+01,2.26E+01,1.26E-01,7.37E-01,-6.83E-02,-4.08E+01,-2.08E+02,6.15E+00,-1.94E+00,2.57E-01,-3.21E-03,4.890965732,0.301910828
-7.69E+01,1.90E+01,2.26E+01,1.26E-01,7.37E-01,-6.83E-02,-4.07E+01,-2.08E+02,6.20E+00,-1.94E+00,2.57E-01,-3.25E-03,4.890965732,0.302547771
-7.69E+01,1.90E+01,2.26E+01,1.26E-01,7.38E-01,-6.83E-02,-4.07E+01,-2.09E+02,6.23E+00,-1.94E+00,2.57E-01,-3.34E-03,4.890965732,0.302547771
-7.69E+01,1.90E+01,2.26E+01,1.26E-01,7.38E-01,-6.83E-02,-4.07E+01,-2.09E+02,6.24E+00,-1.94E+00,2.57E-01,-3.41E-03,4.890965732,0.302547771
-7.70E+01,1.90E+01,2.26E+01,1.26E-01,7.38E-01,-6.84E-02,-4.07E+01,-2.09E+02,6.22E+00,-1.94E+00,2.57E-01,-3.53E-03,4.890965732,0.302547771
-7.71E+01,1.90E+01,2.27E+01,1.26E-01,7.38E-01,-6.84E-02,-4.08E+01,-2.09E+02,6.17E+00,-1.94E+00,2.57E-01,-3.61E-03,4.890965732,0.303184713
-7.71E+01,1.90E+01,2.27E+01,1.26E-01,7.38E-01,-6.84E-02,-4.08E+01,-2.09E+02,6.09E+00,-1.94E+00,2.57E-01,-3.66E-03,4.875776398,0.303184713
-7.72E+01,1.90E+01,2.27E+01,1.26E-01,7.37E-01,-6.84E-02,-4.09E+01,-2.09E+02,6.00E+00,-1.94E+00,2.57E-01,-3.70E-03,4.875776398,0.303184713
-7.73E+01,1.90E+01,2.28E+01,1.26E-01,7.37E-01,-6.84E-02,-4.09E+01,-2.09E+02,5.91E+00,-1.94E+00,2.57E-01,-3.80E-03,4.860681115,0.303184713
-7.73E+01,1.90E+01,2.28E+01,1.26E-01,7.37E-01,-6.83E-02,-4.10E+01,-2.10E+02,5.81E+00,-1.94E+00,2.57E-01,-3.87E-03,4.891640867,0.301265823
-7.74E+01,1.90E+01,2.29E+01,1.26E-01,7.37E-01,-6.83E-02,-4.11E+01,-2.10E+02,5.71E+00,-1.94E+00,2.57E-01,-3.97E-03,4.87654321,0.301898734
-7.75E+01,1.90E+01,2.29E+01,1.26E-01,7.37E-01,-6.83E-02,-4.12E+01,-2.10E+02,5.62E+00,-1.94E+00,2.57E-01,-4.05E-03,4.87654321,0.301898734
-7.76E+01,1.90E+01,2.29E+01,1.26E-01,7.37E-01,-6.83E-02,-4.12E+01,-2.10E+02,5.53E+00,-1.94E+00,2.57E-01,-4.12E-03,4.861538462,0.301898734
-7.76E+01,1.90E+01,2.30E+01,1.26E-01,7.37E-01,-6.82E-02,-4.13E+01,-2.10E+02,5.46E+00,-1.94E+00,2.57E-01,-4.19E-03,4.861538462,0.301898734
-7.77E+01,1.90E+01,2.30E+01,1.26E-01,7.37E-01,-6.82E-02,-4.14E+01,-2.10E+02,5.41E+00,-1.94E+00,2.57E-01,-4.23E-03,4.846625767,0.301265823
-7.77E+01,1.90E+01,2.30E+01,1.26E-01,7.37E-01,-6.81E-02,-4.14E+01,-2.10E+02,5.38E+00,-1.94E+00,2.57E-01,-4.30E-03,4.846625767,0.301265823
-7.77E+01,1.91E+01,2.31E+01,1.26E-01,7.37E-01,-6.81E-02,-4.15E+01,-2.10E+02,5.38E+00,-1.94E+00,2.56E-01,-4.31E-03,4.831804281,0.301265823
-7.77E+01,1.91E+01,2.31E+01,1.26E-01,7.37E-01,-6.80E-02,-4.15E+01,-2.10E+02,5.41E+00,-1.94E+00,2.56E-01,-4.28E-03,4.831804281,0.301265823
-7.77E+01,1.91E+01,2.31E+01,1.26E-01,7.37E-01,-6.79E-02,-4.15E+01,-2.11E+02,5.47E+00,-1.94E+00,2.56E-01,-4.22E-03,4.831804281,0.301265823
-7.77E+01,1.92E+01,2.31E+01,1.26E-01,7.37E-01,-6.79E-02,-4.16E+01,-2.11E+02,5.55E+00,-1.94E+00,2.56E-01,-4.15E-03,4.831804281,0.301265823
-7.77E+01,1.92E+01,2.31E+01,1.26E-01,7.37E-01,-6.78E-02,-4.16E+01,-2.11E+02,5.65E+00,-1.94E+00,2.56E-01,-4.03E-03,4.831804281,0.301265823
-7.77E+01,1.92E+01,2.31E+01,1.26E-01,7.37E-01,-6.78E-02,-4.16E+01,-2.10E+02,5.74E+00,-1.94E+00,2.55E-01,-3.87E-03,4.831804281,0.301265823
-7.77E+01,1.93E+01,2.30E+01,1.26E-01,7.37E-01,-6.77E-02,-4.15E+01,-2.10E+02,5.83E+00,-1.94E+00,2.55E-01,-3.73E-03,4.831804281,0.301265823
-7.76E+01,1.93E+01,2.30E+01,1.26E-01,7.37E-01,-6.77E-02,-4.15E+01,-2.10E+02,5.92E+00,-1.94E+00,2.55E-01,-3.61E-03,4.831804281,0.301265823
-7.76E+01,1.93E+01,2.30E+01,1.26E-01,7.37E-01,-6.77E-02,-4.15E+01,-2.10E+02,6.00E+00,-1.94E+00,2.55E-01,-3.47E-03,4.831804281,0.301265823
-7.76E+01,1.93E+01,2.30E+01,1.26E-01,7.37E-01,-6.77E-02,-4.15E+01,-2.10E+02,6.07E+00,-1.94E+00,2.55E-01,-3.31E-03,4.831804281,0.301898734
-7.76E+01,1.93E+01,2.30E+01,1.26E-01,7.37E-01,-6.77E-02,-4.15E+01,-2.10E+02,6.11E+00,-1.94E+00,2.55E-01,-3.18E-03,4.846625767,0.301898734
-7.76E+01,1.93E+01,2.30E+01,1.26E-01,7.36E-01,-6.78E-02,-4.14E+01,-2.10E+02,6.13E+00,-1.94E+00,2.55E-01,-3.06E-03,4.846625767,0.301898734
-7.76E+01,1.93E+01,2.30E+01,1.26E-01,7.36E-01,-6.78E-02,-4.14E+01,-2.10E+02,6.13E+00,-1.94E+00,2.55E-01,-2.97E-03,4.846625767,0.301898734
-7.76E+01,1.93E+01,2.30E+01,1.26E-01,7.36E-01,-6.79E-02,-4.14E+01,-2.10E+02,6.10E+00,-1.94E+00,2.55E-01,-2.89E-03,4.846625767,0.301898734
-7.76E+01,1.92E+01,2.30E+01,1.26E-01,7.36E-01,-6.79E-02,-4.14E+01,-2.10E+02,6.06E+00,-1.94E+00,2.55E-01,-2.83E-03,4.846625767,0.301898734
-7.76E+01,1.92E+01,2.30E+01,1.26E-01,7.36E-01,-6.80E-02,-4.14E+01,-2.10E+02,5.99E+00,-1.94E+00,2.55E-01,-2.84E-03,4.846625767,0.301898734
-7.77E+01,1.92E+01,2.30E+01,1.26E-01,7.36E-01,-6.81E-02,-4.14E+01,-2.10E+02,5.90E+00,-1.94E+00,2.55E-01,-2.80E-03,4.846625767,0.301898734
-7.77E+01,1.91E+01,2.30E+01,1.26E-01,7.36E-01,-6.82E-02,-4.14E+01,-2.10E+02,5.81E+00,-1.94E+00,2.56E-01,-2.79E-03,4.846625767,0.301898734
-7.77E+01,1.91E+01,2.30E+01,1.26E-01,7.36E-01,-6.82E-02,-4.14E+01,-2.10E+02,5.71E+00,-1.94E+00,2.56E-01,-2.79E-03,4.846625767,0.301898734
-7.77E+01,1.91E+01,2.30E+01,1.26E-01,7.36E-01,-6.83E-02,-4.14E+01,-2.10E+02,5.64E+00,-1.94E+00,2.56E-01,-2.80E-03,4.846625767,0.301265823
-7.77E+01,1.90E+01,2.30E+01,1.26E-01,7.36E-01,-6.83E-02,-4.14E+01,-2.10E+02,5.58E+00,-1.94E+00,2.56E-01,-2.82E-03,4.846625767,0.301265823
-7.76E+01,1.90E+01,2.30E+01,1.27E-01,7.36E-01,-6.84E-02,-4.14E+01,-2.10E+02,5.54E+00,-1.94E+00,2.56E-01,-2.84E-03,4.846625767,0.300632911
-7.76E+01,1.90E+01,2.30E+01,1.27E-01,7.36E-01,-6.84E-02,-4.14E+01,-2.10E+02,5.52E+00,-1.94E+00,2.56E-01,-2.87E-03,4.846625767,0.300632911
-7.76E+01,1.90E+01,2.29E+01,1.27E-01,7.36E-01,-6.84E-02,-4.14E+01,-2.10E+02,5.51E+00,-1.94E+00,2.57E-01,-2.89E-03,4.81595092,0.302547771
-7.75E+01,1.90E+01,2.29E+01,1.27E-01,7.36E-01,-6.84E-02,-4.14E+01,-2.09E+02,5.52E+00,-1.94E+00,2.57E-01,-2.95E-03,4.81595092,0.301910828
-7.75E+01,1.90E+01,2.29E+01,1.27E-01,7.36E-01,-6.84E-02,-4.14E+01,-2.09E+02,5.55E+00,-1.94E+00,2.57E-01,-2.98E-03,4.81595092,0.301910828
-7.74E+01,1.90E+01,2.29E+01,1.27E-01,7.37E-01,-6.84E-02,-4.13E+01,-2.09E+02,5.61E+00,-1.94E+00,2.57E-01,-3.02E-03,4.81595092,0.301273885
-7.74E+01,1.91E+01,2.29E+01,1.27E-01,7.37E-01,-6.84E-02,-4.13E+01,-2.09E+02,5.69E+00,-1.94E+00,2.57E-01,-3.06E-03,4.830769231,0.301273885
-7.73E+01,1.91E+01,2.28E+01,1.27E-01,7.37E-01,-6.84E-02,-4.13E+01,-2.09E+02,5.77E+00,-1.94E+00,2.57E-01,-3.08E-03,4.830769231,0.300636943
-7.72E+01,1.91E+01,2.28E+01,1.27E-01,7.37E-01,-6.84E-02,-4.12E+01,-2.09E+02,5.84E+00,-1.94E+00,2.57E-01,-3.10E-03,4.830769231,0.300636943
-7.72E+01,1.91E+01,2.28E+01,1.27E-01,7.37E-01,-6.84E-02,-4.12E+01,-2.08E+02,5.90E+00,-1.94E+00,2.57E-01,-3.08E-03,4.830769231,0.300636943
-7.71E+01,1.91E+01,2.28E+01,1.27E-01,7.37E-01,-6.84E-02,-4.12E+01,-2.08E+02,5.95E+00,-1.94E+00,2.57E-01,-3.00E-03,4.814814815,0.302564103
-7.71E+01,1.91E+01,2.28E+01,1.27E-01,7.37E-01,-6.84E-02,-4.12E+01,-2.08E+02,5.98E+00,-1.94E+00,2.57E-01,-2.99E-03,4.814814815,0.301923077
-7.70E+01,1.91E+01,2.27E+01,1.27E-01,7.37E-01,-6.85E-02,-4.12E+01,-2.08E+02,6.00E+00,-1.94E+00,2.58E-01,-2.96E-03,4.814814815,0.301923077
-7.70E+01,1.91E+01,2.27E+01,1.27E-01,7.37E-01,-6.85E-02,-4.11E+01,-2.08E+02,6.00E+00,-1.94E+00,2.58E-01,-2.94E-03,4.814814815,0.301923077
-7.70E+01,1.91E+01,2.27E+01,1.27E-01,7.37E-01,-6.86E-02,-4.11E+01,-2.08E+02,5.99E+00,-1.94E+00,2.58E-01,-2.91E-03,4.814814815,0.301923077
-7.69E+01,1.91E+01,2.27E+01,1.27E-01,7.37E-01,-6.86E-02,-4.11E+01,-2.08E+02,5.96E+00,-1.94E+00,2.58E-01,-2.91E-03,4.814814815,0.301923077
-7.69E+01,1.91E+01,2.27E+01,1.27E-01,7.37E-01,-6.87E-02,-4.12E+01,-2.08E+02,5.92E+00,-1.94E+00,2.58E-01,-2.91E-03,4.814814815,0.301923077
-7.69E+01,1.91E+01,2.27E+01,1.27E-01,7.37E-01,-6.88E-02,-4.12E+01,-2.08E+02,5.86E+00,-1.94E+00,2.59E-01,-2.99E-03,4.814814815,0.301923077
-7.70E+01,1.91E+01,2.28E+01,1.27E-01,7.37E-01,-6.89E-02,-4.12E+01,-2.08E+02,5.80E+00,-1.94E+00,2.59E-01,-3.02E-03,4.8,0.301282051
-7.70E+01,1.91E+01,2.28E+01,1.27E-01,7.37E-01,-6.90E-02,-4.13E+01,-2.08E+02,5.72E+00,-1.94E+00,2.59E-01,-3.09E-03,4.8,0.301282051
-7.70E+01,1.90E+01,2.28E+01,1.27E-01,7.37E-01,-6.91E-02,-4.13E+01,-2.08E+02,5.65E+00,-1.94E+00,2.59E-01,-3.12E-03,4.8,0.301282051
-7.70E+01,1.90E+01,2.28E+01,1.27E-01,7.37E-01,-6.91E-02,-4.13E+01,-2.08E+02,5.57E+00,-1.94E+00,2.59E-01,-3.14E-03,4.8,0.301282051
-7.70E+01,1.90E+01,2.28E+01,1.27E-01,7.37E-01,-6.92E-02,-4.13E+01,-2.08E+02,5.51E+00,-1.94E+00,2.59E-01,-3.15E-03,4.8,0.301282051
-7.70E+01,1.90E+01,2.28E+01,1.27E-01,7.37E-01,-6.93E-02,-4.13E+01,-2.08E+02,5.46E+00,-1.94E+00,2.59E-01,-3.12E-03,4.785276074,0.301282051
-7.71E+01,1.90E+01,2.28E+01,1.27E-01,7.37E-01,-6.93E-02,-4.13E+01,-2.08E+02,5.43E+00,-1.94E+00,2.59E-01,-3.11E-03,4.785276074,0.300641026
-7.71E+01,1.90E+01,2.28E+01,1.27E-01,7.37E-01,-6.93E-02,-4.13E+01,-2.08E+02,5.42E+00,-1.94E+00,2.59E-01,-3.05E-03,4.785276074,0.300641026
-7.70E+01,1.90E+01,2.28E+01,1.27E-01,7.37E-01,-6.94E-02,-4.13E+01,-2.08E+02,5.42E+00,-1.94E+00,2.60E-01,-3.01E-03,4.785276074,0.300641026
-7.70E+01,1.90E+01,2.28E+01,1.28E-01,7.38E-01,-6.94E-02,-4.13E+01,-2.08E+02,5.43E+00,-1.94E+00,2.60E-01,-2.94E-03,4.8,0.300641026
-7.70E+01,1.90E+01,2.28E+01,1.28E-01,7.38E-01,-6.94E-02,-4.13E+01,-2.08E+02,5.44E+00,-1.94E+00,2.60E-01,-2.89E-03,4.8,0.300641026
-7.70E+01,1.90E+01,2.28E+01,1.28E-01,7.38E-01,-6.94E-02,-4.13E+01,-2.08E+02,5.47E+00,-1.94E+00,2.60E-01,-2.80E-03,4.8,0.300641026
-7.70E+01,1.90E+01,2.28E+01,1.28E-01,7.38E-01,-6.94E-02,-4.13E+01,-2.08E+02,5.50E+00,-1.94E+00,2.60E-01,-2.70E-03,4.8,0.300641026
-7.70E+01,1.90E+01,2.28E+01,1.28E-01,7.38E-01,-6.94E-02,-4.12E+01,-2.08E+02,5.54E+00,-1.94E+00,2.60E-01,-2.61E-03,4.8,0.300641026
-7.70E+01,1.90E+01,2.28E+01,1.28E-01,7.38E-01,-6.94E-02,-4.12E+01,-2.08E+02,5.58E+00,-1.94E+00,2.60E-01,-2.50E-03,4.8,0.300641026
-7.70E+01,1.90E+01,2.28E+01,1.28E-01,7.38E-01,-6.93E-02,-4.12E+01,-2.08E+02,5.63E+00,-1.94E+00,2.60E-01,-2.39E-03,4.8,0.301282051
-7.70E+01,1.90E+01,2.28E+01,1.28E-01,7.38E-01,-6.93E-02,-4.12E+01,-2.08E+02,5.67E+00,-1.94E+00,2.59E-01,-2.28E-03,4.8,0.301282051
-7.70E+01,1.90E+01,2.28E+01,1.28E-01,7.38E-01,-6.92E-02,-4.12E+01,-2.08E+02,5.71E+00,-1.94E+00,2.59E-01,-2.20E-03,4.8,0.301282051
-7.70E+01,1.91E+01,2.28E+01,1.28E-01,7.38E-01,-6.92E-02,-4.12E+01,-2.08E+02,5.75E+00,-1.94E+00,2.59E-01,-2.13E-03,4.814814815,0.301282051
-7.70E+01,1.91E+01,2.28E+01,1.27E-01,7.38E-01,-6.91E-02,-4.12E+01,-2.08E+02,5.80E+00,-1.94E+00,2.59E-01,-2.09E-03,4.8,0.301282051
-7.70E+01,1.91E+01,2.28E+01,1.27E-01,7.38E-01,-6.91E-02,-4.12E+01,-2.08E+02,5.83E+00,-1.94E+00,2.59E-01,-2.07E-03,4.8,0.301282051
-7.70E+01,1.91E+01,2.28E+01,1.27E-01,7.38E-01,-6.91E-02,-4.12E+01,-2.08E+02,5.86E+00,-1.94E+00,2.59E-01,-2.08E-03,4.8,0.301923077
-7.70E+01,1.91E+01,2.28E+01,1.27E-01,7.38E-01,-6.90E-02,-4.12E+01,-2.08E+02,5.89E+00,-1.94E+00,2.59E-01,-2.13E-03,4.8,0.301923077
-7.71E+01,1.91E+01,2.28E+01,1.27E-01,7.38E-01,-6.90E-02,-4.13E+01,-2.08E+02,5.92E+00,-1.94E+00,2.59E-01,-2.20E-03,4.8,0.301923077
-7.71E+01,1.91E+01,2.28E+01,1.27E-01,7.38E-01,-6.90E-02,-4.13E+01,-2.08E+02,5.94E+00,-1.94E+00,2.59E-01,-2.27E-03,4.830769231,0.3
-7.71E+01,1.92E+01,2.28E+01,1.27E-01,7.38E-01,-6.89E-02,-4.13E+01,-2.08E+02,5.96E+00,-1.94E+00,2.59E-01,-2.35E-03,4.830769231,0.3
-7.71E+01,1.92E+01,2.29E+01,1.27E-01,7.38E-01,-6.89E-02,-4.13E+01,-2.08E+02,5.97E+00,-1.94E+00,2.59E-01,-2.46E-03,4.830769231,0.300636943
-7.71E+01,1.91E+01,2.29E+01,1.27E-01,7.38E-01,-6.89E-02,-4.13E+01,-2.09E+02,5.96E+00,-1.94E+00,2.59E-01,-2.65E-03,4.830769231,0.300636943
-7.72E+01,1.91E+01,2.29E+01,1.27E-01,7.38E-01,-6.89E-02,-4.13E+01,-2.09E+02,5.94E+00,-1.94E+00,2.58E-01,-2.85E-03,4.830769231,0.300636943
-7.72E+01,1.91E+01,2.29E+01,1.27E-01,7.38E-01,-6.88E-02,-4.13E+01,-2.09E+02,5.92E+00,-1.94E+00,2.58E-01,-3.05E-03,4.830769231,0.300636943
-7.72E+01,1.91E+01,2.29E+01,1.27E-01,7.38E-01,-6.88E-02,-4.13E+01,-2.09E+02,5.88E+00,-1.94E+00,2.58E-01,-3.23E-03,4.830769231,0.300636943
-7.72E+01,1.91E+01,2.29E+01,1.27E-01,7.38E-01,-6.88E-02,-4.13E+01,-2.09E+02,5.83E+00,-1.94E+00,2.58E-01,-3.42E-03,4.830769231,0.300636943
-7.73E+01,1.91E+01,2.29E+01,1.27E-01,7.38E-01,-6.88E-02,-4.13E+01,-2.09E+02,5.78E+00,-1.94E+00,2.58E-01,-3.60E-03,4.830769231,0.301273885
-7.73E+01,1.91E+01,2.29E+01,1.26E-01,7.38E-01,-6.87E-02,-4.13E+01,-2.09E+02,5.72E+00,-1.94E+00,2.58E-01,-3.79E-03,4.81595092,0.301273885
-7.73E+01,1.91E+01,2.29E+01,1.26E-01,7.38E-01,-6.87E-02,-4.13E+01,-2.09E+02,5.67E+00,-1.94E+00,2.57E-01,-3.95E-03,4.81595092,0.301273885
-7.73E+01,1.90E+01,2.29E+01,1.26E-01,7.37E-01,-6.87E-02,-4.14E+01,-2.09E+02,5.60E+00,-1.94E+00,2.57E-01,-4.10E-03,4.81595092,0.301910828
-7.74E+01,1.90E+01,2.29E+01,1.26E-01,7.37E-01,-6.87E-02,-4.14E+01,-2.09E+02,5.54E+00,-1.94E+00,2.57E-01,-4.23E-03,4.81595092,0.301910828
-7.74E+01,1.90E+01,2.29E+01,1.26E-01,7.37E-01,-6.86E-02,-4.14E+01,-2.09E+02,5.48E+00,-1.94E+00,2.57E-01,-4.34E-03,4.81595092,0.301910828
-7.74E+01,1.90E+01,2.29E+01,1.26E-01,7.37E-01,-6.86E-02,-4.14E+01,-2.09E+02,5.42E+00,-1.94E+00,2.57E-01,-4.39E-03,4.81595092,0.301910828
-7.74E+01,1.90E+01,2.29E+01,1.26E-01,7.37E-01,-6.86E-02,-4.14E+01,-2.10E+02,5.38E+00,-1.94E+00,2.56E-01,-4.46E-03,4.81595092,0.301910828
-7.74E+01,1.90E+01,2.29E+01,1.26E-01,7.37E-01,-6.85E-02,-4.14E+01,-2.10E+02,5.36E+00,-1.94E+00,2.56E-01,-4.52E-03,4.81595092,0.301910828
-7.75E+01,1.90E+01,2.29E+01,1.26E-01,7.37E-01,-6.85E-02,-4.14E+01,-2.10E+02,5.36E+00,-1.94E+00,2.56E-01,-4.49E-03,4.81595092,0.301910828
-7.75E+01,1.90E+01,2.29E+01,1.26E-01,7.37E-01,-6.85E-02,-4.14E+01,-2.10E+02,5.40E+00,-1.94E+00,2.56E-01,-4.43E-03,4.81595092,0.301910828
-7.75E+01,1.90E+01,2.29E+01,1.26E-01,7.37E-01,-6.84E-02,-4.14E+01,-2.10E+02,5.46E+00,-1.94E+00,2.56E-01,-4.38E-03,4.81595092,0.301910828
-7.75E+01,1.90E+01,2.29E+01,1.26E-01,7.37E-01,-6.84E-02,-4.14E+01,-2.09E+02,5.54E+00,-1.94E+00,2.56E-01,-4.29E-03,4.81595092,0.301910828
-7.75E+01,1.90E+01,2.29E+01,1.26E-01,7.37E-01,-6.84E-02,-4.13E+01,-2.09E+02,5.62E+00,-1.94E+00,2.56E-01,-4.19E-03,4.81595092,0.301910828
-7.75E+01,1.91E+01,2.29E+01,1.26E-01,7.37E-01,-6.84E-02,-4.13E+01,-2.09E+02,5.71E+00,-1.94E+00,2.56E-01,-4.14E-03,4.830769231,0.301910828
-7.75E+01,1.91E+01,2.29E+01,1.26E-01,7.37E-01,-6.84E-02,-4.13E+01,-2.09E+02,5.80E+00,-1.94E+00,2.56E-01,-4.08E-03,4.830769231,0.301910828
-7.75E+01,1.91E+01,2.29E+01,1.26E-01,7.37E-01,-6.84E-02,-4.13E+01,-2.09E+02,5.88E+00,-1.94E+00,2.56E-01,-4.02E-03,4.830769231,0.301910828
-7.75E+01,1.92E+01,2.29E+01,1.26E-01,7.37E-01,-6.84E-02,-4.13E+01,-2.09E+02,5.97E+00,-1.94E+00,2.56E-01,-3.98E-03,4.830769231,0.301910828
-7.76E+01,1.92E+01,2.29E+01,1.26E-01,7.37E-01,-6.84E-02,-4.13E+01,-2.09E+02,6.04E+00,-1.94E+00,2.56E-01,-3.96E-03,4.830769231,0.301273885
-7.76E+01,1.92E+01,2.29E+01,1.26E-01,7.37E-01,-6.84E-02,-4.12E+01,-2.09E+02,6.09E+00,-1.94E+00,2.56E-01,-3.96E-03,4.830769231,0.301273885
-7.76E+01,1.92E+01,2.29E+01,1.26E-01,7.37E-01,-6.84E-02,-4.12E+01,-2.09E+02,6.12E+00,-1.94E+00,2.56E-01,-3.97E-03,4.830769231,0.301273885
-7.76E+01,1.92E+01,2.29E+01,1.26E-01,7.37E-01,-6.85E-02,-4.12E+01,-2.09E+02,6.11E+00,-1.94E+00,2.56E-01,-3.99E-03,4.830769231,0.301273885
-7.76E+01,1.92E+01,2.29E+01,1.26E-01,7.37E-01,-6.85E-02,-4.12E+01,-2.09E+02,6.09E+00,-1.94E+00,2.56E-01,-4.04E-03,4.830769231,0.301273885
-7.76E+01,1.92E+01,2.29E+01,1.26E-01,7.37E-01,-6.85E-02,-4.12E+01,-2.09E+02,6.04E+00,-1.94E+00,2.56E-01,-4.11E-03,4.830769231,0.301273885
-7.76E+01,1.92E+01,2.29E+01,1.26E-01,7.37E-01,-6.85E-02,-4.13E+01,-2.09E+02,5.97E+00,-1.94E+00,2.56E-01,-4.15E-03,4.830769231,0.301273885
-7.77E+01,1.92E+01,2.29E+01,1.26E-01,7.37E-01,-6.85E-02,-4.13E+01,-2.09E+02,5.89E+00,-1.94E+00,2.57E-01,-4.25E-03,4.830769231,0.301273885
-7.77E+01,1.91E+01,2.29E+01,1.26E-01,7.37E-01,-6.86E-02,-4.13E+01,-2.09E+02,5.80E+00,-1.94E+00,2.57E-01,-4.34E-03,4.830769231,0.301273885
-7.77E+01,1.91E+01,2.29E+01,1.26E-01,7.37E-01,-6.86E-02,-4.13E+01,-2.09E+02,5.70E+00,-1.94E+00,2.57E-01,-4.43E-03,4.830769231,0.301273885
-7.76E+01,1.91E+01,2.30E+01,1.26E-01,7.37E-01,-6.85E-02,-4.14E+01,-2.09E+02,5.59E+00,-1.94E+00,2.56E-01,-4.54E-03,4.81595092,0.301273885
-7.76E+01,1.91E+01,2.30E+01,1.26E-01,7.37E-01,-6.85E-02,-4.14E+01,-2.09E+02,5.50E+00,-1.94E+00,2.56E-01,-4.64E-03,4.81595092,0.300636943
-7.76E+01,1.90E+01,2.30E+01,1.26E-01,7.37E-01,-6.85E-02,-4.14E+01,-2.09E+02,5.44E+00,-1.94E+00,2.56E-01,-4.73E-03,4.81595092,0.300636943
-7.76E+01,1.90E+01,2.30E+01,1.26E-01,7.37E-01,-6.85E-02,-4.14E+01,-2.09E+02,5.40E+00,-1.94E+00,2.56E-01,-4.82E-03,4.81595092,0.300636943
-7.76E+01,1.90E+01,2.30E+01,1.26E-01,7.37E-01,-6.84E-02,-4.14E+01,-2.09E+02,5.38E+00,-1.94E+00,2.56E-01,-4.88E-03,4.81595092,0.300636943
-7.75E+01,1.90E+01,2.30E+01,1.26E-01,7.37E-01,-6.84E-02,-4.14E+01,-2.09E+02,5.39E+00,-1.94E+00,2.56E-01,-4.93E-03,4.81595092,0.300636943
-7.75E+01,1.91E+01,2.30E+01,1.26E-01,7.37E-01,-6.84E-02,-4.15E+01,-2.09E+02,5.44E+00,-1.94E+00,2.56E-01,-4.95E-03,4.81595092,0.300636943
-7.75E+01,1.91E+01,2.30E+01,1.26E-01,7.37E-01,-6.83E-02,-4.14E+01,-2.09E+02,5.52E+00,-1.94E+00,2.56E-01,-4.98E-03,4.81595092,0.300636943
-7.74E+01,1.91E+01,2.30E+01,1.26E-01,7.37E-01,-6.83E-02,-4.14E+01,-2.09E+02,5.62E+00,-1.94E+00,2.56E-01,-4.99E-03,4.81595092,0.300636943
-7.74E+01,1.92E+01,2.29E+01,1.26E-01,7.37E-01,-6.82E-02,-4.14E+01,-2.09E+02,5.74E+00,-1.94E+00,2.56E-01,-5.01E-03,4.81595092,0.300636943
-7.74E+01,1.92E+01,2.29E+01,1.26E-01,7.37E-01,-6.82E-02,-4.14E+01,-2.09E+02,5.85E+00,-1.94E+00,2.56E-01,-5.02E-03,4.81595092,0.300636943
-7.74E+01,1.93E+01,2.29E+01,1.26E-01,7.37E-01,-6.82E-02,-4.14E+01,-2.09E+02,5.96E+00,-1.94E+00,2.56E-01,-5.04E-03,4.81595092,0.300636943
-7.74E+01,1.93E+01,2.29E+01,1.26E-01,7.37E-01,-6.82E-02,-4.14E+01,-2.09E+02,6.06E+00,-1.94E+00,2.56E-01,-5.07E-03,4.81595092,0.300636943
-7.74E+01,1.93E+01,2.29E+01,1.26E-01,7.37E-01,-6.82E-02,-4.14E+01,-2.09E+02,6.14E+00,-1.94E+00,2.57E-01,-5.08E-03,4.81595092,0.300636943
-7.74E+01,1.94E+01,2.29E+01,1.26E-01,7.37E-01,-6.83E-02,-4.14E+01,-2.09E+02,6.20E+00,-1.94E+00,2.57E-01,-5.09E-03,4.81595092,0.300636943
-7.74E+01,1.94E+01,2.29E+01,1.26E-01,7.37E-01,-6.83E-02,-4.14E+01,-2.09E+02,6.24E+00,-1.94E+00,2.57E-01,-5.11E-03,4.81595092,0.300636943
-7.75E+01,1.94E+01,2.29E+01,1.26E-01,7.37E-01,-6.83E-02,-4.14E+01,-2.09E+02,6.24E+00,-1.94E+00,2.57E-01,-5.08E-03,4.81595092,0.300636943
-7.75E+01,1.94E+01,2.29E+01,1.26E-01,7.37E-01,-6.84E-02,-4.14E+01,-2.09E+02,6.22E+00,-1.94E+00,2.57E-01,-5.06E-03,4.81595092,0.300636943
-7.75E+01,1.94E+01,2.29E+01,1.26E-01,7.37E-01,-6.84E-02,-4.14E+01,-2.09E+02,6.17E+00,-1.94E+00,2.58E-01,-5.01E-03,4.81595092,0.300636943
-7.75E+01,1.93E+01,2.29E+01,1.26E-01,7.37E-01,-6.85E-02,-4.14E+01,-2.09E+02,6.11E+00,-1.94E+00,2.58E-01,-4.99E-03,4.81595092,0.301273885
-7.75E+01,1.93E+01,2.30E+01,1.26E-01,7.37E-01,-6.85E-02,-4.14E+01,-2.09E+02,6.02E+00,-1.94E+00,2.58E-01,-4.89E-03,4.81595092,0.301273885
-7.75E+01,1.92E+01,2.30E+01,1.27E-01,7.37E-01,-6.86E-02,-4.14E+01,-2.09E+02,5.92E+00,-1.94E+00,2.58E-01,-4.81E-03,4.81595092,0.301273885
-7.75E+01,1.92E+01,2.30E+01,1.27E-01,7.37E-01,-6.86E-02,-4.14E+01,-2.09E+02,5.81E+00,-1.94E+00,2.58E-01,-4.76E-03,4.81595092,0.301273885
-7.75E+01,1.91E+01,2.30E+01,1.27E-01,7.37E-01,-6.87E-02,-4.14E+01,-2.09E+02,5.70E+00,-1.94E+00,2.58E-01,-4.66E-03,4.81595092,0.301273885
-7.75E+01,1.91E+01,2.30E+01,1.27E-01,7.37E-01,-6.87E-02,-4.14E+01,-2.09E+02,5.61E+00,-1.94E+00,2.58E-01,-4.53E-03,4.81595092,0.301910828
-7.75E+01,1.90E+01,2.30E+01,1.27E-01,7.37E-01,-6.87E-02,-4.14E+01,-2.09E+02,5.53E+00,-1.94E+00,2.58E-01,-4.41E-03,4.81595092,0.301910828
-7.75E+01,1.90E+01,2.29E+01,1.27E-01,7.37E-01,-6.88E-02,-4.14E+01,-2.09E+02,5.48E+00,-1.94E+00,2.58E-01,-4.27E-03,4.81595092,0.301910828
-7.74E+01,1.90E+01,2.29E+01,1.27E-01,7.37E-01,-6.88E-02,-4.14E+01,-2.09E+02,5.43E+00,-1.94E+00,2.58E-01,-4.13E-03,4.81595092,0.301910828
-7.74E+01,1.89E+01,2.29E+01,1.27E-01,7.37E-01,-6.88E-02,-4.13E+01,-2.09E+02,5.40E+00,-1.94E+00,2.58E-01,-3.98E-03,4.81595092,0.301910828
-7.74E+01,1.89E+01,2.29E+01,1.27E-01,7.37E-01,-6.88E-02,-4.13E+01,-2.09E+02,5.39E+00,-1.94E+00,2.58E-01,-3.87E-03,4.830769231,0.301910828
-7.73E+01,1.89E+01,2.29E+01,1.27E-01,7.38E-01,-6.88E-02,-4.13E+01,-2.09E+02,5.40E+00,-1.94E+00,2.58E-01,-3.74E-03,4.830769231,0.301910828
-7.73E+01,1.89E+01,2.29E+01,1.27E-01,7.38E-01,-6.88E-02,-4.13E+01,-2.09E+02,5.44E+00,-1.94E+00,2.58E-01,-3.62E-03,4.830769231,0.301910828
-7.72E+01,1.90E+01,2.28E+01,1.27E-01,7.38E-01,-6.89E-02,-4.12E+01,-2.09E+02,5.50E+00,-1.94E+00,2.58E-01,-3.49E-03,4.830769231,0.301910828
-7.72E+01,1.90E+01,2.28E+01,1.27E-01,7.38E-01,-6.89E-02,-4.12E+01,-2.09E+02,5.57E+00,-1.94E+00,2.58E-01,-3.38E-03,4.830769231,0.301910828
-7.72E+01,1.90E+01,2.28E+01,1.27E-01,7.38E-01,-6.89E-02,-4.12E+01,-2.09E+02,5.65E+00,-1.94E+00,2.58E-01,-3.23E-03,4.845679012,0.301910828
-7.72E+01,1.90E+01,2.28E+01,1.27E-01,7.38E-01,-6.89E-02,-4.12E+01,-2.09E+02,5.72E+00,-1.94E+00,2.58E-01,-3.12E-03,4.845679012,0.301910828
-7.72E+01,1.91E+01,2.28E+01,1.27E-01,7.38E-01,-6.89E-02,-4.12E+01,-2.09E+02,5.80E+00,-1.94E+00,2.58E-01,-2.99E-03,4.845679012,0.301910828
-7.72E+01,1.91E+01,2.28E+01,1.27E-01,7.38E-01,-6.89E-02,-4.12E+01,-2.09E+02,5.87E+00,-1.94E+00,2.58E-01,-2.88E-03,4.845679012,0.302547771
-7.72E+01,1.91E+01,2.28E+01,1.27E-01,7.38E-01,-6.89E-02,-4.12E+01,-2.09E+02,5.93E+00,-1.94E+00,2.59E-01,-2.77E-03,4.845679012,0.302547771
-7.73E+01,1.92E+01,2.28E+01,1.27E-01,7.38E-01,-6.89E-02,-4.12E+01,-2.09E+02,5.97E+00,-1.94E+00,2.59E-01,-2.70E-03,4.845679012,0.302547771
-7.73E+01,1.92E+01,2.28E+01,1.27E-01,7.38E-01,-6.89E-02,-4.12E+01,-2.09E+02,6.00E+00,-1.94E+00,2.59E-01,-2.63E-03,4.830769231,0.302547771
-7.73E+01,1.92E+01,2.29E+01,1.27E-01,7.38E-01,-6.89E-02,-4.12E+01,-2.10E+02,6.02E+00,-1.94E+00,2.59E-01,-2.57E-03,4.830769231,0.302547771
-7.74E+01,1.92E+01,2.29E+01,1.27E-01,7.38E-01,-6.89E-02,-4.13E+01,-2.10E+02,6.02E+00,-1.94E+00,2.58E-01,-2.54E-03,4.861538462,0.301265823
-7.74E+01,1.92E+01,2.29E+01,1.27E-01,7.37E-01,-6.89E-02,-4.13E+01,-2.10E+02,6.01E+00,-1.94E+00,2.58E-01,-2.50E-03,4.861538462,0.301265823
-7.74E+01,1.92E+01,2.29E+01,1.27E-01,7.37E-01,-6.89E-02,-4.13E+01,-2.10E+02,5.97E+00,-1.94E+00,2.58E-01,-2.53E-03,4.846625767,0.301265823
-7.74E+01,1.92E+01,2.29E+01,1.27E-01,7.37E-01,-6.90E-02,-4.14E+01,-2.10E+02,5.92E+00,-1.94E+00,2.58E-01,-2.57E-03,4.846625767,0.301265823
-7.74E+01,1.92E+01,2.29E+01,1.27E-01,7.37E-01,-6.90E-02,-4.14E+01,-2.10E+02,5.85E+00,-1.94E+00,2.58E-01,-2.65E-03,4.846625767,0.301265823
-7.75E+01,1.92E+01,2.29E+01,1.27E-01,7.37E-01,-6.90E-02,-4.14E+01,-2.10E+02,5.78E+00,-1.94E+00,2.58E-01,-2.71E-03,4.846625767,0.301898734
-7.75E+01,1.92E+01,2.29E+01,1.27E-01,7.37E-01,-6.91E-02,-4.14E+01,-2.10E+02,5.71E+00,-1.94E+00,2.58E-01,-2.79E-03,4.846625767,0.301898734
-7.74E+01,1.91E+01,2.29E+01,1.27E-01,7.37E-01,-6.91E-02,-4.14E+01,-2.10E+02,5.63E+00,-1.94E+00,2.58E-01,-2.86E-03,4.846625767,0.301898734
-7.74E+01,1.91E+01,2.29E+01,1.27E-01,7.36E-01,-6.91E-02,-4.14E+01,-2.10E+02,5.57E+00,-1.94E+00,2.58E-01,-2.94E-03,4.846625767,0.301898734
-7.74E+01,1.91E+01,2.29E+01,1.27E-01,7.36E-01,-6.91E-02,-4.14E+01,-2.10E+02,5.52E+00,-1.94E+00,2.58E-01,-3.03E-03,4.846625767,0.301898734
-7.74E+01,1.91E+01,2.29E+01,1.27E-01,7.36E-01,-6.91E-02,-4.14E+01,-2.10E+02,5.48E+00,-1.94E+00,2.58E-01,-3.11E-03,4.846625767,0.301265823
-7.74E+01,1.91E+01,2.29E+01,1.27E-01,7.36E-01,-6.91E-02,-4.14E+01,-2.10E+02,5.45E+00,-1.94E+00,2.58E-01,-3.17E-03,4.846625767,0.301265823
-7.74E+01,1.91E+01,2.29E+01,1.27E-01,7.36E-01,-6.91E-02,-4.14E+01,-2.10E+02,5.42E+00,-1.94E+00,2.58E-01,-3.22E-03,4.846625767,0.301265823
-7.74E+01,1.90E+01,2.29E+01,1.27E-01,7.36E-01,-6.91E-02,-4.14E+01,-2.10E+02,5.40E+00,-1.94E+00,2.58E-01,-3.23E-03,4.846625767,0.301265823
-7.73E+01,1.90E+01,2.29E+01,1.27E-01,7.36E-01,-6.91E-02,-4.14E+01,-2.10E+02,5.40E+00,-1.94E+00,2.58E-01,-3.25E-03,4.846625767,0.301265823
-7.73E+01,1.90E+01,2.29E+01,1.27E-01,7.36E-01,-6.91E-02,-4.14E+01,-2.10E+02,5.39E+00,-1.94E+00,2.58E-01,-3.25E-03,4.846625767,0.301265823
-7.73E+01,1.90E+01,2.29E+01,1.27E-01,7.37E-01,-6.91E-02,-4.14E+01,-2.10E+02,5.40E+00,-1.94E+00,2.58E-01,-3.24E-03,4.846625767,0.301265823
-7.73E+01,1.90E+01,2.29E+01,1.27E-01,7.37E-01,-6.91E-02,-4.14E+01,-2.10E+02,5.42E+00,-1.94E+00,2.58E-01,-3.20E-03,4.846625767,0.301265823
-7.74E+01,1.90E+01,2.29E+01,1.27E-01,7.37E-01,-6.91E-02,-4.14E+01,-2.10E+02,5.46E+00,-1.94E+00,2.58E-01,-3.13E-03,4.846625767,0.301265823
-7.74E+01,1.91E+01,2.29E+01,1.27E-01,7.37E-01,-6.90E-02,-4.13E+01,-2.10E+02,5.51E+00,-1.94E+00,2.58E-01,-3.04E-03,4.846625767,0.301265823
-7.74E+01,1.91E+01,2.29E+01,1.27E-01,7.37E-01,-6.90E-02,-4.13E+01,-2.10E+02,5.57E+00,-1.94E+00,2.58E-01,-2.96E-03,4.846625767,0.301265823
-7.74E+01,1.91E+01,2.29E+01,1.27E-01,7.37E-01,-6.90E-02,-4.13E+01,-2.10E+02,5.63E+00,-1.94E+00,2.58E-01,-2.85E-03,4.846625767,0.301265823
-7.74E+01,1.91E+01,2.29E+01,1.27E-01,7.37E-01,-6.90E-02,-4.14E+01,-2.10E+02,5.69E+00,-1.94E+00,2.57E-01,-2.77E-03,4.846625767,0.301265823
-7.74E+01,1.91E+01,2.29E+01,1.27E-01,7.37E-01,-6.89E-02,-4.14E+01,-2.10E+02,5.75E+00,-1.94E+00,2.57E-01,-2.68E-03,4.846625767,0.300632911
-7.74E+01,1.92E+01,2.29E+01,1.27E-01,7.38E-01,-6.89E-02,-4.14E+01,-2.10E+02,5.81E+00,-1.94E+00,2.57E-01,-2.61E-03,4.846625767,0.300632911
-7.74E+01,1.92E+01,2.29E+01,1.27E-01,7.38E-01,-6.89E-02,-4.14E+01,-2.10E+02,5.87E+00,-1.94E+00,2.57E-01,-2.57E-03,4.846625767,0.300632911
-7.74E+01,1.92E+01,2.29E+01,1.27E-01,7.38E-01,-6.88E-02,-4.14E+01,-2.10E+02,5.93E+00,-1.94E+00,2.57E-01,-2.55E-03,4.846625767,0.301265823
-7.74E+01,1.92E+01,2.29E+01,1.27E-01,7.38E-01,-6.88E-02,-4.14E+01,-2.10E+02,5.97E+00,-1.94E+00,2.57E-01,-2.55E-03,4.846625767,0.301265823
-7.74E+01,1.92E+01,2.29E+01,1.27E-01,7.38E-01,-6.87E-02,-4.14E+01,-2.10E+02,5.99E+00,-1.94E+00,2.57E-01,-2.55E-03,4.846625767,0.301265823
-7.74E+01,1.92E+01,2.29E+01,1.27E-01,7.38E-01,-6.87E-02,-4.14E+01,-2.10E+02,6.00E+00,-1.94E+00,2.57E-01,-2.60E-03,4.846625767,0.301265823
-7.74E+01,1.92E+01,2.29E+01,1.27E-01,7.38E-01,-6.87E-02,-4.14E+01,-2.10E+02,6.00E+00,-1.94E+00,2.57E-01,-2.65E-03,4.846625767,0.301265823
-7.74E+01,1.92E+01,2.29E+01,1.27E-01,7.38E-01,-6.87E-02,-4.14E+01,-2.10E+02,5.98E+00,-1.94E+00,2.57E-01,-2.72E-03,4.846625767,0.301265823
-7.74E+01,1.92E+01,2.29E+01,1.27E-01,7.38E-01,-6.87E-02,-4.14E+01,-2.10E+02,5.94E+00,-1.94E+00,2.57E-01,-2.79E-03,4.846625767,0.301265823
-7.74E+01,1.92E+01,2.29E+01,1.27E-01,7.38E-01,-6.87E-02,-4.14E+01,-2.10E+02,5.88E+00,-1.94E+00,2.57E-01,-2.87E-03,4.846625767,0.301265823
-7.74E+01,1.91E+01,2.29E+01,1.27E-01,7.38E-01,-6.87E-02,-4.14E+01,-2.10E+02,5.82E+00,-1.94E+00,2.57E-01,-2.93E-03,4.846625767,0.301265823
-7.74E+01,1.91E+01,2.29E+01,1.27E-01,7.38E-01,-6.88E-02,-4.14E+01,-2.10E+02,5.75E+00,-1.94E+00,2.57E-01,-2.99E-03,4.846625767,0.300632911
-7.74E+01,1.91E+01,2.29E+01,1.27E-01,7.39E-01,-6.88E-02,-4.13E+01,-2.10E+02,5.67E+00,-1.94E+00,2.57E-01,-3.04E-03,4.81595092,0.302547771
-7.74E+01,1.90E+01,2.29E+01,1.27E-01,7.39E-01,-6.88E-02,-4.13E+01,-2.10E+02,5.59E+00,-1.94E+00,2.57E-01,-3.08E-03,4.81595092,0.302547771
-7.74E+01,1.90E+01,2.29E+01,1.27E-01,7.39E-01,-6.88E-02,-4.13E+01,-2.10E+02,5.51E+00,-1.94E+00,2.57E-01,-3.12E-03,4.81595092,0.302547771
-7.74E+01,1.90E+01,2.29E+01,1.27E-01,7.39E-01,-6.88E-02,-4.13E+01,-2.09E+02,5.44E+00,-1.94E+00,2.57E-01,-3.14E-03,4.81595092,0.302547771
-7.74E+01,1.90E+01,2.29E+01,1.27E-01,7.39E-01,-6.88E-02,-4.13E+01,-2.09E+02,5.38E+00,-1.94E+00,2.57E-01,-3.15E-03,4.81595092,0.301910828
-7.74E+01,1.90E+01,2.29E+01,1.27E-01,7.39E-01,-6.88E-02,-4.13E+01,-2.09E+02,5.35E+00,-1.94E+00,2.57E-01,-3.13E-03,4.81595092,0.301910828
-7.73E+01,1.90E+01,2.29E+01,1.27E-01,7.39E-01,-6.88E-02,-4.13E+01,-2.09E+02,5.34E+00,-1.94E+00,2.57E-01,-3.15E-03,4.81595092,0.301910828
-7.73E+01,1.90E+01,2.29E+01,1.27E-01,7.39E-01,-6.87E-02,-4.13E+01,-2.09E+02,5.36E+00,-1.94E+00,2.57E-01,-3.14E-03,4.830769231,0.301273885
-7.73E+01,1.90E+01,2.28E+01,1.27E-01,7.39E-01,-6.87E-02,-4.13E+01,-2.09E+02,5.41E+00,-1.94E+00,2.57E-01,-3.17E-03,4.830769231,0.301273885
-7.73E+01,1.90E+01,2.28E+01,1.27E-01,7.39E-01,-6.87E-02,-4.13E+01,-2.09E+02,5.48E+00,-1.94E+00,2.57E-01,-3.18E-03,4.830769231,0.300636943
-7.72E+01,1.90E+01,2.28E+01,1.27E-01,7.38E-01,-6.86E-02,-4.12E+01,-2.08E+02,5.56E+00,-1.94E+00,2.57E-01,-3.22E-03,4.830769231,0.300636943
-7.72E+01,1.91E+01,2.28E+01,1.27E-01,7.38E-01,-6.86E-02,-4.12E+01,-2.08E+02,5.65E+00,-1.94E+00,2.57E-01,-3.27E-03,4.814814815,0.301923077
-7.71E+01,1.91E+01,2.28E+01,1.27E-01,7.38E-01,-6.86E-02,-4.11E+01,-2.08E+02,5.74E+00,-1.94E+00,2.57E-01,-3.32E-03,4.814814815,0.301923077
-7.71E+01,1.91E+01,2.27E+01,1.27E-01,7.38E-01,-6.86E-02,-4.11E+01,-2.08E+02,5.83E+00,-1.94E+00,2.57E-01,-3.42E-03,4.814814815,0.301282051
-7.71E+01,1.91E+01,2.27E+01,1.27E-01,7.38E-01,-6.86E-02,-4.11E+01,-2.08E+02,5.91E+00,-1.94E+00,2.57E-01,-3.50E-03,4.829721362,0.301282051
-7.70E+01,1.91E+01,2.27E+01,1.27E-01,7.38E-01,-6.86E-02,-4.10E+01,-2.07E+02,5.99E+00,-1.94E+00,2.57E-01,-3.58E-03,4.829721362,0.301282051
-7.70E+01,1.91E+01,2.27E+01,1.27E-01,7.38E-01,-6.86E-02,-4.10E+01,-2.07E+02,6.05E+00,-1.94E+00,2.57E-01,-3.68E-03,4.829721362,0.300641026
-7.70E+01,1.91E+01,2.27E+01,1.27E-01,7.38E-01,-6.86E-02,-4.09E+01,-2.07E+02,6.09E+00,-1.94E+00,2.58E-01,-3.79E-03,4.829721362,0.300641026
-7.70E+01,1.91E+01,2.27E+01,1.27E-01,7.38E-01,-6.87E-02,-4.09E+01,-2.07E+02,6.10E+00,-1.94E+00,2.58E-01,-3.92E-03,4.844720497,0.300641026
-7.70E+01,1.91E+01,2.27E+01,1.27E-01,7.37E-01,-6.87E-02,-4.09E+01,-2.07E+02,6.09E+00,-1.94E+00,2.58E-01,-4.05E-03,4.844720497,0.300641026
-7.70E+01,1.91E+01,2.27E+01,1.27E-01,7.37E-01,-6.88E-02,-4.09E+01,-2.07E+02,6.06E+00,-1.94E+00,2.58E-01,-4.16E-03,4.829721362,0.300641026
-7.71E+01,1.91E+01,2.27E+01,1.27E-01,7.37E-01,-6.88E-02,-4.10E+01,-2.07E+02,6.01E+00,-1.94E+00,2.58E-01,-4.26E-03,4.829721362,0.300641026
-7.71E+01,1.91E+01,2.28E+01,1.27E-01,7.37E-01,-6.88E-02,-4.10E+01,-2.07E+02,5.94E+00,-1.94E+00,2.58E-01,-4.30E-03,4.829721362,0.300641026
-7.72E+01,1.91E+01,2.28E+01,1.27E-01,7.37E-01,-6.88E-02,-4.11E+01,-2.08E+02,5.85E+00,-1.94E+00,2.58E-01,-4.37E-03,4.814814815,0.300641026
-7.72E+01,1.91E+01,2.28E+01,1.27E-01,7.37E-01,-6.88E-02,-4.11E+01,-2.08E+02,5.76E+00,-1.94E+00,2.58E-01,-4.37E-03,4.814814815,0.300641026
-7.72E+01,1.90E+01,2.29E+01,1.27E-01,7.37E-01,-6.88E-02,-4.12E+01,-2.08E+02,5.67E+00,-1.94E+00,2.58E-01,-4.37E-03,4.814814815,0.300641026
-7.73E+01,1.90E+01,2.29E+01,1.26E-01,7.37E-01,-6.88E-02,-4.13E+01,-2.08E+02,5.58E+00,-1.94E+00,2.58E-01,-4.33E-03,4.8,0.300641026
-7.73E+01,1.90E+01,2.29E+01,1.26E-01,7.36E-01,-6.87E-02,-4.13E+01,-2.08E+02,5.50E+00,-1.94E+00,2.57E-01,-4.27E-03,4.8,0.300641026
-7.73E+01,1.90E+01,2.30E+01,1.26E-01,7.36E-01,-6.87E-02,-4.14E+01,-2.08E+02,5.43E+00,-1.94E+00,2.57E-01,-4.17E-03,4.785276074,0.300641026
-7.73E+01,1.90E+01,2.30E+01,1.26E-01,7.37E-01,-6.86E-02,-4.14E+01,-2.08E+02,5.38E+00,-1.94E+00,2.57E-01,-4.07E-03,4.785276074,0.300641026
-7.73E+01,1.90E+01,2.30E+01,1.26E-01,7.37E-01,-6.86E-02,-4.14E+01,-2.08E+02,5.35E+00,-1.94E+00,2.57E-01,-3.94E-03,4.785276074,0.300641026
-7.72E+01,1.90E+01,2.30E+01,1.26E-01,7.37E-01,-6.85E-02,-4.15E+01,-2.08E+02,5.35E+00,-1.94E+00,2.57E-01,-3.83E-03,4.785276074,0.300641026
-7.72E+01,1.90E+01,2.30E+01,1.26E-01,7.37E-01,-6.85E-02,-4.15E+01,-2.08E+02,5.38E+00,-1.94E+00,2.57E-01,-3.67E-03,4.785276074,0.300641026
-7.72E+01,1.90E+01,2.30E+01,1.26E-01,7.37E-01,-6.84E-02,-4.15E+01,-2.08E+02,5.44E+00,-1.94E+00,2.57E-01,-3.56E-03,4.785276074,0.300641026
-7.71E+01,1.91E+01,2.30E+01,1.26E-01,7.37E-01,-6.83E-02,-4.14E+01,-2.08E+02,5.51E+00,-1.94E+00,2.56E-01,-3.40E-03,4.785276074,0.300641026
-7.71E+01,1.91E+01,2.29E+01,1.26E-01,7.37E-01,-6.83E-02,-4.14E+01,-2.08E+02,5.60E+00,-1.94E+00,2.56E-01,-3.27E-03,4.785276074,0.3
-7.71E+01,1.91E+01,2.29E+01,1.26E-01,7.37E-01,-6.83E-02,-4.14E+01,-2.08E+02,5.70E+00,-1.94E+00,2.57E-01,-3.13E-03,4.785276074,0.3
-7.70E+01,1.92E+01,2.29E+01,1.26E-01,7.37E-01,-6.83E-02,-4.14E+01,-2.08E+02,5.80E+00,-1.94E+00,2.57E-01,-2.99E-03,4.785276074,0.3
-7.70E+01,1.92E+01,2.29E+01,1.26E-01,7.37E-01,-6.82E-02,-4.14E+01,-2.08E+02,5.89E+00,-1.94E+00,2.57E-01,-2.91E-03,4.785276074,0.3
-7.70E+01,1.92E+01,2.29E+01,1.26E-01,7.37E-01,-6.82E-02,-4.13E+01,-2.08E+02,5.97E+00,-1.94E+00,2.57E-01,-2.91E-03,4.785276074,0.3
-7.70E+01,1.92E+01,2.29E+01,1.27E-01,7.37E-01,-6.82E-02,-4.13E+01,-2.08E+02,6.03E+00,-1.94E+00,2.57E-01,-2.92E-03,4.785276074,0.300641026
-7.71E+01,1.93E+01,2.29E+01,1.27E-01,7.37E-01,-6.83E-02,-4.13E+01,-2.08E+02,6.06E+00,-1.94E+00,2.57E-01,-2.94E-03,4.785276074,0.300641026
-7.71E+01,1.93E+01,2.29E+01,1.27E-01,7.37E-01,-6.83E-02,-4.14E+01,-2.08E+02,6.07E+00,-1.94E+00,2.58E-01,-2.97E-03,4.785276074,0.300641026
-7.71E+01,1.93E+01,2.29E+01,1.27E-01,7.37E-01,-6.83E-02,-4.14E+01,-2.08E+02,6.07E+00,-1.94E+00,2.58E-01,-3.04E-03,4.785276074,0.300641026
-7.72E+01,1.93E+01,2.30E+01,1.27E-01,7.37E-01,-6.83E-02,-4.14E+01,-2.08E+02,6.04E+00,-1.94E+00,2.58E-01,-3.12E-03,4.81595092,0.299363057
-7.72E+01,1.93E+01,2.30E+01,1.27E-01,7.37E-01,-6.84E-02,-4.15E+01,-2.09E+02,6.00E+00,-1.94E+00,2.58E-01,-3.20E-03,4.81595092,0.299363057
-7.73E+01,1.93E+01,2.30E+01,1.27E-01,7.37E-01,-6.84E-02,-4.15E+01,-2.09E+02,5.93E+00,-1.94E+00,2.58E-01,-3.28E-03,4.801223242,0.299363057
-7.73E+01,1.92E+01,2.30E+01,1.27E-01,7.36E-01,-6.84E-02,-4.16E+01,-2.09E+02,5.85E+00,-1.94E+00,2.58E-01,-3.39E-03,4.801223242,0.3
-7.74E+01,1.92E+01,2.31E+01,1.27E-01,7.36E-01,-6.84E-02,-4.16E+01,-2.09E+02,5.76E+00,-1.94E+00,2.58E-01,-3.46E-03,4.801223242,0.3
-7.74E+01,1.92E+01,2.31E+01,1.27E-01,7.36E-01,-6.84E-02,-4.16E+01,-2.09E+02,5.66E+00,-1.94E+00,2.58E-01,-3.55E-03,4.786585366,0.3
-7.74E+01,1.92E+01,2.31E+01,1.27E-01,7.36E-01,-6.84E-02,-4.16E+01,-2.09E+02,5.58E+00,-1.94E+00,2.58E-01,-3.57E-03,4.786585366,0.3
-7.74E+01,1.91E+01,2.31E+01,1.27E-01,7.36E-01,-6.84E-02,-4.16E+01,-2.09E+02,5.50E+00,-1.94E+00,2.58E-01,-3.60E-03,4.786585366,0.3
-7.73E+01,1.91E+01,2.31E+01,1.27E-01,7.36E-01,-6.84E-02,-4.16E+01,-2.09E+02,5.43E+00,-1.94E+00,2.58E-01,-3.60E-03,4.786585366,0.3
-7.73E+01,1.91E+01,2.30E+01,1.27E-01,7.36E-01,-6.84E-02,-4.16E+01,-2.09E+02,5.39E+00,-1.94E+00,2.58E-01,-3.61E-03,4.786585366,0.3
-7.73E+01,1.91E+01,2.30E+01,1.27E-01,7.36E-01,-6.84E-02,-4.16E+01,-2.09E+02,5.36E+00,-1.94E+00,2.58E-01,-3.57E-03,4.801223242,0.3
-7.72E+01,1.90E+01,2.30E+01,1.27E-01,7.36E-01,-6.84E-02,-4.15E+01,-2.09E+02,5.35E+00,-1.94E+00,2.58E-01,-3.58E-03,4.801223242,0.3
-7.71E+01,1.90E+01,2.29E+01,1.27E-01,7.36E-01,-6.84E-02,-4.15E+01,-2.09E+02,5.35E+00,-1.94E+00,2.58E-01,-3.57E-03,4.801223242,0.3
-7.71E+01,1.90E+01,2.29E+01,1.27E-01,7.36E-01,-6.84E-02,-4.14E+01,-2.08E+02,5.38E+00,-1.94E+00,2.58E-01,-3.55E-03,4.81595092,0.3
-7.70E+01,1.90E+01,2.29E+01,1.27E-01,7.36E-01,-6.85E-02,-4.14E+01,-2.08E+02,5.42E+00,-1.94E+00,2.59E-01,-3.53E-03,4.81595092,0.3
-7.69E+01,1.90E+01,2.28E+01,1.27E-01,7.36E-01,-6.85E-02,-4.13E+01,-2.08E+02,5.48E+00,-1.94E+00,2.59E-01,-3.50E-03,4.785276074,0.301923077
-7.69E+01,1.90E+01,2.28E+01,1.27E-01,7.36E-01,-6.85E-02,-4.13E+01,-2.08E+02,5.54E+00,-1.94E+00,2.59E-01,-3.47E-03,4.8,0.301923077
-7.69E+01,1.90E+01,2.28E+01,1.27E-01,7.36E-01,-6.86E-02,-4.12E+01,-2.08E+02,5.60E+00,-1.94E+00,2.59E-01,-3.45E-03,4.8,0.301923077
-7.68E+01,1.91E+01,2.28E+01,1.28E-01,7.36E-01,-6.86E-02,-4.12E+01,-2.08E+02,5.65E+00,-1.94E+00,2.59E-01,-3.42E-03,4.814814815,0.301923077
-7.68E+01,1.91E+01,2.28E+01,1.28E-01,7.36E-01,-6.87E-02,-4.12E+01,-2.08E+02,5.70E+00,-1.94E+00,2.59E-01,-3.37E-03,4.814814815,0.301923077
-7.68E+01,1.91E+01,2.27E+01,1.28E-01,7.36E-01,-6.88E-02,-4.11E+01,-2.08E+02,5.74E+00,-1.94E+00,2.59E-01,-3.31E-03,4.814814815,0.301923077
-7.68E+01,1.91E+01,2.27E+01,1.28E-01,7.37E-01,-6.88E-02,-4.11E+01,-2.08E+02,5.77E+00,-1.94E+00,2.60E-01,-3.26E-03,4.814814815,0.301923077
-7.68E+01,1.91E+01,2.27E+01,1.28E-01,7.37E-01,-6.89E-02,-4.11E+01,-2.08E+02,5.80E+00,-1.94E+00,2.60E-01,-3.18E-03,4.814814815,0.301923077
-7.68E+01,1.91E+01,2.28E+01,1.28E-01,7.37E-01,-6.89E-02,-4.11E+01,-2.08E+02,5.81E+00,-1.94E+00,2.60E-01,-3.09E-03,4.814814815,0.301923077
-7.68E+01,1.91E+01,2.28E+01,1.28E-01,7.37E-01,-6.90E-02,-4.11E+01,-2.08E+02,5.81E+00,-1.94E+00,2.60E-01,-2.97E-03,4.814814815,0.302564103
-7.69E+01,1.91E+01,2.28E+01,1.28E-01,7.37E-01,-6.90E-02,-4.11E+01,-2.08E+02,5.79E+00,-1.94E+00,2.60E-01,-2.83E-03,4.814814815,0.302564103
-7.69E+01,1.90E+01,2.28E+01,1.28E-01,7.37E-01,-6.90E-02,-4.11E+01,-2.08E+02,5.76E+00,-1.94E+00,2.60E-01,-2.67E-03,4.814814815,0.302564103
-7.69E+01,1.90E+01,2.28E+01,1.28E-01,7.37E-01,-6.90E-02,-4.11E+01,-2.08E+02,5.73E+00,-1.94E+00,2.60E-01,-2.51E-03,4.845679012,0.300636943
-7.69E+01,1.90E+01,2.28E+01,1.28E-01,7.38E-01,-6.91E-02,-4.12E+01,-2.08E+02,5.70E+00,-1.94E+00,2.60E-01,-2.34E-03,4.845679012,0.300636943
-7.70E+01,1.90E+01,2.28E+01,1.28E-01,7.38E-01,-6.90E-02,-4.12E+01,-2.08E+02,5.67E+00,-1.94E+00,2.60E-01,-2.19E-03,4.845679012,0.3
-7.70E+01,1.90E+01,2.29E+01,1.28E-01,7.38E-01,-6.90E-02,-4.12E+01,-2.08E+02,5.64E+00,-1.94E+00,2.60E-01,-2.02E-03,4.845679012,0.3
-7.70E+01,1.90E+01,2.29E+01,1.28E-01,7.38E-01,-6.90E-02,-4.12E+01,-2.08E+02,5.61E+00,-1.94E+00,2.60E-01,-1.90E-03,4.830769231,0.3
-7.70E+01,1.90E+01,2.29E+01,1.28E-01,7.38E-01,-6.90E-02,-4.12E+01,-2.08E+02,5.59E+00,-1.94E+00,2.60E-01,-1.77E-03,4.830769231,0.3
-7.70E+01,1.90E+01,2.29E+01,1.28E-01,7.38E-01,-6.89E-02,-4.12E+01,-2.08E+02,5.57E+00,-1.94E+00,2.60E-01,-1.71E-03,4.830769231,0.3
-7.70E+01,1.90E+01,2.29E+01,1.27E-01,7.38E-01,-6.89E-02,-4.12E+01,-2.08E+02,5.56E+00,-1.94E+00,2.59E-01,-1.68E-03,4.830769231,0.3
-7.70E+01,1.90E+01,2.29E+01,1.27E-01,7.38E-01,-6.88E-02,-4.13E+01,-2.08E+02,5.55E+00,-1.94E+00,2.59E-01,-1.70E-03,4.830769231,0.3
-7.70E+01,1.90E+01,2.29E+01,1.27E-01,7.38E-01,-6.88E-02,-4.13E+01,-2.08E+02,5.54E+00,-1.94E+00,2.59E-01,-1.74E-03,4.8,0.301923077
-7.70E+01,1.90E+01,2.29E+01,1.27E-01,7.38E-01,-6.87E-02,-4.13E+01,-2.08E+02,5.53E+00,-1.94E+00,2.59E-01,-1.80E-03,4.8,0.301923077
-7.70E+01,1.90E+01,2.29E+01,1.27E-01,7.38E-01,-6.87E-02,-4.13E+01,-2.08E+02,5.51E+00,-1.94E+00,2.59E-01,-1.92E-03,4.8,0.301923077
-7.70E+01,1.90E+01,2.29E+01,1.27E-01,7.38E-01,-6.86E-02,-4.13E+01,-2.08E+02,5.49E+00,-1.94E+00,2.58E-01,-2.09E-03,4.8,0.301282051
-7.70E+01,1.90E+01,2.29E+01,1.27E-01,7.37E-01,-6.86E-02,-4.13E+01,-2.08E+02,5.49E+00,-1.94E+00,2.58E-01,-2.20E-03,4.8,0.301282051
-7.70E+01,1.90E+01,2.29E+01,1.27E-01,7.37E-01,-6.85E-02,-4.13E+01,-2.08E+02,5.51E+00,-1.94E+00,2.58E-01,-2.37E-03,4.785276074,0.301282051
-7.70E+01,1.90E+01,2.29E+01,1.27E-01,7.37E-01,-6.84E-02,-4.14E+01,-2.08E+02,5.54E+00,-1.94E+00,2.58E-01,-2.48E-03,4.785276074,0.301282051
-7.70E+01,1.91E+01,2.29E+01,1.27E-01,7.37E-01,-6.84E-02,-4.14E+01,-2.08E+02,5.57E+00,-1.94E+00,2.58E-01,-2.61E-03,4.785276074,0.301282051
-7.71E+01,1.91E+01,2.29E+01,1.27E-01,7.37E-01,-6.83E-02,-4.14E+01,-2.08E+02,5.61E+00,-1.94E+00,2.57E-01,-2.69E-03,4.785276074,0.301282051
-7.71E+01,1.91E+01,2.29E+01,1.27E-01,7.37E-01,-6.82E-02,-4.14E+01,-2.08E+02,5.65E+00,-1.94E+00,2.57E-01,-2.77E-03,4.785276074,0.301282051
-7.71E+01,1.91E+01,2.29E+01,1.27E-01,7.37E-01,-6.82E-02,-4.14E+01,-2.08E+02,5.70E+00,-1.94E+00,2.57E-01,-2.84E-03,4.785276074,0.301282051
-7.71E+01,1.92E+01,2.29E+01,1.27E-01,7.37E-01,-6.81E-02,-4.15E+01,-2.08E+02,5.75E+00,-1.94E+00,2.57E-01,-2.89E-03,4.785276074,0.300641026
-7.71E+01,1.92E+01,2.29E+01,1.26E-01,7.37E-01,-6.81E-02,-4.15E+01,-2.08E+02,5.81E+00,-1.94E+00,2.57E-01,-2.90E-03,4.785276074,0.300641026
-7.71E+01,1.92E+01,2.29E+01,1.26E-01,7.36E-01,-6.80E-02,-4.15E+01,-2.08E+02,5.86E+00,-1.94E+00,2.57E-01,-2.89E-03,4.785276074,0.300641026
-7.70E+01,1.92E+01,2.29E+01,1.26E-01,7.36E-01,-6.80E-02,-4.14E+01,-2.08E+02,5.90E+00,-1.94E+00,2.56E-01,-2.87E-03,4.785276074,0.300641026
-7.70E+01,1.92E+01,2.29E+01,1.26E-01,7.36E-01,-6.80E-02,-4.14E+01,-2.08E+02,5.94E+00,-1.94E+00,2.56E-01,-2.83E-03,4.785276074,0.300641026
-7.70E+01,1.92E+01,2.29E+01,1.26E-01,7.37E-01,-6.80E-02,-4.14E+01,-2.08E+02,5.96E+00,-1.94E+00,2.56E-01,-2.78E-03,4.785276074,0.300641026
-7.70E+01,1.92E+01,2.28E+01,1.26E-01,7.37E-01,-6.80E-02,-4.13E+01,-2.08E+02,5.98E+00,-1.94E+00,2.56E-01,-2.75E-03,4.785276074,0.300641026
-7.69E+01,1.92E+01,2.28E+01,1.26E-01,7.37E-01,-6.80E-02,-4.13E+01,-2.08E+02,5.98E+00,-1.94E+00,2.57E-01,-2.70E-03,4.8,0.300641026
-7.69E+01,1.92E+01,2.28E+01,1.26E-01,7.37E-01,-6.81E-02,-4.13E+01,-2.08E+02,5.96E+00,-1.94E+00,2.57E-01,-2.67E-03,4.8,0.300641026
-7.69E+01,1.92E+01,2.28E+01,1.26E-01,7.37E-01,-6.82E-02,-4.12E+01,-2.08E+02,5.93E+00,-1.94E+00,2.57E-01,-2.65E-03,4.8,0.300641026
-7.69E+01,1.91E+01,2.28E+01,1.26E-01,7.37E-01,-6.82E-02,-4.12E+01,-2.08E+02,5.88E+00,-1.94E+00,2.57E-01,-2.59E-03,4.814814815,0.301282051
-7.68E+01,1.91E+01,2.27E+01,1.26E-01,7.37E-01,-6.83E-02,-4.11E+01,-2.08E+02,5.82E+00,-1.94E+00,2.57E-01,-2.54E-03,4.814814815,0.301282051
-7.68E+01,1.90E+01,2.27E+01,1.27E-01,7.37E-01,-6.84E-02,-4.11E+01,-2.07E+02,5.76E+00,-1.94E+00,2.58E-01,-2.50E-03,4.814814815,0.301282051
-7.68E+01,1.90E+01,2.27E+01,1.27E-01,7.37E-01,-6.85E-02,-4.10E+01,-2.07E+02,5.68E+00,-1.94E+00,2.58E-01,-2.44E-03,4.829721362,0.301282051
-7.68E+01,1.89E+01,2.27E+01,1.27E-01,7.37E-01,-6.86E-02,-4.10E+01,-2.07E+02,5.61E+00,-1.94E+00,2.58E-01,-2.39E-03,4.829721362,0.301282051
-7.68E+01,1.89E+01,2.27E+01,1.27E-01,7.37E-01,-6.87E-02,-4.10E+01,-2.07E+02,5.54E+00,-1.94E+00,2.58E-01,-2.34E-03,4.829721362,0.301282051
-7.68E+01,1.89E+01,2.27E+01,1.27E-01,7.37E-01,-6.88E-02,-4.09E+01,-2.07E+02,5.48E+00,-1.94E+00,2.58E-01,-2.24E-03,4.829721362,0.301282051
-7.68E+01,1.88E+01,2.27E+01,1.27E-01,7.37E-01,-6.88E-02,-4.09E+01,-2.07E+02,5.44E+00,-1.94E+00,2.59E-01,-2.21E-03,4.844720497,0.301282051
-7.68E+01,1.88E+01,2.27E+01,1.27E-01,7.37E-01,-6.89E-02,-4.09E+01,-2.07E+02,5.41E+00,-1.94E+00,2.59E-01,-2.19E-03,4.844720497,0.301282051
-7.68E+01,1.88E+01,2.27E+01,1.27E-01,7.37E-01,-6.89E-02,-4.09E+01,-2.08E+02,5.41E+00,-1.94E+00,2.59E-01,-2.15E-03,4.844720497,0.301282051
-7.68E+01,1.88E+01,2.27E+01,1.27E-01,7.37E-01,-6.89E-02,-4.09E+01,-2.08E+02,5.44E+00,-1.94E+00,2.59E-01,-2.11E-03,4.844720497,0.301923077
-7.68E+01,1.88E+01,2.27E+01,1.27E-01,7.37E-01,-6.89E-02,-4.09E+01,-2.08E+02,5.50E+00,-1.94E+00,2.59E-01,-2.07E-03,4.844720497,0.301923077
-7.68E+01,1.89E+01,2.27E+01,1.27E-01,7.37E-01,-6.89E-02,-4.09E+01,-2.08E+02,5.59E+00,-1.94E+00,2.58E-01,-2.05E-03,4.844720497,0.301923077
-7.68E+01,1.89E+01,2.27E+01,1.27E-01,7.37E-01,-6.88E-02,-4.09E+01,-2.08E+02,5.69E+00,-1.94E+00,2.58E-01,-2.01E-03,4.844720497,0.302564103
-7.69E+01,1.89E+01,2.27E+01,1.27E-01,7.37E-01,-6.88E-02,-4.09E+01,-2.08E+02,5.80E+00,-1.94E+00,2.58E-01,-1.97E-03,4.844720497,0.302564103
-7.69E+01,1.90E+01,2.27E+01,1.27E-01,7.37E-01,-6.87E-02,-4.09E+01,-2.08E+02,5.90E+00,-1.94E+00,2.58E-01,-1.97E-03,4.844720497,0.302564103
-7.69E+01,1.90E+01,2.27E+01,1.27E-01,7.37E-01,-6.87E-02,-4.09E+01,-2.08E+02,5.99E+00,-1.94E+00,2.58E-01,-1.96E-03,4.844720497,0.303205128
-7.69E+01,1.90E+01,2.27E+01,1.27E-01,7.37E-01,-6.86E-02,-4.09E+01,-2.08E+02,6.08E+00,-1.94E+00,2.58E-01,-1.96E-03,4.875776398,0.301273885
-7.69E+01,1.91E+01,2.27E+01,1.27E-01,7.37E-01,-6.86E-02,-4.09E+01,-2.08E+02,6.16E+00,-1.94E+00,2.58E-01,-1.96E-03,4.875776398,0.301273885
-7.70E+01,1.91E+01,2.27E+01,1.27E-01,7.37E-01,-6.85E-02,-4.09E+01,-2.09E+02,6.21E+00,-1.94E+00,2.58E-01,-2.03E-03,4.875776398,0.301273885
-7.70E+01,1.91E+01,2.27E+01,1.27E-01,7.37E-01,-6.85E-02,-4.09E+01,-2.09E+02,6.23E+00,-1.94E+00,2.57E-01,-2.11E-03,4.860681115,0.301910828
-7.71E+01,1.91E+01,2.28E+01,1.27E-01,7.37E-01,-6.85E-02,-4.10E+01,-2.09E+02,6.23E+00,-1.94E+00,2.57E-01,-2.16E-03,4.860681115,0.301910828
-7.71E+01,1.91E+01,2.28E+01,1.27E-01,7.37E-01,-6.85E-02,-4.10E+01,-2.09E+02,6.20E+00,-1.94E+00,2.57E-01,-2.25E-03,4.860681115,0.301910828
-7.72E+01,1.91E+01,2.28E+01,1.26E-01,7.37E-01,-6.85E-02,-4.11E+01,-2.09E+02,6.15E+00,-1.94E+00,2.57E-01,-2.36E-03,4.845679012,0.301910828
-7.72E+01,1.92E+01,2.29E+01,1.26E-01,7.37E-01,-6.85E-02,-4.12E+01,-2.09E+02,6.08E+00,-1.94E+00,2.57E-01,-2.48E-03,4.845679012,0.301910828
-7.73E+01,1.92E+01,2.29E+01,1.26E-01,7.36E-01,-6.85E-02,-4.13E+01,-2.09E+02,5.99E+00,-1.94E+00,2.57E-01,-2.59E-03,4.830769231,0.301910828
-7.73E+01,1.92E+01,2.30E+01,1.26E-01,7.36E-01,-6.85E-02,-4.14E+01,-2.10E+02,5.89E+00,-1.94E+00,2.57E-01,-2.70E-03,4.81595092,0.301910828
-7.74E+01,1.92E+01,2.30E+01,1.26E-01,7.36E-01,-6.85E-02,-4.15E+01,-2.10E+02,5.79E+00,-1.94E+00,2.57E-01,-2.79E-03,4.846625767,0.3
-7.74E+01,1.92E+01,2.31E+01,1.26E-01,7.36E-01,-6.84E-02,-4.15E+01,-2.10E+02,5.69E+00,-1.94E+00,2.57E-01,-2.87E-03,4.831804281,0.3
-7.75E+01,1.92E+01,2.31E+01,1.26E-01,7.35E-01,-6.84E-02,-4.16E+01,-2.10E+02,5.59E+00,-1.94E+00,2.56E-01,-2.97E-03,4.817073171,0.3
-7.75E+01,1.92E+01,2.31E+01,1.26E-01,7.35E-01,-6.83E-02,-4.17E+01,-2.10E+02,5.50E+00,-1.94E+00,2.56E-01,-3.03E-03,4.817073171,0.3
-7.75E+01,1.92E+01,2.32E+01,1.26E-01,7.35E-01,-6.83E-02,-4.18E+01,-2.10E+02,5.43E+00,-1.94E+00,2.56E-01,-3.12E-03,4.802431611,0.3
-7.75E+01,1.92E+01,2.32E+01,1.26E-01,7.35E-01,-6.82E-02,-4.18E+01,-2.10E+02,5.38E+00,-1.94E+00,2.56E-01,-3.18E-03,4.802431611,0.3
-7.75E+01,1.92E+01,2.32E+01,1.26E-01,7.35E-01,-6.82E-02,-4.18E+01,-2.10E+02,5.35E+00,-1.94E+00,2.55E-01,-3.21E-03,4.802431611,0.3
-7.74E+01,1.92E+01,2.32E+01,1.26E-01,7.35E-01,-6.81E-02,-4.18E+01,-2.10E+02,5.34E+00,-1.94E+00,2.55E-01,-3.25E-03,4.802431611,0.299367089
-7.74E+01,1.92E+01,2.31E+01,1.26E-01,7.35E-01,-6.80E-02,-4.18E+01,-2.10E+02,5.36E+00,-1.94E+00,2.55E-01,-3.26E-03,4.802431611,0.299367089
-7.73E+01,1.92E+01,2.31E+01,1.25E-01,7.35E-01,-6.80E-02,-4.18E+01,-2.10E+02,5.40E+00,-1.94E+00,2.55E-01,-3.28E-03,4.802431611,0.299367089
-7.72E+01,1.92E+01,2.31E+01,1.25E-01,7.35E-01,-6.79E-02,-4.17E+01,-2.10E+02,5.46E+00,-1.94E+00,2.55E-01,-3.22E-03,4.786585366,0.301273885
-7.71E+01,1.92E+01,2.30E+01,1.26E-01,7.35E-01,-6.79E-02,-4.17E+01,-2.09E+02,5.53E+00,-1.94E+00,2.55E-01,-3.16E-03,4.786585366,0.301273885
-7.71E+01,1.92E+01,2.30E+01,1.26E-01,7.35E-01,-6.79E-02,-4.16E+01,-2.09E+02,5.61E+00,-1.94E+00,2.55E-01,-3.07E-03,4.801223242,0.301273885
-7.70E+01,1.92E+01,2.29E+01,1.26E-01,7.35E-01,-6.79E-02,-4.15E+01,-2.09E+02,5.69E+00,-1.94E+00,2.55E-01,-2.97E-03,4.801223242,0.301273885
-7.70E+01,1.92E+01,2.29E+01,1.26E-01,7.35E-01,-6.79E-02,-4.14E+01,-2.09E+02,5.75E+00,-1.94E+00,2.55E-01,-2.86E-03,4.81595092,0.301273885
-7.69E+01,1.92E+01,2.29E+01,1.26E-01,7.35E-01,-6.79E-02,-4.14E+01,-2.09E+02,5.80E+00,-1.94E+00,2.55E-01,-2.72E-03,4.81595092,0.301273885
-7.69E+01,1.92E+01,2.28E+01,1.26E-01,7.35E-01,-6.79E-02,-4.13E+01,-2.09E+02,5.84E+00,-1.94E+00,2.55E-01,-2.62E-03,4.81595092,0.301273885
-7.69E+01,1.92E+01,2.28E+01,1.26E-01,7.36E-01,-6.80E-02,-4.13E+01,-2.09E+02,5.86E+00,-1.94E+00,2.56E-01,-2.51E-03,4.830769231,0.301273885
-7.69E+01,1.92E+01,2.28E+01,1.26E-01,7.36E-01,-6.81E-02,-4.12E+01,-2.09E+02,5.88E+00,-1.94E+00,2.56E-01,-2.39E-03,4.830769231,0.301273885
-7.69E+01,1.92E+01,2.28E+01,1.26E-01,7.36E-01,-6.81E-02,-4.12E+01,-2.09E+02,5.88E+00,-1.94E+00,2.56E-01,-2.26E-03,4.830769231,0.301910828
-7.69E+01,1.91E+01,2.28E+01,1.27E-01,7.36E-01,-6.82E-02,-4.12E+01,-2.09E+02,5.87E+00,-1.94E+00,2.57E-01,-2.16E-03,4.845679012,0.301910828
-7.70E+01,1.91E+01,2.28E+01,1.27E-01,7.36E-01,-6.83E-02,-4.12E+01,-2.09E+02,5.84E+00,-1.94E+00,2.57E-01,-2.05E-03,4.845679012,0.301910828
-7.70E+01,1.91E+01,2.28E+01,1.27E-01,7.37E-01,-6.84E-02,-4.12E+01,-2.09E+02,5.79E+00,-1.94E+00,2.57E-01,-1.97E-03,4.845679012,0.301910828
-7.70E+01,1.91E+01,2.28E+01,1.27E-01,7.37E-01,-6.85E-02,-4.12E+01,-2.09E+02,5.73E+00,-1.94E+00,2.58E-01,-1.88E-03,4.830769231,0.301910828
-7.71E+01,1.90E+01,2.28E+01,1.27E-01,7.37E-01,-6.86E-02,-4.12E+01,-2.09E+02,5.68E+00,-1.94E+00,2.58E-01,-1.80E-03,4.830769231,0.302547771
-7.71E+01,1.90E+01,2.28E+01,1.27E-01,7.37E-01,-6.87E-02,-4.12E+01,-2.09E+02,5.63E+00,-1.94E+00,2.58E-01,-1.71E-03,4.830769231,0.302547771
-7.71E+01,1.90E+01,2.28E+01,1.27E-01,7.37E-01,-6.88E-02,-4.13E+01,-2.09E+02,5.60E+00,-1.94E+00,2.58E-01,-1.63E-03,4.830769231,0.302547771
-7.71E+01,1.90E+01,2.28E+01,1.27E-01,7.37E-01,-6.88E-02,-4.13E+01,-2.09E+02,5.57E+00,-1.94E+00,2.59E-01,-1.59E-03,4.830769231,0.302547771
-7.71E+01,1.90E+01,2.28E+01,1.27E-01,7.37E-01,-6.89E-02,-4.13E+01,-2.09E+02,5.56E+00,-1.94E+00,2.59E-01,-1.51E-03,4.830769231,0.302547771
-7.71E+01,1.90E+01,2.28E+01,1.27E-01,7.38E-01,-6.89E-02,-4.12E+01,-2.09E+02,5.54E+00,-1.94E+00,2.59E-01,-1.45E-03,4.830769231,0.301910828
-7.70E+01,1.89E+01,2.28E+01,1.28E-01,7.38E-01,-6.89E-02,-4.12E+01,-2.09E+02,5.54E+00,-1.94E+00,2.59E-01,-1.48E-03,4.830769231,0.301910828
-7.70E+01,1.89E+01,2.28E+01,1.28E-01,7.38E-01,-6.89E-02,-4.12E+01,-2.09E+02,5.55E+00,-1.94E+00,2.59E-01,-1.53E-03,4.845679012,0.301910828
-7.69E+01,1.89E+01,2.28E+01,1.28E-01,7.38E-01,-6.89E-02,-4.11E+01,-2.09E+02,5.57E+00,-1.94E+00,2.59E-01,-1.65E-03,4.845679012,0.301910828
-7.68E+01,1.89E+01,2.27E+01,1.28E-01,7.38E-01,-6.89E-02,-4.11E+01,-2.08E+02,5.59E+00,-1.94E+00,2.59E-01,-1.72E-03,4.845679012,0.301273885
-7.67E+01,1.89E+01,2.27E+01,1.28E-01,7.38E-01,-6.88E-02,-4.10E+01,-2.08E+02,5.61E+00,-1.94E+00,2.59E-01,-1.84E-03,4.829721362,0.303205128
-7.67E+01,1.89E+01,2.27E+01,1.28E-01,7.38E-01,-6.88E-02,-4.10E+01,-2.08E+02,5.64E+00,-1.94E+00,2.59E-01,-1.93E-03,4.829721362,0.302564103
-7.66E+01,1.89E+01,2.26E+01,1.28E-01,7.38E-01,-6.88E-02,-4.10E+01,-2.08E+02,5.66E+00,-1.94E+00,2.59E-01,-2.05E-03,4.829721362,0.302564103
-7.65E+01,1.89E+01,2.26E+01,1.28E-01,7.38E-01,-6.88E-02,-4.09E+01,-2.08E+02,5.68E+00,-1.94E+00,2.59E-01,-2.17E-03,4.844720497,0.301923077
-7.65E+01,1.89E+01,2.26E+01,1.28E-01,7.38E-01,-6.88E-02,-4.09E+01,-2.07E+02,5.69E+00,-1.94E+00,2.59E-01,-2.28E-03,4.844720497,0.301923077
-7.65E+01,1.89E+01,2.26E+01,1.28E-01,7.38E-01,-6.88E-02,-4.09E+01,-2.07E+02,5.70E+00,-1.94E+00,2.59E-01,-2.42E-03,4.844720497,0.301923077
-7.64E+01,1.89E+01,2.26E+01,1.28E-01,7.38E-01,-6.88E-02,-4.09E+01,-2.07E+02,5.70E+00,-1.94E+00,2.59E-01,-2.56E-03,4.844720497,0.301282051
-7.64E+01,1.89E+01,2.26E+01,1.28E-01,7.38E-01,-6.88E-02,-4.09E+01,-2.07E+02,5.69E+00,-1.94E+00,2.59E-01,-2.70E-03,4.813664596,0.303225806
-7.65E+01,1.89E+01,2.26E+01,1.28E-01,7.38E-01,-6.88E-02,-4.09E+01,-2.07E+02,5.69E+00,-1.94E+00,2.59E-01,-2.78E-03,4.813664596,0.302580645
-7.65E+01,1.89E+01,2.26E+01,1.28E-01,7.38E-01,-6.88E-02,-4.09E+01,-2.07E+02,5.69E+00,-1.94E+00,2.59E-01,-2.87E-03,4.813664596,0.302580645
-7.65E+01,1.89E+01,2.26E+01,1.28E-01,7.38E-01,-6.88E-02,-4.09E+01,-2.07E+02,5.69E+00,-1.94E+00,2.59E-01,-2.95E-03,4.813664596,0.302580645
-7.66E+01,1.89E+01,2.26E+01,1.27E-01,7.38E-01,-6.88E-02,-4.10E+01,-2.07E+02,5.69E+00,-1.94E+00,2.59E-01,-2.99E-03,4.79876161,0.302580645
-7.66E+01,1.89E+01,2.27E+01,1.27E-01,7.38E-01,-6.88E-02,-4.10E+01,-2.07E+02,5.68E+00,-1.94E+00,2.59E-01,-3.05E-03,4.79876161,0.302580645
-7.67E+01,1.90E+01,2.27E+01,1.27E-01,7.38E-01,-6.88E-02,-4.11E+01,-2.07E+02,5.68E+00,-1.94E+00,2.59E-01,-3.05E-03,4.829721362,0.3
-7.67E+01,1.90E+01,2.27E+01,1.27E-01,7.38E-01,-6.88E-02,-4.11E+01,-2.07E+02,5.68E+00,-1.94E+00,2.59E-01,-3.04E-03,4.814814815,0.300641026
-7.68E+01,1.90E+01,2.28E+01,1.27E-01,7.38E-01,-6.88E-02,-4.12E+01,-2.07E+02,5.68E+00,-1.94E+00,2.58E-01,-3.01E-03,4.814814815,0.300641026
-7.69E+01,1.90E+01,2.28E+01,1.27E-01,7.38E-01,-6.88E-02,-4.12E+01,-2.07E+02,5.68E+00,-1.94E+00,2.58E-01,-2.96E-03,4.8,0.300641026
-7.69E+01,1.90E+01,2.28E+01,1.27E-01,7.38E-01,-6.87E-02,-4.12E+01,-2.08E+02,5.67E+00,-1.94E+00,2.58E-01,-2.91E-03,4.8,0.300641026
-7.70E+01,1.90E+01,2.28E+01,1.27E-01,7.37E-01,-6.87E-02,-4.13E+01,-2.08E+02,5.67E+00,-1.94E+00,2.58E-01,-2.85E-03,4.8,0.300641026
-7.70E+01,1.90E+01,2.28E+01,1.27E-01,7.37E-01,-6.87E-02,-4.13E+01,-2.08E+02,5.66E+00,-1.94E+00,2.58E-01,-2.79E-03,4.8,0.300641026
-7.70E+01,1.90E+01,2.28E+01,1.27E-01,7.37E-01,-6.87E-02,-4.13E+01,-2.08E+02,5.66E+00,-1.94E+00,2.58E-01,-2.73E-03,4.8,0.300641026
-7.71E+01,1.90E+01,2.29E+01,1.27E-01,7.37E-01,-6.86E-02,-4.13E+01,-2.08E+02,5.66E+00,-1.94E+00,2.58E-01,-2.71E-03,4.785276074,0.300641026
-7.71E+01,1.90E+01,2.28E+01,1.27E-01,7.37E-01,-6.86E-02,-4.13E+01,-2.08E+02,5.65E+00,-1.94E+00,2.57E-01,-2.71E-03,4.785276074,0.301282051
-7.71E+01,1.90E+01,2.28E+01,1.27E-01,7.37E-01,-6.86E-02,-4.13E+01,-2.08E+02,5.64E+00,-1.94E+00,2.57E-01,-2.74E-03,4.8,0.301282051
-7.71E+01,1.90E+01,2.28E+01,1.27E-01,7.37E-01,-6.86E-02,-4.13E+01,-2.08E+02,5.62E+00,-1.94E+00,2.57E-01,-2.77E-03,4.8,0.301282051
-7.70E+01,1.90E+01,2.28E+01,1.27E-01,7.37E-01,-6.86E-02,-4.13E+01,-2.08E+02,5.61E+00,-1.94E+00,2.57E-01,-2.84E-03,4.8,0.301282051
-7.70E+01,1.90E+01,2.28E+01,1.27E-01,7.38E-01,-6.86E-02,-4.13E+01,-2.08E+02,5.61E+00,-1.94E+00,2.57E-01,-2.90E-03,4.8,0.301282051
-7.70E+01,1.90E+01,2.28E+01,1.27E-01,7.38E-01,-6.85E-02,-4.12E+01,-2.08E+02,5.62E+00,-1.94E+00,2.57E-01,-2.97E-03,4.8,0.301282051
-7.70E+01,1.90E+01,2.28E+01,1.27E-01,7.38E-01,-6.85E-02,-4.12E+01,-2.08E+02,5.63E+00,-1.94E+00,2.57E-01,-3.03E-03,4.8,0.301282051
-7.70E+01,1.90E+01,2.28E+01,1.27E-01,7.38E-01,-6.85E-02,-4.12E+01,-2.08E+02,5.65E+00,-1.94E+00,2.57E-01,-3.08E-03,4.814814815,0.301282051
-7.70E+01,1.90E+01,2.27E+01,1.27E-01,7.38E-01,-6.85E-02,-4.11E+01,-2.08E+02,5.67E+00,-1.94E+00,2.57E-01,-3.11E-03,4.814814815,0.301282051
-7.70E+01,1.90E+01,2.27E+01,1.27E-01,7.38E-01,-6.85E-02,-4.11E+01,-2.08E+02,5.71E+00,-1.94E+00,2.57E-01,-3.12E-03,4.814814815,0.301282051
-7.70E+01,1.90E+01,2.27E+01,1.27E-01,7.38E-01,-6.85E-02,-4.10E+01,-2.08E+02,5.76E+00,-1.94E+00,2.57E-01,-3.10E-03,4.829721362,0.301923077
-7.70E+01,1.90E+01,2.27E+01,1.27E-01,7.38E-01,-6.85E-02,-4.10E+01,-2.08E+02,5.81E+00,-1.94E+00,2.58E-01,-3.08E-03,4.829721362,0.301923077
-7.70E+01,1.90E+01,2.27E+01,1.27E-01,7.38E-01,-6.86E-02,-4.10E+01,-2.08E+02,5.86E+00,-1.94E+00,2.58E-01,-3.07E-03,4.829721362,0.301923077
-7.70E+01,1.90E+01,2.27E+01,1.27E-01,7.38E-01,-6.86E-02,-4.10E+01,-2.08E+02,5.91E+00,-1.94E+00,2.58E-01,-3.09E-03,4.829721362,0.301923077
-7.70E+01,1.90E+01,2.27E+01,1.27E-01,7.38E-01,-6.86E-02,-4.10E+01,-2.08E+02,5.95E+00,-1.94E+00,2.58E-01,-3.09E-03,4.829721362,0.301923077
-7.71E+01,1.90E+01,2.27E+01,1.27E-01,7.38E-01,-6.86E-02,-4.09E+01,-2.08E+02,5.99E+00,-1.94E+00,2.58E-01,-3.13E-03,4.829721362,0.301923077
-7.71E+01,1.90E+01,2.27E+01,1.27E-01,7.39E-01,-6.87E-02,-4.09E+01,-2.08E+02,6.02E+00,-1.94E+00,2.58E-01,-3.12E-03,4.829721362,0.302564103
-7.72E+01,1.91E+01,2.27E+01,1.27E-01,7.39E-01,-6.87E-02,-4.10E+01,-2.08E+02,6.04E+00,-1.94E+00,2.58E-01,-3.15E-03,4.829721362,0.302564103
-7.72E+01,1.91E+01,2.28E+01,1.27E-01,7.39E-01,-6.87E-02,-4.10E+01,-2.08E+02,6.04E+00,-1.94E+00,2.58E-01,-3.16E-03,4.860681115,0.300636943
-7.73E+01,1.91E+01,2.28E+01,1.27E-01,7.39E-01,-6.88E-02,-4.10E+01,-2.09E+02,6.03E+00,-1.94E+00,2.58E-01,-3.19E-03,4.860681115,0.300636943
-7.74E+01,1.91E+01,2.28E+01,1.27E-01,7.39E-01,-6.88E-02,-4.11E+01,-2.09E+02,6.00E+00,-1.94E+00,2.59E-01,-3.17E-03,4.845679012,0.301273885
-7.75E+01,1.91E+01,2.29E+01,1.27E-01,7.38E-01,-6.88E-02,-4.11E+01,-2.09E+02,5.96E+00,-1.94E+00,2.58E-01,-3.18E-03,4.845679012,0.301273885
-7.75E+01,1.91E+01,2.29E+01,1.27E-01,7.38E-01,-6.88E-02,-4.12E+01,-2.09E+02,5.91E+00,-1.94E+00,2.58E-01,-3.17E-03,4.845679012,0.301273885
-7.76E+01,1.91E+01,2.29E+01,1.27E-01,7.38E-01,-6.88E-02,-4.12E+01,-2.09E+02,5.86E+00,-1.94E+00,2.58E-01,-3.15E-03,4.830769231,0.301273885
-7.76E+01,1.91E+01,2.30E+01,1.27E-01,7.38E-01,-6.88E-02,-4.13E+01,-2.09E+02,5.80E+00,-1.94E+00,2.58E-01,-3.13E-03,4.830769231,0.301273885
-7.77E+01,1.91E+01,2.30E+01,1.27E-01,7.38E-01,-6.87E-02,-4.13E+01,-2.09E+02,5.74E+00,-1.94E+00,2.58E-01,-3.14E-03,4.81595092,0.301273885
-7.77E+01,1.91E+01,2.30E+01,1.26E-01,7.38E-01,-6.87E-02,-4.14E+01,-2.10E+02,5.69E+00,-1.94E+00,2.58E-01,-3.14E-03,4.81595092,0.301273885
-7.77E+01,1.91E+01,2.31E+01,1.26E-01,7.38E-01,-6.87E-02,-4.14E+01,-2.10E+02,5.65E+00,-1.94E+00,2.58E-01,-3.16E-03,4.81595092,0.301273885
-7.78E+01,1.91E+01,2.31E+01,1.26E-01,7.38E-01,-6.86E-02,-4.15E+01,-2.10E+02,5.61E+00,-1.94E+00,2.57E-01,-3.16E-03,4.831804281,0.299367089
-7.78E+01,1.91E+01,2.31E+01,1.26E-01,7.38E-01,-6.86E-02,-4.15E+01,-2.10E+02,5.58E+00,-1.94E+00,2.57E-01,-3.22E-03,4.831804281,0.299367089
-7.77E+01,1.91E+01,2.31E+01,1.26E-01,7.38E-01,-6.85E-02,-4.16E+01,-2.10E+02,5.58E+00,-1.94E+00,2.57E-01,-3.24E-03,4.831804281,0.299367089
-7.77E+01,1.91E+01,2.31E+01,1.26E-01,7.38E-01,-6.84E-02,-4.16E+01,-2.10E+02,5.61E+00,-1.94E+00,2.57E-01,-3.26E-03,4.831804281,0.299367089
-7.77E+01,1.92E+01,2.31E+01,1.26E-01,7.38E-01,-6.84E-02,-4.16E+01,-2.10E+02,5.65E+00,-1.94E+00,2.56E-01,-3.29E-03,4.801223242,0.300636943
-7.76E+01,1.92E+01,2.31E+01,1.26E-01,7.37E-01,-6.83E-02,-4.16E+01,-2.09E+02,5.72E+00,-1.94E+00,2.56E-01,-3.32E-03,4.801223242,0.300636943
-7.75E+01,1.92E+01,2.31E+01,1.26E-01,7.37E-01,-6.83E-02,-4.16E+01,-2.09E+02,5.78E+00,-1.94E+00,2.56E-01,-3.33E-03,4.801223242,0.300636943
-7.75E+01,1.92E+01,2.30E+01,1.26E-01,7.37E-01,-6.82E-02,-4.16E+01,-2.09E+02,5.85E+00,-1.94E+00,2.56E-01,-3.37E-03,4.801223242,0.300636943
-7.74E+01,1.93E+01,2.30E+01,1.26E-01,7.37E-01,-6.82E-02,-4.15E+01,-2.09E+02,5.92E+00,-1.94E+00,2.56E-01,-3.38E-03,4.801223242,0.300636943
-7.74E+01,1.93E+01,2.30E+01,1.26E-01,7.37E-01,-6.82E-02,-4.15E+01,-2.09E+02,5.99E+00,-1.94E+00,2.56E-01,-3.40E-03,4.801223242,0.300636943
-7.73E+01,1.93E+01,2.30E+01,1.26E-01,7.37E-01,-6.82E-02,-4.15E+01,-2.09E+02,6.05E+00,-1.94E+00,2.56E-01,-3.45E-03,4.801223242,0.300636943
-7.73E+01,1.93E+01,2.30E+01,1.26E-01,7.37E-01,-6.81E-02,-4.15E+01,-2.09E+02,6.09E+00,-1.94E+00,2.56E-01,-3.46E-03,4.801223242,0.3
-7.73E+01,1.93E+01,2.29E+01,1.26E-01,7.37E-01,-6.82E-02,-4.15E+01,-2.09E+02,6.12E+00,-1.94E+00,2.56E-01,-3.51E-03,4.801223242,0.3
-7.72E+01,1.93E+01,2.29E+01,1.26E-01,7.37E-01,-6.82E-02,-4.15E+01,-2.09E+02,6.12E+00,-1.94E+00,2.56E-01,-3.57E-03,4.81595092,0.3
-7.72E+01,1.93E+01,2.29E+01,1.26E-01,7.37E-01,-6.82E-02,-4.15E+01,-2.09E+02,6.10E+00,-1.94E+00,2.56E-01,-3.64E-03,4.81595092,0.3
-7.72E+01,1.93E+01,2.29E+01,1.26E-01,7.37E-01,-6.82E-02,-4.15E+01,-2.09E+02,6.06E+00,-1.94E+00,2.56E-01,-3.74E-03,4.81595092,0.3
-7.73E+01,1.93E+01,2.29E+01,1.26E-01,7.37E-01,-6.83E-02,-4.15E+01,-2.09E+02,6.01E+00,-1.94E+00,2.56E-01,-3.83E-03,4.801223242,0.3
-7.73E+01,1.93E+01,2.29E+01,1.26E-01,7.37E-01,-6.83E-02,-4.15E+01,-2.09E+02,5.93E+00,-1.94E+00,2.56E-01,-3.95E-03,4.801223242,0.3
-7.73E+01,1.92E+01,2.30E+01,1.26E-01,7.37E-01,-6.84E-02,-4.15E+01,-2.09E+02,5.84E+00,-1.94E+00,2.57E-01,-4.05E-03,4.801223242,0.3
-7.73E+01,1.92E+01,2.30E+01,1.26E-01,7.37E-01,-6.84E-02,-4.15E+01,-2.09E+02,5.74E+00,-1.94E+00,2.57E-01,-4.17E-03,4.801223242,0.3
-7.73E+01,1.92E+01,2.30E+01,1.26E-01,7.37E-01,-6.85E-02,-4.15E+01,-2.09E+02,5.65E+00,-1.94E+00,2.57E-01,-4.30E-03,4.801223242,0.3
-7.73E+01,1.91E+01,2.30E+01,1.26E-01,7.37E-01,-6.85E-02,-4.16E+01,-2.09E+02,5.56E+00,-1.94E+00,2.57E-01,-4.43E-03,4.801223242,0.299363057
-7.73E+01,1.91E+01,2.30E+01,1.26E-01,7.36E-01,-6.86E-02,-4.16E+01,-2.09E+02,5.49E+00,-1.94E+00,2.57E-01,-4.55E-03,4.801223242,0.299363057
-7.73E+01,1.91E+01,2.30E+01,1.26E-01,7.36E-01,-6.86E-02,-4.15E+01,-2.09E+02,5.43E+00,-1.94E+00,2.57E-01,-4.68E-03,4.801223242,0.299363057
-7.73E+01,1.90E+01,2.30E+01,1.26E-01,7.36E-01,-6.87E-02,-4.15E+01,-2.08E+02,5.40E+00,-1.94E+00,2.57E-01,-4.79E-03,4.801223242,0.299363057
-7.72E+01,1.90E+01,2.29E+01,1.26E-01,7.36E-01,-6.87E-02,-4.15E+01,-2.08E+02,5.38E+00,-1.94E+00,2.57E-01,-4.88E-03,4.801223242,0.299363057
-7.72E+01,1.90E+01,2.29E+01,1.26E-01,7.36E-01,-6.87E-02,-4.14E+01,-2.08E+02,5.38E+00,-1.94E+00,2.58E-01,-4.97E-03,4.785276074,0.301282051
-7.72E+01,1.90E+01,2.29E+01,1.26E-01,7.36E-01,-6.88E-02,-4.14E+01,-2.08E+02,5.41E+00,-1.94E+00,2.58E-01,-5.03E-03,4.785276074,0.301282051
-7.71E+01,1.90E+01,2.29E+01,1.27E-01,7.37E-01,-6.88E-02,-4.14E+01,-2.08E+02,5.46E+00,-1.94E+00,2.58E-01,-5.08E-03,4.785276074,0.301282051
-7.70E+01,1.90E+01,2.28E+01,1.27E-01,7.37E-01,-6.88E-02,-4.13E+01,-2.08E+02,5.54E+00,-1.94E+00,2.58E-01,-5.09E-03,4.8,0.301282051
-7.70E+01,1.90E+01,2.28E+01,1.27E-01,7.37E-01,-6.88E-02,-4.12E+01,-2.08E+02,5.62E+00,-1.94E+00,2.58E-01,-5.12E-03,4.8,0.301282051
-7.70E+01,1.90E+01,2.28E+01,1.27E-01,7.37E-01,-6.88E-02,-4.12E+01,-2.08E+02,5.69E+00,-1.94E+00,2.58E-01,-5.15E-03,4.814814815,0.301282051
-7.69E+01,1.91E+01,2.27E+01,1.27E-01,7.37E-01,-6.89E-02,-4.11E+01,-2.08E+02,5.76E+00,-1.94E+00,2.58E-01,-5.12E-03,4.814814815,0.301282051
-7.69E+01,1.91E+01,2.27E+01,1.27E-01,7.37E-01,-6.89E-02,-4.11E+01,-2.08E+02,5.82E+00,-1.94E+00,2.59E-01,-5.06E-03,4.814814815,0.301282051
-7.69E+01,1.91E+01,2.27E+01,1.27E-01,7.37E-01,-6.89E-02,-4.11E+01,-2.07E+02,5.86E+00,-1.94E+00,2.59E-01,-5.01E-03,4.814814815,0.301282051
-7.68E+01,1.91E+01,2.27E+01,1.27E-01,7.37E-01,-6.89E-02,-4.10E+01,-2.07E+02,5.89E+00,-1.94E+00,2.59E-01,-4.95E-03,4.829721362,0.301282051
-7.68E+01,1.91E+01,2.27E+01,1.27E-01,7.37E-01,-6.89E-02,-4.10E+01,-2.07E+02,5.90E+00,-1.94E+00,2.59E-01,-4.90E-03,4.829721362,0.301282051
-7.68E+01,1.91E+01,2.27E+01,1.27E-01,7.37E-01,-6.90E-02,-4.10E+01,-2.07E+02,5.89E+00,-1.94E+00,2.59E-01,-4.83E-03,4.829721362,0.301282051
-7.68E+01,1.91E+01,2.27E+01,1.27E-01,7.37E-01,-6.90E-02,-4.10E+01,-2.07E+02,5.87E+00,-1.94E+00,2.59E-01,-4.74E-03,4.829721362,0.301282051
-7.68E+01,1.91E+01,2.27E+01,1.27E-01,7.37E-01,-6.90E-02,-4.10E+01,-2.07E+02,5.84E+00,-1.94E+00,2.60E-01,-4.66E-03,4.829721362,0.301282051
-7.68E+01,1.91E+01,2.27E+01,1.27E-01,7.38E-01,-6.91E-02,-4.10E+01,-2.07E+02,5.80E+00,-1.94E+00,2.60E-01,-4.59E-03,4.829721362,0.301282051
-7.69E+01,1.91E+01,2.27E+01,1.27E-01,7.38E-01,-6.91E-02,-4.11E+01,-2.07E+02,5.75E+00,-1.94E+00,2.60E-01,-4.52E-03,4.814814815,0.300641026
-7.69E+01,1.91E+01,2.27E+01,1.27E-01,7.38E-01,-6.91E-02,-4.11E+01,-2.08E+02,5.70E+00,-1.94E+00,2.60E-01,-4.39E-03,4.814814815,0.300641026
-7.69E+01,1.91E+01,2.28E+01,1.27E-01,7.38E-01,-6.92E-02,-4.12E+01,-2.08E+02,5.66E+00,-1.94E+00,2.60E-01,-4.33E-03,4.814814815,0.300641026
-7.70E+01,1.91E+01,2.28E+01,1.27E-01,7.38E-01,-6.92E-02,-4.12E+01,-2.08E+02,5.62E+00,-1.94E+00,2.60E-01,-4.24E-03,4.8,0.300641026
-7.70E+01,1.91E+01,2.28E+01,1.27E-01,7.38E-01,-6.92E-02,-4.12E+01,-2.08E+02,5.59E+00,-1.94E+00,2.60E-01,-4.14E-03,4.8,0.300641026
-7.70E+01,1.91E+01,2.28E+01,1.27E-01,7.38E-01,-6.92E-02,-4.13E+01,-2.08E+02,5.56E+00,-1.94E+00,2.60E-01,-4.09E-03,4.8,0.301282051
-7.70E+01,1.91E+01,2.28E+01,1.27E-01,7.38E-01,-6.92E-02,-4.13E+01,-2.08E+02,5.55E+00,-1.94E+00,2.60E-01,-4.00E-03,4.8,0.301282051
-7.71E+01,1.91E+01,2.29E+01,1.27E-01,7.38E-01,-6.92E-02,-4.13E+01,-2.08E+02,5.55E+00,-1.94E+00,2.60E-01,-3.92E-03,4.8,0.301282051
-7.71E+01,1.91E+01,2.29E+01,1.27E-01,7.38E-01,-6.92E-02,-4.13E+01,-2.08E+02,5.57E+00,-1.94E+00,2.60E-01,-3.85E-03,4.785276074,0.301923077
-7.71E+01,1.91E+01,2.29E+01,1.27E-01,7.38E-01,-6.92E-02,-4.13E+01,-2.08E+02,5.60E+00,-1.94E+00,2.60E-01,-3.83E-03,4.81595092,0.3
-7.71E+01,1.91E+01,2.29E+01,1.27E-01,7.38E-01,-6.92E-02,-4.13E+01,-2.08E+02,5.62E+00,-1.94E+00,2.60E-01,-3.80E-03,4.81595092,0.3
-7.71E+01,1.91E+01,2.29E+01,1.27E-01,7.38E-01,-6.92E-02,-4.13E+01,-2.09E+02,5.64E+00,-1.94E+00,2.60E-01,-3.81E-03,4.830769231,0.300636943
-7.71E+01,1.91E+01,2.28E+01,1.27E-01,7.38E-01,-6.91E-02,-4.13E+01,-2.09E+02,5.66E+00,-1.94E+00,2.59E-01,-3.81E-03,4.830769231,0.301273885
-7.71E+01,1.91E+01,2.28E+01,1.27E-01,7.38E-01,-6.91E-02,-4.13E+01,-2.09E+02,5.69E+00,-1.94E+00,2.59E-01,-3.81E-03,4.830769231,0.301273885
-7.71E+01,1.91E+01,2.28E+01,1.27E-01,7.38E-01,-6.91E-02,-4.13E+01,-2.09E+02,5.71E+00,-1.94E+00,2.59E-01,-3.81E-03,4.830769231,0.301910828
-7.71E+01,1.91E+01,2.28E+01,1.27E-01,7.38E-01,-6.91E-02,-4.12E+01,-2.09E+02,5.72E+00,-1.94E+00,2.59E-01,-3.86E-03,4.830769231,0.301910828
-7.72E+01,1.91E+01,2.28E+01,1.27E-01,7.38E-01,-6.90E-02,-4.12E+01,-2.09E+02,5.74E+00,-1.94E+00,2.59E-01,-3.85E-03,4.830769231,0.301910828
-7.71E+01,1.90E+01,2.28E+01,1.27E-01,7.38E-01,-6.90E-02,-4.12E+01,-2.09E+02,5.75E+00,-1.94E+00,2.59E-01,-3.85E-03,4.845679012,0.302547771
-7.71E+01,1.90E+01,2.28E+01,1.27E-01,7.38E-01,-6.90E-02,-4.12E+01,-2.09E+02,5.76E+00,-1.94E+00,2.59E-01,-3.86E-03,4.845679012,0.302547771
-7.71E+01,1.90E+01,2.28E+01,1.27E-01,7.38E-01,-6.90E-02,-4.11E+01,-2.09E+02,5.77E+00,-1.94E+00,2.59E-01,-3.88E-03,4.845679012,0.302547771
-7.71E+01,1.90E+01,2.28E+01,1.27E-01,7.38E-01,-6.90E-02,-4.11E+01,-2.09E+02,5.77E+00,-1.94E+00,2.59E-01,-3.92E-03,4.845679012,0.302547771
-7.71E+01,1.90E+01,2.28E+01,1.27E-01,7.37E-01,-6.89E-02,-4.11E+01,-2.09E+02,5.78E+00,-1.94E+00,2.59E-01,-3.93E-03,4.845679012,0.303184713
-7.72E+01,1.90E+01,2.28E+01,1.27E-01,7.37E-01,-6.89E-02,-4.11E+01,-2.09E+02,5.79E+00,-1.94E+00,2.59E-01,-3.97E-03,4.845679012,0.303184713
-7.72E+01,1.90E+01,2.28E+01,1.27E-01,7.37E-01,-6.89E-02,-4.11E+01,-2.09E+02,5.81E+00,-1.94E+00,2.58E-01,-4.01E-03,4.845679012,0.303184713
-7.72E+01,1.90E+01,2.28E+01,1.27E-01,7.37E-01,-6.89E-02,-4.11E+01,-2.09E+02,5.83E+00,-1.94E+00,2.58E-01,-4.03E-03,4.845679012,0.303184713
-7.72E+01,1.90E+01,2.28E+01,1.27E-01,7.37E-01,-6.89E-02,-4.11E+01,-2.10E+02,5.85E+00,-1.94E+00,2.58E-01,-4.02E-03,4.845679012,0.303184713
-7.72E+01,1.91E+01,2.28E+01,1.27E-01,7.37E-01,-6.88E-02,-4.11E+01,-2.10E+02,5.86E+00,-1.94E+00,2.58E-01,-4.01E-03,4.87654321,0.301265823
-7.72E+01,1.91E+01,2.29E+01,1.27E-01,7.37E-01,-6.88E-02,-4.12E+01,-2.10E+02,5.87E+00,-1.94E+00,2.58E-01,-3.97E-03,4.87654321,0.301265823
-7.73E+01,1.91E+01,2.29E+01,1.27E-01,7.37E-01,-6.88E-02,-4.12E+01,-2.10E+02,5.88E+00,-1.94E+00,2.58E-01,-3.95E-03,4.861538462,0.301265823
-7.73E+01,1.91E+01,2.29E+01,1.27E-01,7.37E-01,-6.88E-02,-4.12E+01,-2.10E+02,5.87E+00,-1.94E+00,2.58E-01,-3.92E-03,4.861538462,0.301265823
-7.73E+01,1.91E+01,2.29E+01,1.27E-01,7.37E-01,-6.88E-02,-4.13E+01,-2.10E+02,5.86E+00,-1.94E+00,2.58E-01,-3.87E-03,4.861538462,0.301898734
-7.74E+01,1.91E+01,2.29E+01,1.27E-01,7.37E-01,-6.88E-02,-4.13E+01,-2.10E+02,5.84E+00,-1.94E+00,2.57E-01,-3.80E-03,4.861538462,0.301898734
-7.74E+01,1.91E+01,2.30E+01,1.27E-01,7.37E-01,-6.88E-02,-4.13E+01,-2.10E+02,5.81E+00,-1.94E+00,2.57E-01,-3.73E-03,4.861538462,0.301898734
-7.75E+01,1.91E+01,2.30E+01,1.27E-01,7.37E-01,-6.88E-02,-4.14E+01,-2.10E+02,5.76E+00,-1.94E+00,2.57E-01,-3.64E-03,4.846625767,0.301898734
-7.75E+01,1.91E+01,2.30E+01,1.26E-01,7.37E-01,-6.88E-02,-4.14E+01,-2.10E+02,5.71E+00,-1.94E+00,2.57E-01,-3.56E-03,4.846625767,0.301898734
-7.76E+01,1.91E+01,2.30E+01,1.26E-01,7.37E-01,-6.88E-02,-4.14E+01,-2.11E+02,5.67E+00,-1.94E+00,2.57E-01,-3.47E-03,4.846625767,0.301898734
-7.76E+01,1.91E+01,2.30E+01,1.26E-01,7.37E-01,-6.88E-02,-4.14E+01,-2.11E+02,5.62E+00,-1.94E+00,2.57E-01,-3.35E-03,4.846625767,0.301898734
-7.76E+01,1.91E+01,2.30E+01,1.26E-01,7.37E-01,-6.87E-02,-4.15E+01,-2.11E+02,5.56E+00,-1.94E+00,2.56E-01,-3.24E-03,4.831804281,0.301898734
-7.76E+01,1.91E+01,2.30E+01,1.26E-01,7.37E-01,-6.87E-02,-4.15E+01,-2.11E+02,5.51E+00,-1.94E+00,2.56E-01,-3.13E-03,4.831804281,0.302531646
-7.77E+01,1.91E+01,2.30E+01,1.26E-01,7.37E-01,-6.87E-02,-4.15E+01,-2.11E+02,5.47E+00,-1.94E+00,2.56E-01,-3.01E-03,4.831804281,0.302531646
-7.77E+01,1.91E+01,2.30E+01,1.26E-01,7.37E-01,-6.86E-02,-4.15E+01,-2.11E+02,5.45E+00,-1.94E+00,2.55E-01,-2.89E-03,4.831804281,0.302531646
-7.77E+01,1.91E+01,2.30E+01,1.26E-01,7.37E-01,-6.86E-02,-4.15E+01,-2.11E+02,5.44E+00,-1.94E+00,2.55E-01,-2.76E-03,4.831804281,0.302531646
-7.77E+01,1.91E+01,2.30E+01,1.26E-01,7.37E-01,-6.85E-02,-4.15E+01,-2.11E+02,5.47E+00,-1.94E+00,2.55E-01,-2.63E-03,4.831804281,0.302531646
-7.76E+01,1.91E+01,2.30E+01,1.25E-01,7.37E-01,-6.84E-02,-4.15E+01,-2.11E+02,5.51E+00,-1.94E+00,2.55E-01,-2.52E-03,4.831804281,0.302531646
-7.76E+01,1.92E+01,2.30E+01,1.25E-01,7.37E-01,-6.84E-02,-4.15E+01,-2.11E+02,5.58E+00,-1.94E+00,2.54E-01,-2.43E-03,4.831804281,0.302531646
-7.76E+01,1.92E+01,2.29E+01,1.25E-01,7.37E-01,-6.83E-02,-4.14E+01,-2.10E+02,5.65E+00,-1.94E+00,2.54E-01,-2.36E-03,4.846625767,0.301898734
-7.75E+01,1.92E+01,2.29E+01,1.25E-01,7.37E-01,-6.83E-02,-4.14E+01,-2.10E+02,5.74E+00,-1.94E+00,2.54E-01,-2.32E-03,4.846625767,0.301898734
-7.75E+01,1.92E+01,2.29E+01,1.25E-01,7.37E-01,-6.82E-02,-4.13E+01,-2.10E+02,5.84E+00,-1.94E+00,2.54E-01,-2.33E-03,4.846625767,0.301898734
-7.75E+01,1.92E+01,2.29E+01,1.25E-01,7.37E-01,-6.82E-02,-4.13E+01,-2.10E+02,5.94E+00,-1.94E+00,2.54E-01,-2.38E-03,4.861538462,0.301898734
-7.74E+01,1.92E+01,2.28E+01,1.25E-01,7.37E-01,-6.82E-02,-4.12E+01,-2.10E+02,6.05E+00,-1.94E+00,2.54E-01,-2.48E-03,4.861538462,0.301898734
-7.74E+01,1.93E+01,2.28E+01,1.26E-01,7.37E-01,-6.82E-02,-4.12E+01,-2.10E+02,6.14E+00,-1.94E+00,2.55E-01,-2.64E-03,4.861538462,0.301898734
-7.74E+01,1.93E+01,2.28E+01,1.26E-01,7.37E-01,-6.82E-02,-4.12E+01,-2.10E+02,6.22E+00,-1.94E+00,2.55E-01,-2.83E-03,4.87654321,0.301898734
-7.74E+01,1.93E+01,2.28E+01,1.26E-01,7.37E-01,-6.83E-02,-4.11E+01,-2.10E+02,6.27E+00,-1.94E+00,2.55E-01,-3.05E-03,4.87654321,0.301898734
-7.74E+01,1.92E+01,2.28E+01,1.26E-01,7.37E-01,-6.84E-02,-4.11E+01,-2.10E+02,6.29E+00,-1.94E+00,2.55E-01,-3.36E-03,4.87654321,0.301898734
-7.74E+01,1.92E+01,2.28E+01,1.26E-01,7.37E-01,-6.84E-02,-4.11E+01,-2.10E+02,6.29E+00,-1.94E+00,2.56E-01,-3.65E-03,4.87654321,0.302531646
-7.75E+01,1.92E+01,2.28E+01,1.26E-01,7.37E-01,-6.85E-02,-4.11E+01,-2.10E+02,6.27E+00,-1.94E+00,2.56E-01,-3.94E-03,4.87654321,0.302531646
-7.75E+01,1.92E+01,2.28E+01,1.26E-01,7.37E-01,-6.85E-02,-4.11E+01,-2.10E+02,6.24E+00,-1.94E+00,2.56E-01,-4.25E-03,4.87654321,0.302531646
-7.76E+01,1.92E+01,2.28E+01,1.26E-01,7.37E-01,-6.86E-02,-4.12E+01,-2.10E+02,6.18E+00,-1.94E+00,2.56E-01,-4.52E-03,4.87654321,0.302531646
-7.76E+01,1.92E+01,2.29E+01,1.26E-01,7.37E-01,-6.86E-02,-4.12E+01,-2.10E+02,6.11E+00,-1.94E+00,2.56E-01,-4.75E-03,4.861538462,0.302531646
-7.76E+01,1.91E+01,2.29E+01,1.26E-01,7.36E-01,-6.86E-02,-4.13E+01,-2.10E+02,6.03E+00,-1.94E+00,2.56E-01,-4.91E-03,4.861538462,0.302531646
-7.77E+01,1.91E+01,2.29E+01,1.26E-01,7.36E-01,-6.86E-02,-4.13E+01,-2.11E+02,5.95E+00,-1.94E+00,2.56E-01,-5.03E-03,4.861538462,0.302531646
-7.77E+01,1.91E+01,2.30E+01,1.26E-01,7.36E-01,-6.86E-02,-4.14E+01,-2.11E+02,5.86E+00,-1.94E+00,2.56E-01,-5.11E-03,4.846625767,0.302531646
-7.77E+01,1.91E+01,2.30E+01,1.26E-01,7.37E-01,-6.86E-02,-4.14E+01,-2.11E+02,5.77E+00,-1.94E+00,2.56E-01,-5.15E-03,4.846625767,0.302531646
-7.77E+01,1.91E+01,2.30E+01,1.26E-01,7.37E-01,-6.85E-02,-4.14E+01,-2.11E+02,5.69E+00,-1.94E+00,2.56E-01,-5.13E-03,4.846625767,0.301898734
-7.76E+01,1.90E+01,2.30E+01,1.26E-01,7.37E-01,-6.85E-02,-4.15E+01,-2.10E+02,5.63E+00,-1.94E+00,2.56E-01,-5.09E-03,4.846625767,0.301898734
-7.76E+01,1.90E+01,2.30E+01,1.26E-01,7.37E-01,-6.84E-02,-4.15E+01,-2.10E+02,5.59E+00,-1.94E+00,2.55E-01,-5.02E-03,4.846625767,0.301898734
-7.75E+01,1.90E+01,2.30E+01,1.26E-01,7.37E-01,-6.84E-02,-4.15E+01,-2.10E+02,5.57E+00,-1.94E+00,2.55E-01,-4.91E-03,4.846625767,0.301265823
-7.74E+01,1.90E+01,2.30E+01,1.26E-01,7.37E-01,-6.83E-02,-4.14E+01,-2.10E+02,5.58E+00,-1.94E+00,2.55E-01,-4.77E-03,4.846625767,0.300632911
-7.73E+01,1.90E+01,2.29E+01,1.26E-01,7.37E-01,-6.83E-02,-4.14E+01,-2.10E+02,5.62E+00,-1.94E+00,2.55E-01,-4.61E-03,4.81595092,0.302547771
-7.73E+01,1.91E+01,2.29E+01,1.26E-01,7.37E-01,-6.82E-02,-4.14E+01,-2.09E+02,5.68E+00,-1.94E+00,2.55E-01,-4.47E-03,4.81595092,0.301910828
-7.72E+01,1.91E+01,2.29E+01,1.26E-01,7.37E-01,-6.82E-02,-4.13E+01,-2.09E+02,5.75E+00,-1.94E+00,2.55E-01,-4.31E-03,4.81595092,0.301273885
-7.71E+01,1.91E+01,2.28E+01,1.26E-01,7.37E-01,-6.82E-02,-4.13E+01,-2.09E+02,5.82E+00,-1.94E+00,2.55E-01,-4.19E-03,4.830769231,0.301273885
-7.70E+01,1.91E+01,2.28E+01,1.26E-01,7.37E-01,-6.82E-02,-4.13E+01,-2.08E+02,5.90E+00,-1.94E+00,2.55E-01,-4.09E-03,4.830769231,0.300636943
-7.69E+01,1.91E+01,2.28E+01,1.26E-01,7.37E-01,-6.82E-02,-4.12E+01,-2.08E+02,5.96E+00,-1.94E+00,2.55E-01,-3.99E-03,4.8,0.301923077
-7.69E+01,1.92E+01,2.27E+01,1.26E-01,7.37E-01,-6.82E-02,-4.12E+01,-2.08E+02,6.02E+00,-1.94E+00,2.55E-01,-3.93E-03,4.814814815,0.301282051
-7.69E+01,1.92E+01,2.27E+01,1.26E-01,7.37E-01,-6.82E-02,-4.12E+01,-2.08E+02,6.06E+00,-1.94E+00,2.56E-01,-3.92E-03,4.814814815,0.301282051
-7.68E+01,1.92E+01,2.27E+01,1.26E-01,7.37E-01,-6.83E-02,-4.12E+01,-2.07E+02,6.08E+00,-1.94E+00,2.56E-01,-3.91E-03,4.814814815,0.300641026
-7.68E+01,1.92E+01,2.27E+01,1.26E-01,7.37E-01,-6.83E-02,-4.11E+01,-2.07E+02,6.08E+00,-1.94E+00,2.56E-01,-3.94E-03,4.814814815,0.300641026
-7.68E+01,1.92E+01,2.27E+01,1.26E-01,7.37E-01,-6.84E-02,-4.11E+01,-2.07E+02,6.07E+00,-1.94E+00,2.56E-01,-3.99E-03,4.814814815,0.3
-7.69E+01,1.92E+01,2.27E+01,1.26E-01,7.37E-01,-6.85E-02,-4.12E+01,-2.07E+02,6.02E+00,-1.94E+00,2.57E-01,-4.04E-03,4.783950617,0.301935484
-7.69E+01,1.92E+01,2.27E+01,1.26E-01,7.37E-01,-6.85E-02,-4.12E+01,-2.07E+02,5.96E+00,-1.94E+00,2.57E-01,-4.09E-03,4.783950617,0.301290323
-7.69E+01,1.92E+01,2.28E+01,1.27E-01,7.37E-01,-6.86E-02,-4.12E+01,-2.07E+02,5.88E+00,-1.94E+00,2.57E-01,-4.13E-03,4.783950617,0.301290323
-7.69E+01,1.91E+01,2.28E+01,1.27E-01,7.37E-01,-6.87E-02,-4.12E+01,-2.07E+02,5.78E+00,-1.94E+00,2.58E-01,-4.16E-03,4.769230769,0.301290323
-7.69E+01,1.91E+01,2.28E+01,1.27E-01,7.37E-01,-6.87E-02,-4.12E+01,-2.07E+02,5.69E+00,-1.94E+00,2.58E-01,-4.17E-03,4.769230769,0.300645161
-7.69E+01,1.91E+01,2.28E+01,1.27E-01,7.37E-01,-6.88E-02,-4.13E+01,-2.07E+02,5.61E+00,-1.94E+00,2.58E-01,-4.19E-03,4.769230769,0.300645161
-7.69E+01,1.91E+01,2.28E+01,1.27E-01,7.37E-01,-6.88E-02,-4.13E+01,-2.07E+02,5.54E+00,-1.94E+00,2.58E-01,-4.15E-03,4.769230769,0.300645161
-7.69E+01,1.90E+01,2.28E+01,1.27E-01,7.37E-01,-6.89E-02,-4.13E+01,-2.07E+02,5.48E+00,-1.94E+00,2.59E-01,-4.12E-03,4.769230769,0.300645161
-7.69E+01,1.90E+01,2.28E+01,1.27E-01,7.37E-01,-6.89E-02,-4.13E+01,-2.07E+02,5.45E+00,-1.94E+00,2.59E-01,-4.07E-03,4.769230769,0.300645161
-7.69E+01,1.90E+01,2.28E+01,1.27E-01,7.37E-01,-6.89E-02,-4.12E+01,-2.07E+02,5.43E+00,-1.94E+00,2.59E-01,-4.04E-03,4.769230769,0.300645161
-7.68E+01,1.89E+01,2.28E+01,1.27E-01,7.37E-01,-6.89E-02,-4.12E+01,-2.07E+02,5.44E+00,-1.94E+00,2.59E-01,-4.01E-03,4.769230769,0.301290323
-7.68E+01,1.89E+01,2.28E+01,1.27E-01,7.37E-01,-6.89E-02,-4.12E+01,-2.07E+02,5.46E+00,-1.94E+00,2.59E-01,-3.97E-03,4.783950617,0.301290323
-7.67E+01,1.89E+01,2.27E+01,1.27E-01,7.37E-01,-6.89E-02,-4.11E+01,-2.07E+02,5.51E+00,-1.94E+00,2.59E-01,-3.95E-03,4.783950617,0.301290323
-7.67E+01,1.89E+01,2.27E+01,1.27E-01,7.37E-01,-6.89E-02,-4.11E+01,-2.07E+02,5.58E+00,-1.94E+00,2.59E-01,-3.95E-03,4.783950617,0.301290323
-7.67E+01,1.89E+01,2.27E+01,1.28E-01,7.37E-01,-6.89E-02,-4.11E+01,-2.07E+02,5.66E+00,-1.94E+00,2.60E-01,-3.95E-03,4.79876161,0.301935484
-7.67E+01,1.90E+01,2.27E+01,1.28E-01,7.37E-01,-6.89E-02,-4.10E+01,-2.07E+02,5.74E+00,-1.94E+00,2.60E-01,-3.96E-03,4.79876161,0.301935484
-7.67E+01,1.90E+01,2.27E+01,1.28E-01,7.37E-01,-6.89E-02,-4.10E+01,-2.07E+02,5.82E+00,-1.94E+00,2.60E-01,-3.91E-03,4.829721362,0.3
-7.67E+01,1.90E+01,2.27E+01,1.28E-01,7.38E-01,-6.89E-02,-4.10E+01,-2.07E+02,5.89E+00,-1.94E+00,2.60E-01,-3.83E-03,4.829721362,0.3
-7.67E+01,1.90E+01,2.27E+01,1.28E-01,7.38E-01,-6.88E-02,-4.10E+01,-2.07E+02,5.95E+00,-1.94E+00,2.60E-01,-3.81E-03,4.829721362,0.300641026
-7.67E+01,1.90E+01,2.27E+01,1.28E-01,7.38E-01,-6.88E-02,-4.10E+01,-2.07E+02,6.00E+00,-1.94E+00,2.60E-01,-3.79E-03,4.829721362,0.300641026
-7.68E+01,1.91E+01,2.27E+01,1.28E-01,7.38E-01,-6.88E-02,-4.10E+01,-2.07E+02,6.03E+00,-1.94E+00,2.60E-01,-3.80E-03,4.829721362,0.300641026
-7.68E+01,1.91E+01,2.28E+01,1.28E-01,7.38E-01,-6.87E-02,-4.11E+01,-2.08E+02,6.04E+00,-1.94E+00,2.60E-01,-3.82E-03,4.814814815,0.300641026
-7.69E+01,1.91E+01,2.28E+01,1.28E-01,7.38E-01,-6.87E-02,-4.11E+01,-2.08E+02,6.05E+00,-1.94E+00,2.59E-01,-3.84E-03,4.814814815,0.300641026
-7.69E+01,1.91E+01,2.28E+01,1.28E-01,7.37E-01,-6.86E-02,-4.12E+01,-2.08E+02,6.05E+00,-1.94E+00,2.59E-01,-3.86E-03,4.814814815,0.300641026
-7.70E+01,1.91E+01,2.29E+01,1.28E-01,7.37E-01,-6.86E-02,-4.12E+01,-2.08E+02,6.02E+00,-1.94E+00,2.59E-01,-3.85E-03,4.8,0.300641026
-7.70E+01,1.91E+01,2.29E+01,1.27E-01,7.37E-01,-6.85E-02,-4.13E+01,-2.08E+02,5.98E+00,-1.94E+00,2.59E-01,-3.85E-03,4.8,0.300641026
-7.71E+01,1.91E+01,2.29E+01,1.27E-01,7.37E-01,-6.85E-02,-4.14E+01,-2.08E+02,5.94E+00,-1.94E+00,2.59E-01,-3.88E-03,4.785276074,0.300641026
-7.71E+01,1.91E+01,2.30E+01,1.27E-01,7.37E-01,-6.84E-02,-4.14E+01,-2.08E+02,5.89E+00,-1.94E+00,2.58E-01,-3.91E-03,4.785276074,0.300641026
-7.71E+01,1.91E+01,2.30E+01,1.27E-01,7.37E-01,-6.84E-02,-4.15E+01,-2.08E+02,5.85E+00,-1.94E+00,2.58E-01,-3.94E-03,4.770642202,0.300641026
-7.71E+01,1.91E+01,2.30E+01,1.27E-01,7.37E-01,-6.83E-02,-4.15E+01,-2.08E+02,5.79E+00,-1.94E+00,2.58E-01,-4.03E-03,4.801223242,0.298726115
-7.71E+01,1.91E+01,2.30E+01,1.27E-01,7.37E-01,-6.83E-02,-4.16E+01,-2.08E+02,5.73E+00,-1.94E+00,2.57E-01,-4.05E-03,4.801223242,0.298726115
-7.71E+01,1.91E+01,2.30E+01,1.26E-01,7.37E-01,-6.82E-02,-4.16E+01,-2.08E+02,5.68E+00,-1.94E+00,2.57E-01,-4.06E-03,4.801223242,0.298726115
-7.71E+01,1.91E+01,2.30E+01,1.26E-01,7.37E-01,-6.82E-02,-4.16E+01,-2.08E+02,5.64E+00,-1.94E+00,2.57E-01,-4.08E-03,4.801223242,0.298726115
-7.71E+01,1.91E+01,2.30E+01,1.26E-01,7.36E-01,-6.82E-02,-4.16E+01,-2.08E+02,5.62E+00,-1.94E+00,2.57E-01,-4.13E-03,4.801223242,0.298726115
-7.70E+01,1.91E+01,2.30E+01,1.26E-01,7.36E-01,-6.82E-02,-4.16E+01,-2.08E+02,5.60E+00,-1.94E+00,2.56E-01,-4.14E-03,4.801223242,0.298726115
-7.70E+01,1.91E+01,2.30E+01,1.26E-01,7.36E-01,-6.82E-02,-4.15E+01,-2.08E+02,5.58E+00,-1.94E+00,2.56E-01,-4.17E-03,4.801223242,0.298726115
-7.70E+01,1.91E+01,2.30E+01,1.26E-01,7.36E-01,-6.82E-02,-4.15E+01,-2.08E+02,5.57E+00,-1.94E+00,2.56E-01,-4.20E-03,4.770642202,0.300641026
-7.69E+01,1.91E+01,2.29E+01,1.26E-01,7.36E-01,-6.82E-02,-4.15E+01,-2.08E+02,5.55E+00,-1.94E+00,2.56E-01,-4.20E-03,4.770642202,0.300641026
-7.69E+01,1.91E+01,2.29E+01,1.26E-01,7.36E-01,-6.82E-02,-4.15E+01,-2.08E+02,5.53E+00,-1.94E+00,2.56E-01,-4.20E-03,4.785276074,0.300641026
-7.69E+01,1.90E+01,2.29E+01,1.26E-01,7.37E-01,-6.82E-02,-4.14E+01,-2.08E+02,5.52E+00,-1.94E+00,2.56E-01,-4.19E-03,4.785276074,0.301282051
-7.69E+01,1.90E+01,2.29E+01,1.26E-01,7.37E-01,-6.82E-02,-4.14E+01,-2.08E+02,5.51E+00,-1.94E+00,2.56E-01,-4.14E-03,4.785276074,0.301282051
-7.69E+01,1.90E+01,2.29E+01,1.26E-01,7.37E-01,-6.83E-02,-4.14E+01,-2.08E+02,5.51E+00,-1.94E+00,2.56E-01,-4.06E-03,4.785276074,0.301282051
-7.69E+01,1.90E+01,2.28E+01,1.26E-01,7.37E-01,-6.83E-02,-4.13E+01,-2.08E+02,5.51E+00,-1.94E+00,2.56E-01,-4.01E-03,4.8,0.301282051
-7.69E+01,1.90E+01,2.28E+01,1.26E-01,7.37E-01,-6.83E-02,-4.13E+01,-2.08E+02,5.52E+00,-1.94E+00,2.56E-01,-3.91E-03,4.8,0.301282051
-7.69E+01,1.90E+01,2.28E+01,1.26E-01,7.37E-01,-6.83E-02,-4.12E+01,-2.08E+02,5.54E+00,-1.94E+00,2.56E-01,-3.81E-03,4.8,0.301282051
-7.69E+01,1.90E+01,2.28E+01,1.26E-01,7.37E-01,-6.83E-02,-4.12E+01,-2.08E+02,5.56E+00,-1.94E+00,2.56E-01,-3.72E-03,4.8,0.301282051
-7.69E+01,1.90E+01,2.28E+01,1.26E-01,7.37E-01,-6.83E-02,-4.12E+01,-2.08E+02,5.59E+00,-1.94E+00,2.57E-01,-3.62E-03,4.8,0.301923077
-7.69E+01,1.90E+01,2.28E+01,1.26E-01,7.37E-01,-6.83E-02,-4.12E+01,-2.08E+02,5.63E+00,-1.94E+00,2.57E-01,-3.55E-03,4.814814815,0.301923077
-7.69E+01,1.90E+01,2.28E+01,1.26E-01,7.37E-01,-6.83E-02,-4.12E+01,-2.08E+02,5.67E+00,-1.94E+00,2.57E-01,-3.51E-03,4.814814815,0.301923077
-7.70E+01,1.90E+01,2.28E+01,1.27E-01,7.38E-01,-6.83E-02,-4.12E+01,-2.08E+02,5.72E+00,-1.94E+00,2.57E-01,-3.48E-03,4.845679012,0.300636943
-7.70E+01,1.91E+01,2.28E+01,1.27E-01,7.38E-01,-6.83E-02,-4.12E+01,-2.08E+02,5.76E+00,-1.94E+00,2.58E-01,-3.49E-03,4.845679012,0.300636943
-7.70E+01,1.91E+01,2.28E+01,1.27E-01,7.38E-01,-6.84E-02,-4.11E+01,-2.08E+02,5.80E+00,-1.94E+00,2.58E-01,-3.51E-03,4.845679012,0.300636943
-7.70E+01,1.91E+01,2.28E+01,1.27E-01,7.38E-01,-6.84E-02,-4.11E+01,-2.09E+02,5.82E+00,-1.94E+00,2.58E-01,-3.60E-03,4.845679012,0.301273885
-7.71E+01,1.90E+01,2.28E+01,1.27E-01,7.38E-01,-6.85E-02,-4.11E+01,-2.09E+02,5.84E+00,-1.94E+00,2.58E-01,-3.71E-03,4.845679012,0.301273885
-7.71E+01,1.90E+01,2.28E+01,1.27E-01,7.38E-01,-6.85E-02,-4.11E+01,-2.09E+02,5.84E+00,-1.94E+00,2.59E-01,-3.84E-03,4.845679012,0.301273885
-7.71E+01,1.90E+01,2.28E+01,1.27E-01,7.38E-01,-6.86E-02,-4.11E+01,-2.09E+02,5.84E+00,-1.94E+00,2.59E-01,-3.94E-03,4.845679012,0.301273885
-7.71E+01,1.90E+01,2.28E+01,1.27E-01,7.38E-01,-6.86E-02,-4.12E+01,-2.09E+02,5.84E+00,-1.94E+00,2.59E-01,-4.14E-03,4.845679012,0.301273885
-7.72E+01,1.90E+01,2.28E+01,1.27E-01,7.38E-01,-6.87E-02,-4.12E+01,-2.09E+02,5.83E+00,-1.94E+00,2.59E-01,-4.32E-03,4.845679012,0.301273885
-7.72E+01,1.90E+01,2.28E+01,1.27E-01,7.38E-01,-6.87E-02,-4.12E+01,-2.09E+02,5.81E+00,-1.94E+00,2.59E-01,-4.47E-03,4.830769231,0.301273885
-7.72E+01,1.90E+01,2.28E+01,1.27E-01,7.38E-01,-6.88E-02,-4.12E+01,-2.09E+02,5.77E+00,-1.94E+00,2.59E-01,-4.60E-03,4.830769231,0.301273885
-7.72E+01,1.90E+01,2.29E+01,1.27E-01,7.38E-01,-6.88E-02,-4.12E+01,-2.09E+02,5.73E+00,-1.94E+00,2.59E-01,-4.73E-03,4.830769231,0.301273885
-7.72E+01,1.90E+01,2.29E+01,1.27E-01,7.38E-01,-6.88E-02,-4.12E+01,-2.09E+02,5.68E+00,-1.95E+00,2.60E-01,-4.81E-03,4.830769231,0.301273885
-7.72E+01,1.90E+01,2.29E+01,1.27E-01,7.38E-01,-6.88E-02,-4.13E+01,-2.09E+02,5.63E+00,-1.95E+00,2.60E-01,-4.88E-03,4.830769231,0.300636943
-7.72E+01,1.90E+01,2.29E+01,1.27E-01,7.39E-01,-6.88E-02,-4.13E+01,-2.09E+02,5.57E+00,-1.95E+00,2.60E-01,-4.93E-03,4.830769231,0.300636943
-7.73E+01,1.90E+01,2.29E+01,1.28E-01,7.39E-01,-6.88E-02,-4.13E+01,-2.09E+02,5.51E+00,-1.95E+00,2.59E-01,-4.96E-03,4.830769231,0.300636943
-7.73E+01,1.90E+01,2.29E+01,1.28E-01,7.39E-01,-6.87E-02,-4.13E+01,-2.09E+02,5.46E+00,-1.95E+00,2.59E-01,-4.98E-03,4.830769231,0.300636943
-7.73E+01,1.90E+01,2.29E+01,1.27E-01,7.39E-01,-6.87E-02,-4.13E+01,-2.09E+02,5.42E+00,-1.95E+00,2.59E-01,-4.96E-03,4.830769231,0.3
-7.72E+01,1.90E+01,2.29E+01,1.27E-01,7.39E-01,-6.87E-02,-4.13E+01,-2.08E+02,5.40E+00,-1.95E+00,2.59E-01,-4.93E-03,4.81595092,0.3
-7.72E+01,1.90E+01,2.29E+01,1.27E-01,7.39E-01,-6.86E-02,-4.13E+01,-2.08E+02,5.40E+00,-1.95E+00,2.59E-01,-4.85E-03,4.830769231,0.3
-7.72E+01,1.90E+01,2.29E+01,1.27E-01,7.39E-01,-6.86E-02,-4.13E+01,-2.08E+02,5.42E+00,-1.95E+00,2.59E-01,-4.74E-03,4.8,0.301923077
-7.71E+01,1.90E+01,2.29E+01,1.27E-01,7.39E-01,-6.86E-02,-4.13E+01,-2.08E+02,5.47E+00,-1.95E+00,2.59E-01,-4.61E-03,4.8,0.301282051
-7.71E+01,1.90E+01,2.28E+01,1.27E-01,7.39E-01,-6.85E-02,-4.13E+01,-2.08E+02,5.53E+00,-1.95E+00,2.59E-01,-4.46E-03,4.8,0.301282051
-7.71E+01,1.90E+01,2.28E+01,1.27E-01,7.39E-01,-6.85E-02,-4.13E+01,-2.08E+02,5.61E+00,-1.95E+00,2.59E-01,-4.32E-03,4.8,0.301282051
-7.71E+01,1.91E+01,2.28E+01,1.27E-01,7.39E-01,-6.85E-02,-4.13E+01,-2.08E+02,5.70E+00,-1.95E+00,2.59E-01,-4.15E-03,4.8,0.301282051
-7.70E+01,1.91E+01,2.28E+01,1.27E-01,7.39E-01,-6.85E-02,-4.12E+01,-2.08E+02,5.79E+00,-1.95E+00,2.59E-01,-3.98E-03,4.8,0.301282051
-7.70E+01,1.91E+01,2.28E+01,1.27E-01,7.39E-01,-6.86E-02,-4.12E+01,-2.08E+02,5.87E+00,-1.95E+00,2.59E-01,-3.79E-03,4.8,0.301282051
-7.70E+01,1.91E+01,2.28E+01,1.27E-01,7.39E-01,-6.86E-02,-4.12E+01,-2.08E+02,5.95E+00,-1.95E+00,2.59E-01,-3.63E-03,4.8,0.301282051
-7.70E+01,1.91E+01,2.28E+01,1.28E-01,7.39E-01,-6.86E-02,-4.12E+01,-2.08E+02,6.01E+00,-1.95E+00,2.59E-01,-3.48E-03,4.814814815,0.301282051
-7.70E+01,1.92E+01,2.28E+01,1.28E-01,7.39E-01,-6.87E-02,-4.12E+01,-2.08E+02,6.05E+00,-1.95E+00,2.59E-01,-3.33E-03,4.814814815,0.301282051
-7.70E+01,1.92E+01,2.28E+01,1.28E-01,7.39E-01,-6.88E-02,-4.12E+01,-2.08E+02,6.08E+00,-1.95E+00,2.59E-01,-3.20E-03,4.814814815,0.301282051
-7.70E+01,1.92E+01,2.28E+01,1.28E-01,7.39E-01,-6.88E-02,-4.12E+01,-2.08E+02,6.09E+00,-1.95E+00,2.60E-01,-3.11E-03,4.814814815,0.301282051
-7.71E+01,1.92E+01,2.28E+01,1.28E-01,7.39E-01,-6.89E-02,-4.12E+01,-2.08E+02,6.07E+00,-1.95E+00,2.60E-01,-3.04E-03,4.814814815,0.301282051
-7.71E+01,1.91E+01,2.28E+01,1.28E-01,7.39E-01,-6.90E-02,-4.12E+01,-2.08E+02,6.03E+00,-1.95E+00,2.60E-01,-2.97E-03,4.814814815,0.301282051
-7.71E+01,1.91E+01,2.28E+01,1.28E-01,7.39E-01,-6.90E-02,-4.12E+01,-2.08E+02,5.98E+00,-1.95E+00,2.60E-01,-2.93E-03,4.8,0.301282051
-7.71E+01,1.91E+01,2.28E+01,1.28E-01,7.38E-01,-6.91E-02,-4.12E+01,-2.08E+02,5.90E+00,-1.94E+00,2.60E-01,-2.92E-03,4.8,0.301282051
-7.72E+01,1.91E+01,2.28E+01,1.28E-01,7.38E-01,-6.91E-02,-4.12E+01,-2.08E+02,5.83E+00,-1.94E+00,2.60E-01,-2.95E-03,4.8,0.301282051
-7.72E+01,1.91E+01,2.28E+01,1.28E-01,7.38E-01,-6.92E-02,-4.12E+01,-2.08E+02,5.75E+00,-1.94E+00,2.60E-01,-2.96E-03,4.8,0.301282051
-7.72E+01,1.91E+01,2.28E+01,1.28E-01,7.38E-01,-6.92E-02,-4.13E+01,-2.08E+02,5.69E+00,-1.94E+00,2.60E-01,-2.98E-03,4.8,0.301282051
-7.72E+01,1.90E+01,2.28E+01,1.28E-01,7.38E-01,-6.92E-02,-4.13E+01,-2.08E+02,5.64E+00,-1.94E+00,2.60E-01,-3.00E-03,4.8,0.301282051
-7.72E+01,1.90E+01,2.28E+01,1.27E-01,7.38E-01,-6.92E-02,-4.13E+01,-2.08E+02,5.60E+00,-1.94E+00,2.60E-01,-3.01E-03,4.8,0.301282051
-7.72E+01,1.90E+01,2.28E+01,1.27E-01,7.38E-01,-6.92E-02,-4.13E+01,-2.08E+02,5.57E+00,-1.94E+00,2.60E-01,-2.99E-03,4.8,0.301923077
-7.72E+01,1.90E+01,2.28E+01,1.27E-01,7.38E-01,-6.92E-02,-4.13E+01,-2.08E+02,5.57E+00,-1.94E+00,2.60E-01,-2.97E-03,4.8,0.301923077
-7.72E+01,1.90E+01,2.28E+01,1.27E-01,7.38E-01,-6.91E-02,-4.13E+01,-2.08E+02,5.59E+00,-1.94E+00,2.59E-01,-2.92E-03,4.8,0.301923077
-7.71E+01,1.90E+01,2.28E+01,1.27E-01,7.38E-01,-6.91E-02,-4.13E+01,-2.08E+02,5.63E+00,-1.94E+00,2.59E-01,-2.90E-03,4.8,0.301923077
-7.71E+01,1.91E+01,2.28E+01,1.27E-01,7.38E-01,-6.91E-02,-4.12E+01,-2.08E+02,5.70E+00,-1.94E+00,2.59E-01,-2.85E-03,4.830769231,0.300636943
-7.71E+01,1.91E+01,2.28E+01,1.27E-01,7.38E-01,-6.90E-02,-4.12E+01,-2.08E+02,5.79E+00,-1.94E+00,2.59E-01,-2.79E-03,4.830769231,0.300636943
-7.71E+01,1.91E+01,2.28E+01,1.27E-01,7.38E-01,-6.90E-02,-4.12E+01,-2.08E+02,5.87E+00,-1.94E+00,2.59E-01,-2.72E-03,4.830769231,0.300636943
-7.71E+01,1.92E+01,2.28E+01,1.27E-01,7.38E-01,-6.89E-02,-4.12E+01,-2.09E+02,5.96E+00,-1.94E+00,2.59E-01,-2.67E-03,4.845679012,0.301273885
-7.71E+01,1.92E+01,2.28E+01,1.27E-01,7.38E-01,-6.89E-02,-4.12E+01,-2.09E+02,6.04E+00,-1.94E+00,2.58E-01,-2.61E-03,4.845679012,0.301273885
-7.71E+01,1.92E+01,2.28E+01,1.27E-01,7.38E-01,-6.88E-02,-4.12E+01,-2.09E+02,6.11E+00,-1.94E+00,2.58E-01,-2.57E-03,4.845679012,0.301273885
-7.71E+01,1.92E+01,2.28E+01,1.27E-01,7.38E-01,-6.88E-02,-4.12E+01,-2.09E+02,6.17E+00,-1.94E+00,2.58E-01,-2.55E-03,4.845679012,0.301910828
-7.71E+01,1.92E+01,2.28E+01,1.27E-01,7.38E-01,-6.88E-02,-4.11E+01,-2.09E+02,6.22E+00,-1.94E+00,2.58E-01,-2.54E-03,4.845679012,0.301910828
-7.72E+01,1.92E+01,2.28E+01,1.27E-01,7.38E-01,-6.88E-02,-4.11E+01,-2.09E+02,6.24E+00,-1.94E+00,2.58E-01,-2.53E-03,4.845679012,0.301910828
-7.72E+01,1.92E+01,2.28E+01,1.27E-01,7.38E-01,-6.89E-02,-4.11E+01,-2.09E+02,6.24E+00,-1.94E+00,2.58E-01,-2.56E-03,4.845679012,0.301910828
-7.72E+01,1.92E+01,2.28E+01,1.27E-01,7.38E-01,-6.89E-02,-4.11E+01,-2.09E+02,6.22E+00,-1.94E+00,2.58E-01,-2.62E-03,4.845679012,0.302547771
-7.72E+01,1.92E+01,2.28E+01,1.27E-01,7.37E-01,-6.89E-02,-4.12E+01,-2.09E+02,6.18E+00,-1.94E+00,2.58E-01,-2.72E-03,4.845679012,0.302547771
-7.73E+01,1.92E+01,2.28E+01,1.27E-01,7.37E-01,-6.89E-02,-4.12E+01,-2.09E+02,6.11E+00,-1.94E+00,2.58E-01,-2.84E-03,4.845679012,0.302547771
-7.73E+01,1.92E+01,2.29E+01,1.27E-01,7.37E-01,-6.89E-02,-4.12E+01,-2.09E+02,6.03E+00,-1.94E+00,2.58E-01,-2.95E-03,4.830769231,0.302547771
-7.73E+01,1.91E+01,2.29E+01,1.27E-01,7.37E-01,-6.90E-02,-4.12E+01,-2.09E+02,5.94E+00,-1.94E+00,2.58E-01,-3.10E-03,4.830769231,0.302547771
-7.74E+01,1.91E+01,2.29E+01,1.27E-01,7.37E-01,-6.90E-02,-4.13E+01,-2.10E+02,5.84E+00,-1.94E+00,2.58E-01,-3.24E-03,4.830769231,0.302547771
-7.74E+01,1.91E+01,2.29E+01,1.27E-01,7.37E-01,-6.90E-02,-4.13E+01,-2.10E+02,5.75E+00,-1.94E+00,2.58E-01,-3.37E-03,4.830769231,0.302547771
-7.74E+01,1.91E+01,2.29E+01,1.26E-01,7.37E-01,-6.90E-02,-4.13E+01,-2.10E+02,5.67E+00,-1.94E+00,2.57E-01,-3.47E-03,4.846625767,0.300632911
-7.74E+01,1.91E+01,2.30E+01,1.26E-01,7.37E-01,-6.90E-02,-4.14E+01,-2.10E+02,5.60E+00,-1.94E+00,2.57E-01,-3.55E-03,4.846625767,0.300632911
-7.75E+01,1.90E+01,2.30E+01,1.26E-01,7.37E-01,-6.89E-02,-4.14E+01,-2.10E+02,5.54E+00,-1.94E+00,2.57E-01,-3.61E-03,4.846625767,0.300632911
-7.75E+01,1.90E+01,2.30E+01,1.26E-01,7.37E-01,-6.89E-02,-4.14E+01,-2.10E+02,5.50E+00,-1.94E+00,2.57E-01,-3.60E-03,4.846625767,0.300632911
-7.75E+01,1.90E+01,2.30E+01,1.26E-01,7.37E-01,-6.88E-02,-4.14E+01,-2.10E+02,5.47E+00,-1.94E+00,2.57E-01,-3.64E-03,4.846625767,0.300632911
-7.75E+01,1.90E+01,2.30E+01,1.26E-01,7.37E-01,-6.88E-02,-4.14E+01,-2.10E+02,5.46E+00,-1.94E+00,2.56E-01,-3.62E-03,4.846625767,0.301265823
-7.75E+01,1.91E+01,2.30E+01,1.26E-01,7.37E-01,-6.88E-02,-4.14E+01,-2.10E+02,5.46E+00,-1.94E+00,2.56E-01,-3.57E-03,4.846625767,0.301265823
-7.76E+01,1.91E+01,2.30E+01,1.26E-01,7.38E-01,-6.87E-02,-4.15E+01,-2.10E+02,5.47E+00,-1.94E+00,2.56E-01,-3.56E-03,4.846625767,0.301265823
-7.76E+01,1.91E+01,2.30E+01,1.26E-01,7.38E-01,-6.87E-02,-4.15E+01,-2.10E+02,5.51E+00,-1.94E+00,2.56E-01,-3.47E-03,4.831804281,0.301265823
-7.76E+01,1.91E+01,2.30E+01,1.26E-01,7.38E-01,-6.86E-02,-4.15E+01,-2.10E+02,5.56E+00,-1.94E+00,2.56E-01,-3.40E-03,4.831804281,0.301265823
-7.76E+01,1.92E+01,2.30E+01,1.26E-01,7.38E-01,-6.86E-02,-4.15E+01,-2.10E+02,5.62E+00,-1.94E+00,2.56E-01,-3.31E-03,4.831804281,0.301265823
-7.77E+01,1.92E+01,2.30E+01,1.26E-01,7.38E-01,-6.85E-02,-4.15E+01,-2.10E+02,5.69E+00,-1.94E+00,2.56E-01,-3.23E-03,4.831804281,0.301265823
-7.77E+01,1.92E+01,2.30E+01,1.26E-01,7.38E-01,-6.85E-02,-4.15E+01,-2.10E+02,5.75E+00,-1.94E+00,2.56E-01,-3.15E-03,4.831804281,0.301265823
-7.77E+01,1.93E+01,2.30E+01,1.26E-01,7.38E-01,-6.84E-02,-4.15E+01,-2.10E+02,5.82E+00,-1.94E+00,2.56E-01,-3.09E-03,4.831804281,0.301265823
-7.77E+01,1.93E+01,2.30E+01,1.26E-01,7.38E-01,-6.84E-02,-4.15E+01,-2.10E+02,5.88E+00,-1.94E+00,2.56E-01,-3.00E-03,4.831804281,0.301265823
-7.77E+01,1.93E+01,2.30E+01,1.26E-01,7.38E-01,-6.84E-02,-4.15E+01,-2.10E+02,5.93E+00,-1.94E+00,2.56E-01,-2.94E-03,4.831804281,0.301265823
-7.77E+01,1.93E+01,2.30E+01,1.26E-01,7.38E-01,-6.83E-02,-4.15E+01,-2.10E+02,5.97E+00,-1.94E+00,2.56E-01,-2.93E-03,4.831804281,0.301265823
-7.77E+01,1.93E+01,2.30E+01,1.26E-01,7.38E-01,-6.83E-02,-4.15E+01,-2.10E+02,5.99E+00,-1.94E+00,2.56E-01,-2.93E-03,4.831804281,0.301265823
-7.77E+01,1.93E+01,2.30E+01,1.26E-01,7.38E-01,-6.83E-02,-4.15E+01,-2.10E+02,6.01E+00,-1.94E+00,2.56E-01,-2.94E-03,4.831804281,0.301265823
-7.76E+01,1.93E+01,2.30E+01,1.26E-01,7.38E-01,-6.83E-02,-4.15E+01,-2.10E+02,6.02E+00,-1.94E+00,2.56E-01,-2.96E-03,4.831804281,0.301265823
-7.76E+01,1.93E+01,2.30E+01,1.26E-01,7.38E-01,-6.84E-02,-4.15E+01,-2.10E+02,6.01E+00,-1.94E+00,2.56E-01,-2.97E-03,4.831804281,0.301265823
-7.76E+01,1.93E+01,2.30E+01,1.26E-01,7.38E-01,-6.84E-02,-4.15E+01,-2.10E+02,5.99E+00,-1.94E+00,2.56E-01,-2.98E-03,4.831804281,0.301265823
-7.76E+01,1.93E+01,2.30E+01,1.26E-01,7.38E-01,-6.84E-02,-4.15E+01,-2.10E+02,5.95E+00,-1.94E+00,2.57E-01,-3.01E-03,4.831804281,0.301265823
-7.75E+01,1.93E+01,2.30E+01,1.26E-01,7.38E-01,-6.85E-02,-4.15E+01,-2.10E+02,5.89E+00,-1.94E+00,2.57E-01,-3.06E-03,4.831804281,0.301265823
-7.75E+01,1.92E+01,2.30E+01,1.26E-01,7.38E-01,-6.85E-02,-4.15E+01,-2.10E+02,5.84E+00,-1.94E+00,2.57E-01,-3.14E-03,4.831804281,0.301265823
-7.74E+01,1.92E+01,2.30E+01,1.26E-01,7.38E-01,-6.86E-02,-4.15E+01,-2.10E+02,5.78E+00,-1.94E+00,2.57E-01,-3.21E-03,4.831804281,0.301265823
-7.74E+01,1.92E+01,2.29E+01,1.27E-01,7.38E-01,-6.86E-02,-4.15E+01,-2.10E+02,5.72E+00,-1.94E+00,2.57E-01,-3.26E-03,4.831804281,0.301265823
-7.74E+01,1.92E+01,2.29E+01,1.27E-01,7.38E-01,-6.86E-02,-4.14E+01,-2.10E+02,5.66E+00,-1.94E+00,2.57E-01,-3.23E-03,4.846625767,0.301265823
-7.73E+01,1.91E+01,2.29E+01,1.27E-01,7.38E-01,-6.87E-02,-4.14E+01,-2.10E+02,5.62E+00,-1.94E+00,2.57E-01,-3.20E-03,4.846625767,0.301265823
-7.73E+01,1.91E+01,2.29E+01,1.27E-01,7.38E-01,-6.87E-02,-4.14E+01,-2.10E+02,5.58E+00,-1.94E+00,2.57E-01,-3.15E-03,4.846625767,0.301265823
-7.73E+01,1.91E+01,2.29E+01,1.27E-01,7.38E-01,-6.87E-02,-4.14E+01,-2.10E+02,5.55E+00,-1.94E+00,2.57E-01,-3.13E-03,4.846625767,0.301265823
-7.72E+01,1.91E+01,2.29E+01,1.27E-01,7.38E-01,-6.88E-02,-4.13E+01,-2.10E+02,5.53E+00,-1.94E+00,2.57E-01,-3.15E-03,4.81595092,0.303184713
-7.72E+01,1.90E+01,2.28E+01,1.27E-01,7.38E-01,-6.88E-02,-4.13E+01,-2.10E+02,5.51E+00,-1.94E+00,2.57E-01,-3.18E-03,4.830769231,0.303184713
-7.72E+01,1.90E+01,2.28E+01,1.27E-01,7.38E-01,-6.88E-02,-4.13E+01,-2.09E+02,5.50E+00,-1.94E+00,2.57E-01,-3.19E-03,4.830769231,0.303184713
-7.72E+01,1.90E+01,2.28E+01,1.27E-01,7.37E-01,-6.88E-02,-4.13E+01,-2.09E+02,5.50E+00,-1.94E+00,2.57E-01,-3.21E-03,4.830769231,0.302547771
-7.72E+01,1.90E+01,2.28E+01,1.27E-01,7.37E-01,-6.88E-02,-4.12E+01,-2.09E+02,5.51E+00,-1.94E+00,2.57E-01,-3.26E-03,4.830769231,0.302547771
-7.72E+01,1.90E+01,2.28E+01,1.27E-01,7.37E-01,-6.88E-02,-4.12E+01,-2.09E+02,5.55E+00,-1.94E+00,2.57E-01,-3.28E-03,4.830769231,0.302547771
-7.72E+01,1.90E+01,2.28E+01,1.27E-01,7.37E-01,-6.88E-02,-4.12E+01,-2.09E+02,5.60E+00,-1.94E+00,2.57E-01,-3.28E-03,4.830769231,0.302547771
-7.71E+01,1.90E+01,2.28E+01,1.27E-01,7.37E-01,-6.88E-02,-4.12E+01,-2.09E+02,5.66E+00,-1.94E+00,2.57E-01,-3.26E-03,4.845679012,0.301910828
-7.71E+01,1.90E+01,2.28E+01,1.27E-01,7.37E-01,-6.87E-02,-4.12E+01,-2.09E+02,5.72E+00,-1.94E+00,2.57E-01,-3.21E-03,4.845679012,0.301910828
-7.71E+01,1.91E+01,2.28E+01,1.27E-01,7.38E-01,-6.87E-02,-4.11E+01,-2.09E+02,5.79E+00,-1.94E+00,2.57E-01,-3.17E-03,4.845679012,0.301273885
-7.71E+01,1.91E+01,2.28E+01,1.27E-01,7.38E-01,-6.87E-02,-4.11E+01,-2.08E+02,5.86E+00,-1.94E+00,2.57E-01,-3.10E-03,4.845679012,0.301273885
-7.71E+01,1.91E+01,2.27E+01,1.27E-01,7.38E-01,-6.87E-02,-4.11E+01,-2.08E+02,5.92E+00,-1.94E+00,2.57E-01,-3.05E-03,4.845679012,0.300636943
-7.71E+01,1.91E+01,2.27E+01,1.27E-01,7.38E-01,-6.86E-02,-4.11E+01,-2.08E+02,5.97E+00,-1.94E+00,2.57E-01,-2.94E-03,4.814814815,0.302564103
-7.70E+01,1.91E+01,2.27E+01,1.27E-01,7.38E-01,-6.86E-02,-4.10E+01,-2.08E+02,6.00E+00,-1.94E+00,2.57E-01,-2.86E-03,4.829721362,0.302564103
-7.70E+01,1.91E+01,2.27E+01,1.27E-01,7.38E-01,-6.86E-02,-4.10E+01,-2.08E+02,6.03E+00,-1.94E+00,2.57E-01,-2.76E-03,4.829721362,0.301923077
-7.70E+01,1.91E+01,2.27E+01,1.27E-01,7.38E-01,-6.87E-02,-4.10E+01,-2.08E+02,6.04E+00,-1.94E+00,2.57E-01,-2.68E-03,4.829721362,0.301923077
-7.69E+01,1.91E+01,2.27E+01,1.27E-01,7.38E-01,-6.87E-02,-4.10E+01,-2.08E+02,6.03E+00,-1.94E+00,2.58E-01,-2.64E-03,4.829721362,0.301923077
-7.69E+01,1.90E+01,2.27E+01,1.27E-01,7.38E-01,-6.87E-02,-4.10E+01,-2.07E+02,6.00E+00,-1.94E+00,2.58E-01,-2.56E-03,4.829721362,0.301282051
-7.69E+01,1.90E+01,2.27E+01,1.27E-01,7.38E-01,-6.88E-02,-4.10E+01,-2.07E+02,5.95E+00,-1.94E+00,2.58E-01,-2.55E-03,4.829721362,0.301282051
-7.69E+01,1.90E+01,2.27E+01,1.27E-01,7.38E-01,-6.88E-02,-4.10E+01,-2.07E+02,5.89E+00,-1.94E+00,2.58E-01,-2.50E-03,4.829721362,0.301282051
-7.69E+01,1.90E+01,2.27E+01,1.27E-01,7.38E-01,-6.89E-02,-4.10E+01,-2.07E+02,5.82E+00,-1.94E+00,2.58E-01,-2.51E-03,4.829721362,0.301282051
-7.69E+01,1.89E+01,2.27E+01,1.27E-01,7.38E-01,-6.89E-02,-4.10E+01,-2.07E+02,5.75E+00,-1.94E+00,2.58E-01,-2.60E-03,4.829721362,0.301282051
-7.70E+01,1.89E+01,2.27E+01,1.27E-01,7.38E-01,-6.89E-02,-4.10E+01,-2.07E+02,5.68E+00,-1.94E+00,2.59E-01,-2.63E-03,4.829721362,0.301282051
-7.70E+01,1.89E+01,2.27E+01,1.27E-01,7.38E-01,-6.89E-02,-4.11E+01,-2.08E+02,5.61E+00,-1.94E+00,2.59E-01,-2.73E-03,4.814814815,0.301282051
-7.70E+01,1.89E+01,2.28E+01,1.27E-01,7.38E-01,-6.89E-02,-4.11E+01,-2.08E+02,5.54E+00,-1.94E+00,2.59E-01,-2.85E-03,4.814814815,0.301282051
-7.70E+01,1.89E+01,2.28E+01,1.27E-01,7.38E-01,-6.89E-02,-4.12E+01,-2.08E+02,5.48E+00,-1.94E+00,2.59E-01,-2.98E-03,4.814814815,0.301282051
-7.71E+01,1.89E+01,2.28E+01,1.27E-01,7.38E-01,-6.89E-02,-4.12E+01,-2.08E+02,5.44E+00,-1.94E+00,2.59E-01,-3.11E-03,4.8,0.301282051
-7.71E+01,1.89E+01,2.28E+01,1.27E-01,7.38E-01,-6.89E-02,-4.13E+01,-2.08E+02,5.42E+00,-1.94E+00,2.58E-01,-3.27E-03,4.8,0.301282051
-7.71E+01,1.89E+01,2.29E+01,1.27E-01,7.37E-01,-6.89E-02,-4.13E+01,-2.08E+02,5.42E+00,-1.94E+00,2.58E-01,-3.41E-03,4.8,0.301282051
-7.72E+01,1.90E+01,2.29E+01,1.27E-01,7.37E-01,-6.88E-02,-4.14E+01,-2.08E+02,5.45E+00,-1.94E+00,2.58E-01,-3.58E-03,4.785276074,0.301282051
-7.72E+01,1.90E+01,2.29E+01,1.27E-01,7.37E-01,-6.88E-02,-4.14E+01,-2.08E+02,5.49E+00,-1.94E+00,2.58E-01,-3.68E-03,4.785276074,0.301282051
-7.72E+01,1.91E+01,2.29E+01,1.27E-01,7.37E-01,-6.87E-02,-4.14E+01,-2.08E+02,5.57E+00,-1.94E+00,2.58E-01,-3.79E-03,4.785276074,0.301282051
-7.72E+01,1.91E+01,2.29E+01,1.27E-01,7.37E-01,-6.87E-02,-4.14E+01,-2.08E+02,5.66E+00,-1.94E+00,2.58E-01,-3.89E-03,4.785276074,0.301282051
-7.72E+01,1.91E+01,2.29E+01,1.27E-01,7.37E-01,-6.86E-02,-4.14E+01,-2.08E+02,5.75E+00,-1.94E+00,2.58E-01,-3.96E-03,4.785276074,0.301282051
-7.72E+01,1.92E+01,2.29E+01,1.27E-01,7.37E-01,-6.85E-02,-4.14E+01,-2.08E+02,5.83E+00,-1.94E+00,2.57E-01,-4.03E-03,4.785276074,0.301282051
-7.72E+01,1.92E+01,2.29E+01,1.27E-01,7.38E-01,-6.85E-02,-4.14E+01,-2.08E+02,5.91E+00,-1.94E+00,2.57E-01,-4.13E-03,4.785276074,0.301282051
-7.72E+01,1.92E+01,2.29E+01,1.27E-01,7.38E-01,-6.85E-02,-4.14E+01,-2.08E+02,5.97E+00,-1.94E+00,2.57E-01,-4.21E-03,4.785276074,0.301282051
-7.72E+01,1.93E+01,2.29E+01,1.27E-01,7.38E-01,-6.84E-02,-4.14E+01,-2.08E+02,6.01E+00,-1.94E+00,2.57E-01,-4.27E-03,4.785276074,0.301282051
-7.72E+01,1.93E+01,2.29E+01,1.27E-01,7.38E-01,-6.84E-02,-4.13E+01,-2.08E+02,6.04E+00,-1.94E+00,2.57E-01,-4.32E-03,4.785276074,0.301282051
-7.71E+01,1.93E+01,2.28E+01,1.27E-01,7.38E-01,-6.85E-02,-4.13E+01,-2.08E+02,6.04E+00,-1.94E+00,2.57E-01,-4.36E-03,4.8,0.301282051
-7.72E+01,1.93E+01,2.28E+01,1.27E-01,7.38E-01,-6.85E-02,-4.13E+01,-2.08E+02,6.03E+00,-1.94E+00,2.58E-01,-4.39E-03,4.8,0.301282051
-7.72E+01,1.92E+01,2.28E+01,1.27E-01,7.38E-01,-6.85E-02,-4.13E+01,-2.08E+02,6.00E+00,-1.94E+00,2.58E-01,-4.42E-03,4.8,0.301282051
-7.72E+01,1.92E+01,2.28E+01,1.27E-01,7.38E-01,-6.86E-02,-4.13E+01,-2.08E+02,5.95E+00,-1.94E+00,2.58E-01,-4.42E-03,4.8,0.301282051
-7.72E+01,1.92E+01,2.28E+01,1.27E-01,7.38E-01,-6.86E-02,-4.13E+01,-2.08E+02,5.89E+00,-1.94E+00,2.58E-01,-4.41E-03,4.8,0.301282051
-7.72E+01,1.92E+01,2.29E+01,1.27E-01,7.38E-01,-6.87E-02,-4.13E+01,-2.08E+02,5.82E+00,-1.94E+00,2.58E-01,-4.35E-03,4.8,0.301282051
-7.72E+01,1.91E+01,2.29E+01,1.27E-01,7.38E-01,-6.88E-02,-4.13E+01,-2.08E+02,5.75E+00,-1.94E+00,2.58E-01,-4.28E-03,4.8,0.301282051
-7.73E+01,1.91E+01,2.29E+01,1.27E-01,7.38E-01,-6.88E-02,-4.13E+01,-2.08E+02,5.68E+00,-1.94E+00,2.58E-01,-4.17E-03,4.8,0.301282051
-7.73E+01,1.91E+01,2.29E+01,1.27E-01,7.38E-01,-6.89E-02,-4.13E+01,-2.08E+02,5.61E+00,-1.94E+00,2.58E-01,-4.06E-03,4.81595092,0.3
-7.73E+01,1.91E+01,2.29E+01,1.27E-01,7.38E-01,-6.90E-02,-4.14E+01,-2.09E+02,5.57E+00,-1.94E+00,2.58E-01,-3.93E-03,4.81595092,0.3
-7.74E+01,1.90E+01,2.29E+01,1.27E-01,7.38E-01,-6.90E-02,-4.14E+01,-2.09E+02,5.54E+00,-1.94E+00,2.58E-01,-3.79E-03,4.81595092,0.3
-7.74E+01,1.90E+01,2.29E+01,1.27E-01,7.38E-01,-6.90E-02,-4.14E+01,-2.09E+02,5.53E+00,-1.94E+00,2.58E-01,-3.67E-03,4.81595092,0.300636943
-7.74E+01,1.90E+01,2.29E+01,1.27E-01,7.38E-01,-6.90E-02,-4.14E+01,-2.09E+02,5.53E+00,-1.94E+00,2.58E-01,-3.57E-03,4.81595092,0.300636943
-7.74E+01,1.90E+01,2.29E+01,1.27E-01,7.39E-01,-6.90E-02,-4.13E+01,-2.09E+02,5.54E+00,-1.94E+00,2.58E-01,-3.50E-03,4.81595092,0.300636943
-7.74E+01,1.90E+01,2.29E+01,1.27E-01,7.39E-01,-6.90E-02,-4.13E+01,-2.09E+02,5.57E+00,-1.94E+00,2.58E-01,-3.46E-03,4.830769231,0.300636943
-7.74E+01,1.90E+01,2.29E+01,1.27E-01,7.39E-01,-6.90E-02,-4.13E+01,-2.09E+02,5.62E+00,-1.94E+00,2.58E-01,-3.46E-03,4.830769231,0.300636943
-7.73E+01,1.90E+01,2.29E+01,1.27E-01,7.39E-01,-6.90E-02,-4.13E+01,-2.09E+02,5.68E+00,-1.94E+00,2.58E-01,-3.46E-03,4.830769231,0.301273885
-7.73E+01,1.91E+01,2.29E+01,1.27E-01,7.39E-01,-6.89E-02,-4.13E+01,-2.09E+02,5.76E+00,-1.94E+00,2.58E-01,-3.47E-03,4.830769231,0.301273885
-7.73E+01,1.91E+01,2.29E+01,1.27E-01,7.39E-01,-6.88E-02,-4.12E+01,-2.09E+02,5.85E+00,-1.94E+00,2.58E-01,-3.48E-03,4.830769231,0.301273885
-7.73E+01,1.91E+01,2.29E+01,1.27E-01,7.39E-01,-6.88E-02,-4.12E+01,-2.09E+02,5.93E+00,-1.94E+00,2.58E-01,-3.53E-03,4.830769231,0.301273885
-7.73E+01,1.91E+01,2.29E+01,1.27E-01,7.39E-01,-6.87E-02,-4.12E+01,-2.09E+02,5.99E+00,-1.94E+00,2.58E-01,-3.62E-03,4.830769231,0.301273885
-7.72E+01,1.92E+01,2.28E+01,1.27E-01,7.39E-01,-6.87E-02,-4.12E+01,-2.09E+02,6.04E+00,-1.94E+00,2.58E-01,-3.69E-03,4.830769231,0.301273885
-7.72E+01,1.92E+01,2.28E+01,1.27E-01,7.39E-01,-6.86E-02,-4.12E+01,-2.09E+02,6.07E+00,-1.94E+00,2.58E-01,-3.82E-03,4.830769231,0.300636943
-7.72E+01,1.92E+01,2.29E+01,1.27E-01,7.39E-01,-6.86E-02,-4.12E+01,-2.09E+02,6.09E+00,-1.94E+00,2.58E-01,-3.86E-03,4.830769231,0.300636943
-7.72E+01,1.92E+01,2.29E+01,1.27E-01,7.39E-01,-6.85E-02,-4.12E+01,-2.09E+02,6.09E+00,-1.94E+00,2.58E-01,-3.89E-03,4.830769231,0.300636943
-7.72E+01,1.92E+01,2.29E+01,1.27E-01,7.39E-01,-6.85E-02,-4.12E+01,-2.09E+02,6.07E+00,-1.94E+00,2.58E-01,-3.96E-03,4.830769231,0.300636943
-7.72E+01,1.92E+01,2.29E+01,1.27E-01,7.39E-01,-6.85E-02,-4.13E+01,-2.09E+02,6.05E+00,-1.94E+00,2.58E-01,-4.03E-03,4.830769231,0.300636943
-7.72E+01,1.92E+01,2.29E+01,1.27E-01,7.38E-01,-6.85E-02,-4.13E+01,-2.09E+02,6.00E+00,-1.94E+00,2.58E-01,-4.16E-03,4.830769231,0.300636943
-7.72E+01,1.92E+01,2.29E+01,1.27E-01,7.38E-01,-6.84E-02,-4.13E+01,-2.09E+02,5.94E+00,-1.94E+00,2.58E-01,-4.24E-03,4.81595092,0.3
-7.72E+01,1.92E+01,2.29E+01,1.27E-01,7.38E-01,-6.84E-02,-4.14E+01,-2.09E+02,5.87E+00,-1.94E+00,2.58E-01,-4.35E-03,4.81595092,0.3
-7.72E+01,1.92E+01,2.29E+01,1.27E-01,7.38E-01,-6.84E-02,-4.14E+01,-2.09E+02,5.80E+00,-1.94E+00,2.58E-01,-4.43E-03,4.81595092,0.3
-7.72E+01,1.92E+01,2.30E+01,1.27E-01,7.38E-01,-6.85E-02,-4.15E+01,-2.09E+02,5.72E+00,-1.94E+00,2.58E-01,-4.54E-03,4.801223242,0.3
-7.72E+01,1.92E+01,2.30E+01,1.27E-01,7.37E-01,-6.85E-02,-4.15E+01,-2.09E+02,5.64E+00,-1.94E+00,2.58E-01,-4.64E-03,4.801223242,0.299363057
-7.72E+01,1.91E+01,2.30E+01,1.27E-01,7.37E-01,-6.85E-02,-4.15E+01,-2.09E+02,5.57E+00,-1.94E+00,2.58E-01,-4.73E-03,4.801223242,0.299363057
-7.72E+01,1.91E+01,2.30E+01,1.26E-01,7.37E-01,-6.85E-02,-4.16E+01,-2.09E+02,5.50E+00,-1.94E+00,2.58E-01,-4.79E-03,4.801223242,0.299363057
-7.72E+01,1.91E+01,2.30E+01,1.26E-01,7.37E-01,-6.85E-02,-4.16E+01,-2.08E+02,5.44E+00,-1.94E+00,2.58E-01,-4.86E-03,4.801223242,0.299363057
-7.72E+01,1.91E+01,2.30E+01,1.26E-01,7.37E-01,-6.85E-02,-4.16E+01,-2.08E+02,5.40E+00,-1.94E+00,2.58E-01,-4.90E-03,4.801223242,0.298726115
-7.71E+01,1.91E+01,2.30E+01,1.26E-01,7.37E-01,-6.86E-02,-4.16E+01,-2.08E+02,5.37E+00,-1.94E+00,2.57E-01,-4.95E-03,4.770642202,0.300641026
-7.71E+01,1.91E+01,2.29E+01,1.26E-01,7.37E-01,-6.86E-02,-4.15E+01,-2.08E+02,5.36E+00,-1.94E+00,2.57E-01,-4.96E-03,4.770642202,0.300641026
-7.71E+01,1.91E+01,2.29E+01,1.26E-01,7.37E-01,-6.86E-02,-4.15E+01,-2.08E+02,5.35E+00,-1.94E+00,2.57E-01,-4.94E-03,4.770642202,0.300641026
-7.70E+01,1.91E+01,2.29E+01,1.26E-01,7.37E-01,-6.86E-02,-4.15E+01,-2.08E+02,5.34E+00,-1.94E+00,2.57E-01,-4.92E-03,4.770642202,0.300641026
-7.70E+01,1.90E+01,2.29E+01,1.26E-01,7.37E-01,-6.86E-02,-4.14E+01,-2.08E+02,5.33E+00,-1.94E+00,2.57E-01,-4.89E-03,4.785276074,0.300641026
-7.70E+01,1.90E+01,2.28E+01,1.26E-01,7.37E-01,-6.86E-02,-4.14E+01,-2.08E+02,5.33E+00,-1.94E+00,2.57E-01,-4.83E-03,4.785276074,0.300641026
-7.70E+01,1.90E+01,2.28E+01,1.26E-01,7.37E-01,-6.87E-02,-4.14E+01,-2.08E+02,5.35E+00,-1.94E+00,2.58E-01,-4.76E-03,4.785276074,0.300641026
-7.69E+01,1.90E+01,2.28E+01,1.27E-01,7.37E-01,-6.87E-02,-4.13E+01,-2.08E+02,5.38E+00,-1.94E+00,2.58E-01,-4.71E-03,4.8,0.300641026
-7.69E+01,1.90E+01,2.28E+01,1.27E-01,7.37E-01,-6.87E-02,-4.12E+01,-2.08E+02,5.42E+00,-1.94E+00,2.58E-01,-4.65E-03,4.8,0.300641026
-7.69E+01,1.90E+01,2.27E+01,1.27E-01,7.37E-01,-6.88E-02,-4.12E+01,-2.07E+02,5.46E+00,-1.94E+00,2.58E-01,-4.59E-03,4.814814815,0.300641026
-7.68E+01,1.90E+01,2.27E+01,1.27E-01,7.37E-01,-6.88E-02,-4.11E+01,-2.07E+02,5.50E+00,-1.94E+00,2.58E-01,-4.53E-03,4.814814815,0.300641026
-7.68E+01,1.90E+01,2.27E+01,1.27E-01,7.37E-01,-6.88E-02,-4.11E+01,-2.07E+02,5.55E+00,-1.94E+00,2.58E-01,-4.49E-03,4.814814815,0.300641026
-7.68E+01,1.89E+01,2.27E+01,1.27E-01,7.37E-01,-6.89E-02,-4.10E+01,-2.07E+02,5.60E+00,-1.94E+00,2.59E-01,-4.42E-03,4.829721362,0.300641026
-7.68E+01,1.89E+01,2.27E+01,1.27E-01,7.38E-01,-6.89E-02,-4.10E+01,-2.07E+02,5.66E+00,-1.94E+00,2.59E-01,-4.37E-03,4.829721362,0.301282051
-7.67E+01,1.90E+01,2.26E+01,1.27E-01,7.38E-01,-6.90E-02,-4.10E+01,-2.07E+02,5.73E+00,-1.94E+00,2.59E-01,-4.33E-03,4.829721362,0.301282051
-7.67E+01,1.90E+01,2.26E+01,1.27E-01,7.38E-01,-6.90E-02,-4.10E+01,-2.07E+02,5.79E+00,-1.94E+00,2.59E-01,-4.30E-03,4.829721362,0.301282051
-7.67E+01,1.90E+01,2.26E+01,1.28E-01,7.38E-01,-6.91E-02,-4.10E+01,-2.07E+02,5.85E+00,-1.94E+00,2.60E-01,-4.27E-03,4.829721362,0.301282051
-7.67E+01,1.90E+01,2.26E+01,1.28E-01,7.38E-01,-6.91E-02,-4.09E+01,-2.07E+02,5.90E+00,-1.94E+00,2.60E-01,-4.19E-03,4.829721362,0.301282051
-7.67E+01,1.90E+01,2.26E+01,1.28E-01,7.38E-01,-6.91E-02,-4.09E+01,-2.07E+02,5.94E+00,-1.94E+00,2.60E-01,-4.16E-03,4.829721362,0.301282051
-7.68E+01,1.90E+01,2.26E+01,1.28E-01,7.38E-01,-6.92E-02,-4.09E+01,-2.07E+02,5.95E+00,-1.94E+00,2.60E-01,-4.18E-03,4.844720497,0.301282051
-7.68E+01,1.90E+01,2.26E+01,1.28E-01,7.38E-01,-6.92E-02,-4.09E+01,-2.07E+02,5.95E+00,-1.94E+00,2.60E-01,-4.23E-03,4.829721362,0.301282051
-7.68E+01,1.90E+01,2.27E+01,1.28E-01,7.38E-01,-6.92E-02,-4.09E+01,-2.08E+02,5.95E+00,-1.94E+00,2.60E-01,-4.27E-03,4.829721362,0.301923077
-7.69E+01,1.90E+01,2.27E+01,1.28E-01,7.38E-01,-6.92E-02,-4.10E+01,-2.08E+02,5.92E+00,-1.94E+00,2.60E-01,-4.35E-03,4.829721362,0.301923077
-7.69E+01,1.90E+01,2.27E+01,1.28E-01,7.38E-01,-6.92E-02,-4.10E+01,-2.08E+02,5.88E+00,-1.94E+00,2.60E-01,-4.36E-03,4.829721362,0.301923077
-7.69E+01,1.90E+01,2.27E+01,1.28E-01,7.38E-01,-6.92E-02,-4.10E+01,-2.08E+02,5.82E+00,-1.94E+00,2.60E-01,-4.39E-03,4.829721362,0.301923077
-7.70E+01,1.90E+01,2.27E+01,1.28E-01,7.38E-01,-6.92E-02,-4.11E+01,-2.08E+02,5.75E+00,-1.94E+00,2.60E-01,-4.43E-03,4.829721362,0.301923077
-7.70E+01,1.90E+01,2.28E+01,1.28E-01,7.38E-01,-6.92E-02,-4.11E+01,-2.08E+02,5.69E+00,-1.94E+00,2.60E-01,-4.43E-03,4.814814815,0.301923077
-7.71E+01,1.90E+01,2.28E+01,1.28E-01,7.38E-01,-6.91E-02,-4.11E+01,-2.08E+02,5.63E+00,-1.94E+00,2.60E-01,-4.48E-03,4.814814815,0.302564103
-7.72E+01,1.90E+01,2.28E+01,1.27E-01,7.38E-01,-6.91E-02,-4.12E+01,-2.08E+02,5.56E+00,-1.94E+00,2.60E-01,-4.52E-03,4.845679012,0.300636943
-7.72E+01,1.90E+01,2.28E+01,1.27E-01,7.38E-01,-6.90E-02,-4.12E+01,-2.09E+02,5.49E+00,-1.94E+00,2.60E-01,-4.55E-03,4.845679012,0.300636943
-7.73E+01,1.90E+01,2.28E+01,1.27E-01,7.38E-01,-6.90E-02,-4.12E+01,-2.09E+02,5.42E+00,-1.94E+00,2.59E-01,-4.56E-03,4.830769231,0.300636943
-7.73E+01,1.90E+01,2.29E+01,1.27E-01,7.38E-01,-6.89E-02,-4.13E+01,-2.09E+02,5.37E+00,-1.94E+00,2.59E-01,-4.53E-03,4.830769231,0.301273885
-7.74E+01,1.90E+01,2.29E+01,1.27E-01,7.38E-01,-6.88E-02,-4.13E+01,-2.09E+02,5.34E+00,-1.94E+00,2.59E-01,-4.49E-03,4.830769231,0.301273885
-7.74E+01,1.90E+01,2.29E+01,1.27E-01,7.38E-01,-6.88E-02,-4.14E+01,-2.09E+02,5.34E+00,-1.94E+00,2.59E-01,-4.43E-03,4.81595092,0.301273885
-7.75E+01,1.90E+01,2.29E+01,1.27E-01,7.38E-01,-6.87E-02,-4.14E+01,-2.09E+02,5.36E+00,-1.94E+00,2.58E-01,-4.31E-03,4.81595092,0.301910828
-7.75E+01,1.90E+01,2.30E+01,1.27E-01,7.38E-01,-6.86E-02,-4.14E+01,-2.09E+02,5.40E+00,-1.94E+00,2.58E-01,-4.20E-03,4.81595092,0.301910828
-7.75E+01,1.91E+01,2.30E+01,1.27E-01,7.38E-01,-6.86E-02,-4.15E+01,-2.10E+02,5.47E+00,-1.94E+00,2.58E-01,-4.06E-03,4.81595092,0.301910828
-7.75E+01,1.91E+01,2.30E+01,1.27E-01,7.38E-01,-6.85E-02,-4.15E+01,-2.10E+02,5.56E+00,-1.94E+00,2.58E-01,-3.93E-03,4.831804281,0.3
-7.75E+01,1.92E+01,2.30E+01,1.27E-01,7.38E-01,-6.85E-02,-4.15E+01,-2.10E+02,5.65E+00,-1.94E+00,2.58E-01,-3.79E-03,4.831804281,0.3
-7.75E+01,1.92E+01,2.30E+01,1.27E-01,7.38E-01,-6.85E-02,-4.15E+01,-2.10E+02,5.74E+00,-1.94E+00,2.57E-01,-3.67E-03,4.831804281,0.300632911
-7.75E+01,1.92E+01,2.30E+01,1.26E-01,7.38E-01,-6.84E-02,-4.15E+01,-2.10E+02,5.82E+00,-1.94E+00,2.57E-01,-3.55E-03,4.846625767,0.300632911
-7.75E+01,1.92E+01,2.30E+01,1.26E-01,7.38E-01,-6.84E-02,-4.14E+01,-2.10E+02,5.90E+00,-1.94E+00,2.57E-01,-3.45E-03,4.846625767,0.300632911
-7.75E+01,1.93E+01,2.29E+01,1.26E-01,7.37E-01,-6.84E-02,-4.14E+01,-2.10E+02,5.97E+00,-1.94E+00,2.57E-01,-3.33E-03,4.846625767,0.300632911
-7.75E+01,1.93E+01,2.29E+01,1.26E-01,7.37E-01,-6.84E-02,-4.14E+01,-2.10E+02,6.03E+00,-1.94E+00,2.57E-01,-3.26E-03,4.846625767,0.300632911
-7.75E+01,1.93E+01,2.29E+01,1.26E-01,7.37E-01,-6.84E-02,-4.13E+01,-2.10E+02,6.07E+00,-1.94E+00,2.57E-01,-3.15E-03,4.846625767,0.300632911
-7.75E+01,1.93E+01,2.29E+01,1.26E-01,7.37E-01,-6.85E-02,-4.13E+01,-2.10E+02,6.09E+00,-1.94E+00,2.57E-01,-3.07E-03,4.861538462,0.301265823
-7.75E+01,1.93E+01,2.29E+01,1.26E-01,7.37E-01,-6.86E-02,-4.13E+01,-2.10E+02,6.08E+00,-1.94E+00,2.57E-01,-2.95E-03,4.861538462,0.301265823
-7.75E+01,1.92E+01,2.29E+01,1.26E-01,7.37E-01,-6.86E-02,-4.13E+01,-2.10E+02,6.05E+00,-1.94E+00,2.57E-01,-2.86E-03,4.861538462,0.301265823
-7.75E+01,1.92E+01,2.29E+01,1.26E-01,7.37E-01,-6.87E-02,-4.13E+01,-2.10E+02,6.00E+00,-1.94E+00,2.57E-01,-2.73E-03,4.861538462,0.301265823
-7.75E+01,1.92E+01,2.29E+01,1.26E-01,7.37E-01,-6.88E-02,-4.13E+01,-2.10E+02,5.94E+00,-1.94E+00,2.57E-01,-2.63E-03,4.861538462,0.301898734
-7.75E+01,1.91E+01,2.29E+01,1.26E-01,7.37E-01,-6.89E-02,-4.13E+01,-2.10E+02,5.86E+00,-1.94E+00,2.57E-01,-2.50E-03,4.861538462,0.301898734
-7.75E+01,1.91E+01,2.29E+01,1.26E-01,7.37E-01,-6.90E-02,-4.13E+01,-2.10E+02,5.78E+00,-1.94E+00,2.57E-01,-2.42E-03,4.861538462,0.302531646
-7.76E+01,1.91E+01,2.29E+01,1.26E-01,7.38E-01,-6.90E-02,-4.13E+01,-2.10E+02,5.70E+00,-1.94E+00,2.57E-01,-2.33E-03,4.861538462,0.302531646
-7.76E+01,1.90E+01,2.29E+01,1.26E-01,7.38E-01,-6.91E-02,-4.13E+01,-2.11E+02,5.62E+00,-1.94E+00,2.57E-01,-2.28E-03,4.861538462,0.302531646
-7.76E+01,1.90E+01,2.29E+01,1.27E-01,7.38E-01,-6.91E-02,-4.13E+01,-2.11E+02,5.56E+00,-1.94E+00,2.57E-01,-2.21E-03,4.861538462,0.303164557
-7.76E+01,1.90E+01,2.30E+01,1.27E-01,7.38E-01,-6.91E-02,-4.13E+01,-2.11E+02,5.52E+00,-1.94E+00,2.57E-01,-2.23E-03,4.861538462,0.303164557
-7.77E+01,1.90E+01,2.30E+01,1.27E-01,7.38E-01,-6.91E-02,-4.13E+01,-2.11E+02,5.50E+00,-1.94E+00,2.57E-01,-2.25E-03,4.846625767,0.303164557
-7.77E+01,1.90E+01,2.30E+01,1.27E-01,7.38E-01,-6.91E-02,-4.13E+01,-2.11E+02,5.50E+00,-1.94E+00,2.57E-01,-2.27E-03,4.846625767,0.303164557
-7.77E+01,1.90E+01,2.30E+01,1.27E-01,7.38E-01,-6.91E-02,-4.14E+01,-2.11E+02,5.53E+00,-1.94E+00,2.57E-01,-2.32E-03,4.846625767,0.303164557
-7.76E+01,1.90E+01,2.30E+01,1.27E-01,7.38E-01,-6.90E-02,-4.14E+01,-2.11E+02,5.59E+00,-1.95E+00,2.57E-01,-2.41E-03,4.846625767,0.303164557
-7.76E+01,1.91E+01,2.30E+01,1.27E-01,7.38E-01,-6.90E-02,-4.14E+01,-2.11E+02,5.68E+00,-1.95E+00,2.57E-01,-2.45E-03,4.846625767,0.303164557
-7.76E+01,1.91E+01,2.30E+01,1.27E-01,7.38E-01,-6.89E-02,-4.14E+01,-2.11E+02,5.80E+00,-1.95E+00,2.57E-01,-2.52E-03,4.846625767,0.303164557
-7.76E+01,1.92E+01,2.29E+01,1.27E-01,7.38E-01,-6.89E-02,-4.14E+01,-2.11E+02,5.91E+00,-1.95E+00,2.57E-01,-2.60E-03,4.846625767,0.303164557
-7.75E+01,1.92E+01,2.29E+01,1.27E-01,7.38E-01,-6.88E-02,-4.14E+01,-2.11E+02,6.01E+00,-1.95E+00,2.57E-01,-2.69E-03,4.846625767,0.303164557
-7.75E+01,1.92E+01,2.29E+01,1.27E-01,7.38E-01,-6.87E-02,-4.13E+01,-2.11E+02,6.09E+00,-1.95E+00,2.57E-01,-2.78E-03,4.846625767,0.302531646
-7.75E+01,1.93E+01,2.29E+01,1.27E-01,7.38E-01,-6.87E-02,-4.13E+01,-2.10E+02,6.17E+00,-1.95E+00,2.57E-01,-2.89E-03,4.846625767,0.302531646
-7.74E+01,1.93E+01,2.29E+01,1.27E-01,7.38E-01,-6.86E-02,-4.13E+01,-2.10E+02,6.23E+00,-1.95E+00,2.57E-01,-2.99E-03,4.861538462,0.302531646
-7.74E+01,1.93E+01,2.29E+01,1.27E-01,7.38E-01,-6.86E-02,-4.13E+01,-2.10E+02,6.27E+00,-1.95E+00,2.57E-01,-3.11E-03,4.861538462,0.302531646
-7.74E+01,1.93E+01,2.29E+01,1.27E-01,7.38E-01,-6.86E-02,-4.13E+01,-2.10E+02,6.28E+00,-1.95E+00,2.57E-01,-3.23E-03,4.861538462,0.301898734
-7.73E+01,1.93E+01,2.29E+01,1.26E-01,7.38E-01,-6.85E-02,-4.13E+01,-2.10E+02,6.27E+00,-1.95E+00,2.57E-01,-3.33E-03,4.846625767,0.301898734
-7.73E+01,1.93E+01,2.29E+01,1.26E-01,7.38E-01,-6.85E-02,-4.13E+01,-2.10E+02,6.22E+00,-1.95E+00,2.57E-01,-3.44E-03,4.846625767,0.301265823
-7.73E+01,1.93E+01,2.29E+01,1.26E-01,7.38E-01,-6.85E-02,-4.14E+01,-2.10E+02,6.15E+00,-1.95E+00,2.57E-01,-3.53E-03,4.846625767,0.301265823
-7.73E+01,1.93E+01,2.29E+01,1.26E-01,7.37E-01,-6.85E-02,-4.14E+01,-2.10E+02,6.07E+00,-1.94E+00,2.57E-01,-3.62E-03,4.846625767,0.301265823
-7.73E+01,1.93E+01,2.29E+01,1.26E-01,7.37E-01,-6.85E-02,-4.14E+01,-2.10E+02,5.96E+00,-1.94E+00,2.57E-01,-3.68E-03,4.846625767,0.300632911
-7.73E+01,1.92E+01,2.29E+01,1.26E-01,7.37E-01,-6.86E-02,-4.15E+01,-2.10E+02,5.85E+00,-1.94E+00,2.57E-01,-3.74E-03,4.831804281,0.300632911
-7.73E+01,1.92E+01,2.29E+01,1.26E-01,7.37E-01,-6.86E-02,-4.15E+01,-2.10E+02,5.73E+00,-1.94E+00,2.57E-01,-3.76E-03,4.831804281,0.300632911
-7.74E+01,1.92E+01,2.30E+01,1.26E-01,7.37E-01,-6.86E-02,-4.16E+01,-2.10E+02,5.61E+00,-1.94E+00,2.57E-01,-3.75E-03,4.831804281,0.300632911
-7.74E+01,1.92E+01,2.30E+01,1.26E-01,7.37E-01,-6.86E-02,-4.16E+01,-2.10E+02,5.52E+00,-1.94E+00,2.57E-01,-3.73E-03,4.831804281,0.3
-7.74E+01,1.91E+01,2.30E+01,1.26E-01,7.37E-01,-6.86E-02,-4.16E+01,-2.10E+02,5.44E+00,-1.94E+00,2.57E-01,-3.70E-03,4.817073171,0.3
-7.74E+01,1.91E+01,2.30E+01,1.26E-01,7.37E-01,-6.86E-02,-4.16E+01,-2.10E+02,5.38E+00,-1.94E+00,2.56E-01,-3.67E-03,4.817073171,0.3
-7.74E+01,1.91E+01,2.30E+01,1.26E-01,7.37E-01,-6.86E-02,-4.16E+01,-2.10E+02,5.34E+00,-1.94E+00,2.56E-01,-3.61E-03,4.817073171,0.3
-7.74E+01,1.91E+01,2.30E+01,1.26E-01,7.37E-01,-6.85E-02,-4.16E+01,-2.10E+02,5.32E+00,-1.94E+00,2.56E-01,-3.58E-03,4.817073171,0.300632911
-7.74E+01,1.91E+01,2.30E+01,1.26E-01,7.37E-01,-6.85E-02,-4.16E+01,-2.10E+02,5.33E+00,-1.94E+00,2.56E-01,-3.52E-03,4.831804281,0.300632911
-7.74E+01,1.91E+01,2.29E+01,1.26E-01,7.37E-01,-6.85E-02,-4.16E+01,-2.10E+02,5.37E+00,-1.94E+00,2.56E-01,-3.48E-03,4.831804281,0.300632911
-7.73E+01,1.91E+01,2.29E+01,1.27E-01,7.37E-01,-6.85E-02,-4.15E+01,-2.10E+02,5.42E+00,-1.94E+00,2.56E-01,-3.41E-03,4.831804281,0.300632911
-7.73E+01,1.91E+01,2.29E+01,1.27E-01,7.37E-01,-6.85E-02,-4.15E+01,-2.10E+02,5.51E+00,-1.94E+00,2.56E-01,-3.36E-03,4.81595092,0.302547771
-7.72E+01,1.91E+01,2.28E+01,1.27E-01,7.37E-01,-6.85E-02,-4.14E+01,-2.10E+02,5.60E+00,-1.94E+00,2.56E-01,-3.30E-03,4.81595092,0.303184713
-7.72E+01,1.91E+01,2.28E+01,1.27E-01,7.37E-01,-6.85E-02,-4.13E+01,-2.09E+02,5.69E+00,-1.94E+00,2.56E-01,-3.24E-03,4.830769231,0.303184713
-7.71E+01,1.91E+01,2.28E+01,1.27E-01,7.38E-01,-6.86E-02,-4.12E+01,-2.09E+02,5.78E+00,-1.94E+00,2.56E-01,-3.16E-03,4.830769231,0.303184713
-7.71E+01,1.91E+01,2.27E+01,1.27E-01,7.38E-01,-6.86E-02,-4.12E+01,-2.09E+02,5.86E+00,-1.94E+00,2.57E-01,-3.11E-03,4.845679012,0.303184713
-7.70E+01,1.90E+01,2.27E+01,1.27E-01,7.38E-01,-6.86E-02,-4.11E+01,-2.09E+02,5.94E+00,-1.94E+00,2.57E-01,-3.06E-03,4.845679012,0.302547771
-7.70E+01,1.90E+01,2.27E+01,1.27E-01,7.38E-01,-6.87E-02,-4.10E+01,-2.09E+02,5.99E+00,-1.94E+00,2.57E-01,-3.03E-03,4.860681115,0.302547771
-7.69E+01,1.90E+01,2.26E+01,1.27E-01,7.38E-01,-6.87E-02,-4.10E+01,-2.09E+02,6.02E+00,-1.94E+00,2.57E-01,-3.01E-03,4.860681115,0.302547771
-7.69E+01,1.90E+01,2.26E+01,1.27E-01,7.39E-01,-6.87E-02,-4.09E+01,-2.08E+02,6.03E+00,-1.94E+00,2.58E-01,-3.00E-03,4.875776398,0.301910828
-7.68E+01,1.90E+01,2.26E+01,1.27E-01,7.39E-01,-6.88E-02,-4.09E+01,-2.08E+02,6.02E+00,-1.95E+00,2.58E-01,-2.95E-03,4.844720497,0.303846154
-7.68E+01,1.90E+01,2.26E+01,1.28E-01,7.39E-01,-6.89E-02,-4.08E+01,-2.08E+02,6.00E+00,-1.95E+00,2.58E-01,-2.93E-03,4.844720497,0.303205128
-7.68E+01,1.89E+01,2.26E+01,1.28E-01,7.39E-01,-6.89E-02,-4.08E+01,-2.08E+02,5.96E+00,-1.95E+00,2.58E-01,-2.91E-03,4.844720497,0.303205128
-7.68E+01,1.89E+01,2.26E+01,1.28E-01,7.39E-01,-6.90E-02,-4.08E+01,-2.08E+02,5.90E+00,-1.95E+00,2.59E-01,-2.94E-03,4.844720497,0.302564103
-7.68E+01,1.89E+01,2.26E+01,1.28E-01,7.39E-01,-6.91E-02,-4.08E+01,-2.07E+02,5.83E+00,-1.95E+00,2.59E-01,-2.98E-03,4.844720497,0.301923077
-7.68E+01,1.89E+01,2.26E+01,1.28E-01,7.39E-01,-6.91E-02,-4.08E+01,-2.07E+02,5.75E+00,-1.95E+00,2.59E-01,-3.00E-03,4.844720497,0.301923077
-7.68E+01,1.89E+01,2.26E+01,1.28E-01,7.39E-01,-6.92E-02,-4.08E+01,-2.07E+02,5.67E+00,-1.95E+00,2.60E-01,-3.06E-03,4.844720497,0.301282051
-7.68E+01,1.88E+01,2.26E+01,1.28E-01,7.39E-01,-6.92E-02,-4.08E+01,-2.07E+02,5.59E+00,-1.95E+00,2.60E-01,-3.11E-03,4.813664596,0.302580645
-7.68E+01,1.88E+01,2.26E+01,1.28E-01,7.39E-01,-6.93E-02,-4.09E+01,-2.07E+02,5.52E+00,-1.95E+00,2.60E-01,-3.17E-03,4.813664596,0.302580645
-7.68E+01,1.88E+01,2.26E+01,1.28E-01,7.39E-01,-6.93E-02,-4.09E+01,-2.07E+02,5.47E+00,-1.95E+00,2.60E-01,-3.23E-03,4.813664596,0.301935484
-7.68E+01,1.88E+01,2.26E+01,1.28E-01,7.39E-01,-6.93E-02,-4.09E+01,-2.07E+02,5.44E+00,-1.95E+00,2.60E-01,-3.30E-03,4.813664596,0.301935484
-7.68E+01,1.89E+01,2.27E+01,1.28E-01,7.39E-01,-6.93E-02,-4.10E+01,-2.07E+02,5.42E+00,-1.95E+00,2.61E-01,-3.36E-03,4.79876161,0.301935484
-7.69E+01,1.89E+01,2.27E+01,1.28E-01,7.39E-01,-6.93E-02,-4.10E+01,-2.07E+02,5.43E+00,-1.95E+00,2.61E-01,-3.43E-03,4.79876161,0.301290323
-7.69E+01,1.89E+01,2.27E+01,1.28E-01,7.39E-01,-6.93E-02,-4.10E+01,-2.07E+02,5.44E+00,-1.95E+00,2.60E-01,-3.48E-03,4.79876161,0.301290323
-7.69E+01,1.89E+01,2.27E+01,1.28E-01,7.39E-01,-6.93E-02,-4.11E+01,-2.07E+02,5.46E+00,-1.95E+00,2.60E-01,-3.48E-03,4.783950617,0.301290323
-7.70E+01,1.89E+01,2.27E+01,1.28E-01,7.39E-01,-6.92E-02,-4.11E+01,-2.07E+02,5.49E+00,-1.95E+00,2.60E-01,-3.53E-03,4.814814815,0.3
-7.70E+01,1.90E+01,2.28E+01,1.28E-01,7.39E-01,-6.92E-02,-4.12E+01,-2.07E+02,5.51E+00,-1.95E+00,2.60E-01,-3.56E-03,4.814814815,0.3
-7.71E+01,1.90E+01,2.28E+01,1.28E-01,7.39E-01,-6.91E-02,-4.12E+01,-2.07E+02,5.55E+00,-1.95E+00,2.60E-01,-3.56E-03,4.8,0.3
-7.71E+01,1.90E+01,2.28E+01,1.28E-01,7.39E-01,-6.90E-02,-4.12E+01,-2.08E+02,5.59E+00,-1.94E+00,2.60E-01,-3.55E-03,4.8,0.3
-7.71E+01,1.91E+01,2.28E+01,1.27E-01,7.39E-01,-6.90E-02,-4.13E+01,-2.08E+02,5.65E+00,-1.94E+00,2.59E-01,-3.53E-03,4.8,0.300641026
-7.72E+01,1.91E+01,2.29E+01,1.27E-01,7.39E-01,-6.89E-02,-4.13E+01,-2.08E+02,5.70E+00,-1.94E+00,2.59E-01,-3.49E-03,4.785276074,0.300641026
-7.72E+01,1.91E+01,2.29E+01,1.27E-01,7.39E-01,-6.88E-02,-4.14E+01,-2.08E+02,5.74E+00,-1.94E+00,2.59E-01,-3.40E-03,4.785276074,0.300641026
-7.72E+01,1.91E+01,2.29E+01,1.27E-01,7.39E-01,-6.88E-02,-4.14E+01,-2.08E+02,5.77E+00,-1.94E+00,2.59E-01,-3.36E-03,4.785276074,0.300641026
-7.72E+01,1.92E+01,2.29E+01,1.27E-01,7.39E-01,-6.87E-02,-4.14E+01,-2.08E+02,5.81E+00,-1.94E+00,2.58E-01,-3.27E-03,4.785276074,0.301282051
-7.72E+01,1.92E+01,2.29E+01,1.27E-01,7.39E-01,-6.87E-02,-4.14E+01,-2.08E+02,5.85E+00,-1.94E+00,2.58E-01,-3.18E-03,4.81595092,0.299363057
-7.72E+01,1.92E+01,2.29E+01,1.27E-01,7.39E-01,-6.86E-02,-4.14E+01,-2.08E+02,5.89E+00,-1.94E+00,2.58E-01,-3.08E-03,4.81595092,0.299363057
-7.72E+01,1.92E+01,2.29E+01,1.27E-01,7.39E-01,-6.86E-02,-4.14E+01,-2.08E+02,5.93E+00,-1.94E+00,2.58E-01,-2.98E-03,4.81595092,0.299363057
-7.72E+01,1.92E+01,2.29E+01,1.27E-01,7.39E-01,-6.85E-02,-4.14E+01,-2.08E+02,5.96E+00,-1.94E+00,2.58E-01,-2.89E-03,4.81595092,0.299363057
-7.72E+01,1.92E+01,2.29E+01,1.27E-01,7.38E-01,-6.85E-02,-4.14E+01,-2.08E+02,5.98E+00,-1.94E+00,2.58E-01,-2.82E-03,4.81595092,0.299363057
-7.72E+01,1.92E+01,2.29E+01,1.27E-01,7.38E-01,-6.85E-02,-4.14E+01,-2.08E+02,5.99E+00,-1.94E+00,2.58E-01,-2.76E-03,4.81595092,0.299363057
-7.72E+01,1.92E+01,2.29E+01,1.27E-01,7.38E-01,-6.85E-02,-4.14E+01,-2.08E+02,5.99E+00,-1.94E+00,2.58E-01,-2.72E-03,4.81595092,0.299363057
-7.72E+01,1.92E+01,2.29E+01,1.27E-01,7.38E-01,-6.85E-02,-4.14E+01,-2.08E+02,5.99E+00,-1.94E+00,2.57E-01,-2.71E-03,4.81595092,0.299363057
-7.73E+01,1.92E+01,2.29E+01,1.27E-01,7.38E-01,-6.85E-02,-4.14E+01,-2.08E+02,5.98E+00,-1.94E+00,2.57E-01,-2.69E-03,4.81595092,0.3
-7.73E+01,1.92E+01,2.29E+01,1.27E-01,7.38E-01,-6.85E-02,-4.14E+01,-2.09E+02,5.95E+00,-1.94E+00,2.58E-01,-2.70E-03,4.81595092,0.3
-7.73E+01,1.91E+01,2.29E+01,1.27E-01,7.38E-01,-6.85E-02,-4.14E+01,-2.09E+02,5.91E+00,-1.94E+00,2.58E-01,-2.73E-03,4.81595092,0.3
-7.74E+01,1.91E+01,2.30E+01,1.27E-01,7.38E-01,-6.85E-02,-4.14E+01,-2.09E+02,5.86E+00,-1.94E+00,2.58E-01,-2.78E-03,4.81595092,0.3
-7.74E+01,1.91E+01,2.30E+01,1.27E-01,7.37E-01,-6.85E-02,-4.14E+01,-2.09E+02,5.82E+00,-1.94E+00,2.58E-01,-2.83E-03,4.81595092,0.300636943
-7.75E+01,1.91E+01,2.30E+01,1.27E-01,7.37E-01,-6.85E-02,-4.14E+01,-2.09E+02,5.78E+00,-1.94E+00,2.58E-01,-2.90E-03,4.81595092,0.300636943
-7.75E+01,1.91E+01,2.30E+01,1.27E-01,7.37E-01,-6.85E-02,-4.15E+01,-2.09E+02,5.74E+00,-1.94E+00,2.58E-01,-3.00E-03,4.801223242,0.301273885
-7.76E+01,1.91E+01,2.30E+01,1.27E-01,7.37E-01,-6.85E-02,-4.15E+01,-2.10E+02,5.70E+00,-1.94E+00,2.58E-01,-3.08E-03,4.801223242,0.301273885
-7.76E+01,1.91E+01,2.31E+01,1.27E-01,7.37E-01,-6.85E-02,-4.15E+01,-2.10E+02,5.65E+00,-1.94E+00,2.58E-01,-3.18E-03,4.831804281,0.299367089
-7.77E+01,1.91E+01,2.31E+01,1.27E-01,7.37E-01,-6.84E-02,-4.16E+01,-2.10E+02,5.60E+00,-1.94E+00,2.58E-01,-3.29E-03,4.831804281,0.3
-7.77E+01,1.91E+01,2.31E+01,1.27E-01,7.37E-01,-6.84E-02,-4.16E+01,-2.10E+02,5.57E+00,-1.94E+00,2.58E-01,-3.39E-03,4.831804281,0.3
-7.77E+01,1.91E+01,2.31E+01,1.27E-01,7.37E-01,-6.84E-02,-4.16E+01,-2.10E+02,5.56E+00,-1.94E+00,2.58E-01,-3.50E-03,4.831804281,0.3
-7.77E+01,1.91E+01,2.31E+01,1.27E-01,7.37E-01,-6.83E-02,-4.16E+01,-2.10E+02,5.57E+00,-1.94E+00,2.58E-01,-3.60E-03,4.831804281,0.3
-7.76E+01,1.91E+01,2.31E+01,1.27E-01,7.37E-01,-6.83E-02,-4.16E+01,-2.10E+02,5.60E+00,-1.94E+00,2.58E-01,-3.77E-03,4.831804281,0.3
-7.76E+01,1.91E+01,2.30E+01,1.27E-01,7.37E-01,-6.82E-02,-4.15E+01,-2.10E+02,5.65E+00,-1.94E+00,2.58E-01,-3.86E-03,4.831804281,0.3
-7.75E+01,1.91E+01,2.30E+01,1.27E-01,7.37E-01,-6.82E-02,-4.15E+01,-2.09E+02,5.69E+00,-1.94E+00,2.58E-01,-3.94E-03,4.801223242,0.301273885
-7.74E+01,1.91E+01,2.30E+01,1.27E-01,7.37E-01,-6.82E-02,-4.14E+01,-2.09E+02,5.74E+00,-1.94E+00,2.58E-01,-4.03E-03,4.81595092,0.301273885
-7.73E+01,1.91E+01,2.29E+01,1.27E-01,7.37E-01,-6.82E-02,-4.14E+01,-2.09E+02,5.78E+00,-1.94E+00,2.58E-01,-4.09E-03,4.81595092,0.301273885
-7.72E+01,1.91E+01,2.29E+01,1.27E-01,7.37E-01,-6.82E-02,-4.13E+01,-2.09E+02,5.81E+00,-1.94E+00,2.58E-01,-4.13E-03,4.830769231,0.300636943
-7.72E+01,1.91E+01,2.29E+01,1.27E-01,7.37E-01,-6.82E-02,-4.13E+01,-2.09E+02,5.84E+00,-1.94E+00,2.58E-01,-4.14E-03,4.830769231,0.300636943
-7.71E+01,1.91E+01,2.28E+01,1.27E-01,7.37E-01,-6.82E-02,-4.12E+01,-2.08E+02,5.87E+00,-1.94E+00,2.58E-01,-4.15E-03,4.830769231,0.300636943
-7.70E+01,1.91E+01,2.28E+01,1.27E-01,7.37E-01,-6.83E-02,-4.12E+01,-2.08E+02,5.89E+00,-1.94E+00,2.58E-01,-4.12E-03,4.845679012,0.300636943
-7.70E+01,1.91E+01,2.28E+01,1.27E-01,7.38E-01,-6.84E-02,-4.11E+01,-2.08E+02,5.89E+00,-1.94E+00,2.58E-01,-4.07E-03,4.845679012,0.300636943
-7.70E+01,1.91E+01,2.28E+01,1.27E-01,7.38E-01,-6.85E-02,-4.11E+01,-2.08E+02,5.87E+00,-1.94E+00,2.59E-01,-3.97E-03,4.845679012,0.300636943
-7.71E+01,1.91E+01,2.28E+01,1.27E-01,7.38E-01,-6.86E-02,-4.12E+01,-2.08E+02,5.83E+00,-1.94E+00,2.59E-01,-3.86E-03,4.845679012,0.300636943
-7.71E+01,1.91E+01,2.28E+01,1.27E-01,7.38E-01,-6.87E-02,-4.12E+01,-2.09E+02,5.79E+00,-1.94E+00,2.59E-01,-3.73E-03,4.845679012,0.300636943
-7.71E+01,1.91E+01,2.28E+01,1.27E-01,7.38E-01,-6.88E-02,-4.12E+01,-2.09E+02,5.74E+00,-1.94E+00,2.59E-01,-3.60E-03,4.830769231,0.301273885
-7.72E+01,1.91E+01,2.29E+01,1.27E-01,7.38E-01,-6.88E-02,-4.13E+01,-2.09E+02,5.69E+00,-1.94E+00,2.59E-01,-3.46E-03,4.830769231,0.301273885
-7.73E+01,1.91E+01,2.29E+01,1.27E-01,7.38E-01,-6.89E-02,-4.13E+01,-2.09E+02,5.62E+00,-1.94E+00,2.60E-01,-3.33E-03,4.81595092,0.301273885
-7.74E+01,1.91E+01,2.29E+01,1.27E-01,7.38E-01,-6.90E-02,-4.14E+01,-2.09E+02,5.56E+00,-1.94E+00,2.60E-01,-3.20E-03,4.81595092,0.301910828
-7.75E+01,1.91E+01,2.30E+01,1.27E-01,7.38E-01,-6.90E-02,-4.15E+01,-2.10E+02,5.49E+00,-1.94E+00,2.60E-01,-3.10E-03,4.801223242,0.301910828
-7.75E+01,1.91E+01,2.30E+01,1.27E-01,7.38E-01,-6.90E-02,-4.16E+01,-2.10E+02,5.44E+00,-1.94E+00,2.60E-01,-3.03E-03,4.831804281,0.3
-7.76E+01,1.91E+01,2.30E+01,1.27E-01,7.38E-01,-6.90E-02,-4.16E+01,-2.10E+02,5.41E+00,-1.94E+00,2.59E-01,-2.99E-03,4.817073171,0.3
-7.76E+01,1.91E+01,2.31E+01,1.27E-01,7.38E-01,-6.90E-02,-4.17E+01,-2.10E+02,5.38E+00,-1.94E+00,2.59E-01,-2.94E-03,4.817073171,0.3
-7.76E+01,1.91E+01,2.31E+01,1.27E-01,7.38E-01,-6.90E-02,-4.17E+01,-2.10E+02,5.38E+00,-1.94E+00,2.59E-01,-2.99E-03,4.817073171,0.299367089
-7.76E+01,1.91E+01,2.31E+01,1.27E-01,7.38E-01,-6.90E-02,-4.17E+01,-2.10E+02,5.39E+00,-1.94E+00,2.59E-01,-3.07E-03,4.817073171,0.299367089
-7.76E+01,1.92E+01,2.31E+01,1.27E-01,7.38E-01,-6.90E-02,-4.17E+01,-2.10E+02,5.43E+00,-1.94E+00,2.59E-01,-3.15E-03,4.786585366,0.301273885
-7.75E+01,1.92E+01,2.30E+01,1.27E-01,7.38E-01,-6.89E-02,-4.17E+01,-2.09E+02,5.49E+00,-1.94E+00,2.59E-01,-3.20E-03,4.786585366,0.300636943
-7.75E+01,1.92E+01,2.30E+01,1.27E-01,7.38E-01,-6.89E-02,-4.16E+01,-2.09E+02,5.57E+00,-1.94E+00,2.58E-01,-3.30E-03,4.786585366,0.300636943
-7.74E+01,1.92E+01,2.30E+01,1.27E-01,7.38E-01,-6.88E-02,-4.16E+01,-2.09E+02,5.66E+00,-1.94E+00,2.58E-01,-3.41E-03,4.801223242,0.300636943
-7.73E+01,1.92E+01,2.29E+01,1.27E-01,7.38E-01,-6.88E-02,-4.15E+01,-2.09E+02,5.76E+00,-1.94E+00,2.58E-01,-3.52E-03,4.801223242,0.3
-7.72E+01,1.92E+01,2.29E+01,1.27E-01,7.38E-01,-6.88E-02,-4.14E+01,-2.08E+02,5.85E+00,-1.94E+00,2.58E-01,-3.67E-03,4.785276074,0.301923077
-7.71E+01,1.92E+01,2.28E+01,1.27E-01,7.38E-01,-6.87E-02,-4.14E+01,-2.08E+02,5.95E+00,-1.94E+00,2.58E-01,-3.78E-03,4.785276074,0.301282051
-7.70E+01,1.92E+01,2.28E+01,1.27E-01,7.38E-01,-6.87E-02,-4.13E+01,-2.08E+02,6.03E+00,-1.95E+00,2.58E-01,-3.90E-03,4.8,0.301282051
-7.69E+01,1.92E+01,2.27E+01,1.27E-01,7.38E-01,-6.87E-02,-4.12E+01,-2.08E+02,6.09E+00,-1.95E+00,2.58E-01,-4.02E-03,4.8,0.301282051
-7.68E+01,1.92E+01,2.27E+01,1.27E-01,7.38E-01,-6.87E-02,-4.12E+01,-2.07E+02,6.14E+00,-1.95E+00,2.58E-01,-4.16E-03,4.814814815,0.301282051
-7.68E+01,1.92E+01,2.27E+01,1.27E-01,7.38E-01,-6.87E-02,-4.11E+01,-2.07E+02,6.16E+00,-1.95E+00,2.58E-01,-4.27E-03,4.814814815,0.301282051
-7.68E+01,1.92E+01,2.27E+01,1.27E-01,7.38E-01,-6.88E-02,-4.11E+01,-2.07E+02,6.16E+00,-1.95E+00,2.59E-01,-4.39E-03,4.814814815,0.301282051
-7.68E+01,1.92E+01,2.27E+01,1.27E-01,7.38E-01,-6.88E-02,-4.10E+01,-2.07E+02,6.14E+00,-1.95E+00,2.59E-01,-4.49E-03,4.829721362,0.301282051
-7.68E+01,1.91E+01,2.27E+01,1.27E-01,7.39E-01,-6.89E-02,-4.10E+01,-2.07E+02,6.10E+00,-1.95E+00,2.59E-01,-4.57E-03,4.829721362,0.301282051
-7.68E+01,1.91E+01,2.27E+01,1.27E-01,7.38E-01,-6.89E-02,-4.11E+01,-2.07E+02,6.03E+00,-1.95E+00,2.59E-01,-4.61E-03,4.829721362,0.301282051
-7.68E+01,1.91E+01,2.27E+01,1.27E-01,7.38E-01,-6.90E-02,-4.11E+01,-2.08E+02,5.95E+00,-1.95E+00,2.59E-01,-4.63E-03,4.814814815,0.301282051
-7.68E+01,1.90E+01,2.27E+01,1.27E-01,7.38E-01,-6.90E-02,-4.11E+01,-2.08E+02,5.86E+00,-1.95E+00,2.59E-01,-4.62E-03,4.814814815,0.301282051
-7.69E+01,1.90E+01,2.27E+01,1.27E-01,7.38E-01,-6.90E-02,-4.11E+01,-2.08E+02,5.76E+00,-1.94E+00,2.60E-01,-4.57E-03,4.814814815,0.301282051
-7.69E+01,1.90E+01,2.28E+01,1.27E-01,7.38E-01,-6.91E-02,-4.12E+01,-2.08E+02,5.66E+00,-1.94E+00,2.60E-01,-4.53E-03,4.814814815,0.301282051
-7.70E+01,1.90E+01,2.28E+01,1.28E-01,7.38E-01,-6.91E-02,-4.12E+01,-2.08E+02,5.57E+00,-1.94E+00,2.60E-01,-4.44E-03,4.814814815,0.301282051
-7.70E+01,1.89E+01,2.28E+01,1.28E-01,7.38E-01,-6.91E-02,-4.12E+01,-2.08E+02,5.50E+00,-1.94E+00,2.60E-01,-4.37E-03,4.8,0.301282051
-7.70E+01,1.89E+01,2.28E+01,1.28E-01,7.38E-01,-6.91E-02,-4.12E+01,-2.08E+02,5.45E+00,-1.94E+00,2.60E-01,-4.27E-03,4.8,0.301282051
-7.70E+01,1.89E+01,2.28E+01,1.28E-01,7.39E-01,-6.91E-02,-4.12E+01,-2.08E+02,5.41E+00,-1.94E+00,2.60E-01,-4.15E-03,4.8,0.300641026
-7.70E+01,1.89E+01,2.28E+01,1.28E-01,7.39E-01,-6.91E-02,-4.12E+01,-2.08E+02,5.39E+00,-1.94E+00,2.60E-01,-4.01E-03,4.8,0.300641026
-7.70E+01,1.89E+01,2.28E+01,1.28E-01,7.39E-01,-6.91E-02,-4.12E+01,-2.08E+02,5.39E+00,-1.94E+00,2.60E-01,-3.85E-03,4.8,0.300641026
-7.70E+01,1.89E+01,2.28E+01,1.27E-01,7.39E-01,-6.91E-02,-4.12E+01,-2.08E+02,5.41E+00,-1.94E+00,2.60E-01,-3.67E-03,4.8,0.300641026
-7.69E+01,1.89E+01,2.28E+01,1.27E-01,7.39E-01,-6.91E-02,-4.12E+01,-2.07E+02,5.46E+00,-1.94E+00,2.60E-01,-3.47E-03,4.814814815,0.3
-7.69E+01,1.90E+01,2.28E+01,1.27E-01,7.39E-01,-6.91E-02,-4.12E+01,-2.07E+02,5.52E+00,-1.95E+00,2.60E-01,-3.25E-03,4.814814815,0.3
-7.69E+01,1.90E+01,2.28E+01,1.27E-01,7.39E-01,-6.90E-02,-4.11E+01,-2.07E+02,5.60E+00,-1.95E+00,2.60E-01,-3.01E-03,4.814814815,0.3
-7.69E+01,1.90E+01,2.27E+01,1.27E-01,7.39E-01,-6.90E-02,-4.11E+01,-2.07E+02,5.68E+00,-1.95E+00,2.60E-01,-2.79E-03,4.814814815,0.3
-7.68E+01,1.90E+01,2.27E+01,1.27E-01,7.39E-01,-6.90E-02,-4.11E+01,-2.07E+02,5.76E+00,-1.95E+00,2.59E-01,-2.59E-03,4.814814815,0.3
-7.68E+01,1.91E+01,2.27E+01,1.27E-01,7.39E-01,-6.90E-02,-4.11E+01,-2.07E+02,5.84E+00,-1.95E+00,2.59E-01,-2.35E-03,4.814814815,0.3
-7.68E+01,1.91E+01,2.27E+01,1.27E-01,7.39E-01,-6.90E-02,-4.11E+01,-2.07E+02,5.91E+00,-1.95E+00,2.59E-01,-2.16E-03,4.829721362,0.3
-7.68E+01,1.91E+01,2.27E+01,1.27E-01,7.39E-01,-6.89E-02,-4.11E+01,-2.07E+02,5.97E+00,-1.95E+00,2.59E-01,-2.01E-03,4.829721362,0.3
-7.68E+01,1.91E+01,2.27E+01,1.27E-01,7.39E-01,-6.89E-02,-4.11E+01,-2.07E+02,6.00E+00,-1.95E+00,2.59E-01,-1.90E-03,4.814814815,0.300641026
-7.68E+01,1.91E+01,2.27E+01,1.27E-01,7.39E-01,-6.89E-02,-4.11E+01,-2.07E+02,6.03E+00,-1.94E+00,2.59E-01,-1.83E-03,4.814814815,0.300641026
-7.68E+01,1.92E+01,2.27E+01,1.27E-01,7.39E-01,-6.89E-02,-4.11E+01,-2.08E+02,6.05E+00,-1.94E+00,2.59E-01,-1.81E-03,4.814814815,0.300641026
-7.69E+01,1.92E+01,2.28E+01,1.27E-01,7.39E-01,-6.88E-02,-4.11E+01,-2.08E+02,6.06E+00,-1.94E+00,2.59E-01,-1.81E-03,4.814814815,0.301282051
-7.69E+01,1.92E+01,2.28E+01,1.27E-01,7.39E-01,-6.88E-02,-4.12E+01,-2.08E+02,6.05E+00,-1.94E+00,2.59E-01,-1.87E-03,4.814814815,0.301282051
-7.69E+01,1.92E+01,2.28E+01,1.27E-01,7.39E-01,-6.88E-02,-4.12E+01,-2.08E+02,6.03E+00,-1.94E+00,2.59E-01,-1.99E-03,4.814814815,0.301923077
-7.69E+01,1.92E+01,2.28E+01,1.27E-01,7.38E-01,-6.88E-02,-4.12E+01,-2.08E+02,5.99E+00,-1.94E+00,2.59E-01,-2.17E-03,4.8,0.301923077
-7.70E+01,1.92E+01,2.28E+01,1.27E-01,7.38E-01,-6.88E-02,-4.12E+01,-2.08E+02,5.94E+00,-1.94E+00,2.59E-01,-2.36E-03,4.8,0.301923077
-7.70E+01,1.92E+01,2.28E+01,1.27E-01,7.38E-01,-6.88E-02,-4.13E+01,-2.08E+02,5.88E+00,-1.94E+00,2.58E-01,-2.56E-03,4.830769231,0.300636943
-7.70E+01,1.91E+01,2.28E+01,1.27E-01,7.38E-01,-6.88E-02,-4.13E+01,-2.08E+02,5.83E+00,-1.94E+00,2.58E-01,-2.79E-03,4.830769231,0.300636943
-7.71E+01,1.91E+01,2.28E+01,1.27E-01,7.38E-01,-6.88E-02,-4.13E+01,-2.09E+02,5.78E+00,-1.94E+00,2.58E-01,-3.01E-03,4.830769231,0.300636943
-7.71E+01,1.91E+01,2.28E+01,1.27E-01,7.38E-01,-6.87E-02,-4.13E+01,-2.09E+02,5.74E+00,-1.94E+00,2.58E-01,-3.22E-03,4.830769231,0.300636943
-7.71E+01,1.91E+01,2.28E+01,1.27E-01,7.37E-01,-6.87E-02,-4.13E+01,-2.09E+02,5.70E+00,-1.94E+00,2.58E-01,-3.43E-03,4.830769231,0.300636943
-7.71E+01,1.91E+01,2.28E+01,1.27E-01,7.37E-01,-6.87E-02,-4.13E+01,-2.09E+02,5.67E+00,-1.94E+00,2.58E-01,-3.63E-03,4.830769231,0.300636943
-7.71E+01,1.91E+01,2.28E+01,1.27E-01,7.37E-01,-6.87E-02,-4.13E+01,-2.09E+02,5.64E+00,-1.94E+00,2.58E-01,-3.80E-03,4.830769231,0.301273885
-7.71E+01,1.91E+01,2.28E+01,1.27E-01,7.37E-01,-6.87E-02,-4.13E+01,-2.09E+02,5.62E+00,-1.94E+00,2.58E-01,-3.95E-03,4.830769231,0.301273885
-7.72E+01,1.91E+01,2.28E+01,1.27E-01,7.37E-01,-6.87E-02,-4.13E+01,-2.09E+02,5.61E+00,-1.94E+00,2.58E-01,-4.06E-03,4.830769231,0.301273885
-7.72E+01,1.91E+01,2.29E+01,1.27E-01,7.37E-01,-6.86E-02,-4.13E+01,-2.09E+02,5.59E+00,-1.94E+00,2.58E-01,-4.12E-03,4.830769231,0.301273885
-7.72E+01,1.91E+01,2.29E+01,1.27E-01,7.37E-01,-6.86E-02,-4.13E+01,-2.09E+02,5.58E+00,-1.94E+00,2.58E-01,-4.17E-03,4.830769231,0.301910828
-7.72E+01,1.91E+01,2.29E+01,1.27E-01,7.37E-01,-6.86E-02,-4.13E+01,-2.09E+02,5.57E+00,-1.94E+00,2.58E-01,-4.17E-03,4.830769231,0.301910828
-7.72E+01,1.91E+01,2.29E+01,1.27E-01,7.37E-01,-6.85E-02,-4.13E+01,-2.09E+02,5.58E+00,-1.94E+00,2.58E-01,-4.13E-03,4.830769231,0.301910828
-7.73E+01,1.91E+01,2.29E+01,1.27E-01,7.37E-01,-6.85E-02,-4.13E+01,-2.09E+02,5.60E+00,-1.94E+00,2.58E-01,-4.06E-03,4.830769231,0.302547771
-7.73E+01,1.91E+01,2.29E+01,1.27E-01,7.37E-01,-6.85E-02,-4.13E+01,-2.10E+02,5.63E+00,-1.94E+00,2.58E-01,-3.96E-03,4.830769231,0.302547771
-7.72E+01,1.91E+01,2.29E+01,1.27E-01,7.37E-01,-6.85E-02,-4.13E+01,-2.10E+02,5.66E+00,-1.94E+00,2.58E-01,-3.83E-03,4.830769231,0.302547771
-7.72E+01,1.91E+01,2.29E+01,1.27E-01,7.37E-01,-6.84E-02,-4.13E+01,-2.10E+02,5.69E+00,-1.94E+00,2.58E-01,-3.68E-03,4.830769231,0.302547771
-7.72E+01,1.91E+01,2.29E+01,1.27E-01,7.38E-01,-6.84E-02,-4.13E+01,-2.10E+02,5.74E+00,-1.94E+00,2.58E-01,-3.52E-03,4.830769231,0.302547771
-7.72E+01,1.91E+01,2.29E+01,1.27E-01,7.38E-01,-6.84E-02,-4.13E+01,-2.10E+02,5.78E+00,-1.94E+00,2.58E-01,-3.36E-03,4.830769231,0.302547771
-7.72E+01,1.91E+01,2.29E+01,1.27E-01,7.38E-01,-6.84E-02,-4.13E+01,-2.10E+02,5.83E+00,-1.94E+00,2.58E-01,-3.20E-03,4.830769231,0.302547771
-7.72E+01,1.91E+01,2.29E+01,1.27E-01,7.38E-01,-6.83E-02,-4.12E+01,-2.09E+02,5.87E+00,-1.94E+00,2.58E-01,-3.04E-03,4.830769231,0.302547771
-7.72E+01,1.91E+01,2.29E+01,1.27E-01,7.38E-01,-6.83E-02,-4.12E+01,-2.09E+02,5.89E+00,-1.94E+00,2.58E-01,-2.88E-03,4.830769231,0.302547771
-7.72E+01,1.91E+01,2.29E+01,1.27E-01,7.38E-01,-6.83E-02,-4.12E+01,-2.09E+02,5.91E+00,-1.94E+00,2.58E-01,-2.73E-03,4.830769231,0.301910828
-7.71E+01,1.91E+01,2.28E+01,1.27E-01,7.38E-01,-6.83E-02,-4.12E+01,-2.09E+02,5.92E+00,-1.94E+00,2.58E-01,-2.58E-03,4.845679012,0.301910828
-7.71E+01,1.91E+01,2.28E+01,1.27E-01,7.38E-01,-6.84E-02,-4.12E+01,-2.09E+02,5.92E+00,-1.94E+00,2.58E-01,-2.48E-03,4.845679012,0.301910828
-7.71E+01,1.91E+01,2.28E+01,1.27E-01,7.38E-01,-6.84E-02,-4.11E+01,-2.09E+02,5.91E+00,-1.94E+00,2.58E-01,-2.40E-03,4.845679012,0.302547771
-7.72E+01,1.91E+01,2.28E+01,1.27E-01,7.38E-01,-6.84E-02,-4.11E+01,-2.09E+02,5.88E+00,-1.94E+00,2.58E-01,-2.36E-03,4.845679012,0.302547771
-7.72E+01,1.91E+01,2.28E+01,1.27E-01,7.38E-01,-6.84E-02,-4.12E+01,-2.09E+02,5.83E+00,-1.94E+00,2.58E-01,-2.29E-03,4.845679012,0.302547771
-7.72E+01,1.90E+01,2.28E+01,1.27E-01,7.38E-01,-6.85E-02,-4.12E+01,-2.09E+02,5.77E+00,-1.94E+00,2.58E-01,-2.28E-03,4.845679012,0.302547771
-7.72E+01,1.90E+01,2.28E+01,1.27E-01,7.38E-01,-6.85E-02,-4.12E+01,-2.09E+02,5.71E+00,-1.94E+00,2.58E-01,-2.29E-03,4.845679012,0.302547771
-7.73E+01,1.90E+01,2.28E+01,1.27E-01,7.38E-01,-6.86E-02,-4.12E+01,-2.09E+02,5.65E+00,-1.94E+00,2.58E-01,-2.31E-03,4.845679012,0.302547771
-7.73E+01,1.90E+01,2.28E+01,1.27E-01,7.38E-01,-6.86E-02,-4.12E+01,-2.09E+02,5.60E+00,-1.94E+00,2.58E-01,-2.35E-03,4.830769231,0.303184713
-7.73E+01,1.90E+01,2.29E+01,1.27E-01,7.38E-01,-6.86E-02,-4.13E+01,-2.10E+02,5.55E+00,-1.94E+00,2.58E-01,-2.41E-03,4.830769231,0.303184713
-7.74E+01,1.90E+01,2.29E+01,1.27E-01,7.38E-01,-6.86E-02,-4.13E+01,-2.10E+02,5.49E+00,-1.94E+00,2.58E-01,-2.41E-03,4.861538462,0.301265823
-7.74E+01,1.90E+01,2.29E+01,1.27E-01,7.37E-01,-6.86E-02,-4.13E+01,-2.10E+02,5.43E+00,-1.94E+00,2.57E-01,-2.48E-03,4.846625767,0.301265823
-7.74E+01,1.90E+01,2.29E+01,1.27E-01,7.37E-01,-6.86E-02,-4.14E+01,-2.10E+02,5.39E+00,-1.94E+00,2.57E-01,-2.53E-03,4.846625767,0.301265823
-7.75E+01,1.90E+01,2.29E+01,1.27E-01,7.37E-01,-6.86E-02,-4.14E+01,-2.10E+02,5.38E+00,-1.94E+00,2.57E-01,-2.54E-03,4.846625767,0.301265823
-7.75E+01,1.90E+01,2.30E+01,1.27E-01,7.37E-01,-6.85E-02,-4.14E+01,-2.10E+02,5.40E+00,-1.94E+00,2.57E-01,-2.52E-03,4.846625767,0.301265823
-7.75E+01,1.91E+01,2.30E+01,1.26E-01,7.37E-01,-6.85E-02,-4.15E+01,-2.10E+02,5.46E+00,-1.94E+00,2.57E-01,-2.47E-03,4.831804281,0.301265823
-7.75E+01,1.91E+01,2.30E+01,1.26E-01,7.37E-01,-6.84E-02,-4.15E+01,-2.10E+02,5.53E+00,-1.94E+00,2.57E-01,-2.41E-03,4.831804281,0.301265823
-7.75E+01,1.91E+01,2.30E+01,1.26E-01,7.37E-01,-6.84E-02,-4.15E+01,-2.10E+02,5.62E+00,-1.94E+00,2.56E-01,-2.33E-03,4.831804281,0.301265823
-7.75E+01,1.92E+01,2.30E+01,1.26E-01,7.37E-01,-6.83E-02,-4.15E+01,-2.10E+02,5.71E+00,-1.94E+00,2.56E-01,-2.25E-03,4.831804281,0.301265823
-7.74E+01,1.92E+01,2.29E+01,1.26E-01,7.37E-01,-6.83E-02,-4.15E+01,-2.10E+02,5.79E+00,-1.94E+00,2.56E-01,-2.19E-03,4.846625767,0.301265823
-7.74E+01,1.92E+01,2.29E+01,1.26E-01,7.37E-01,-6.82E-02,-4.14E+01,-2.10E+02,5.86E+00,-1.94E+00,2.56E-01,-2.17E-03,4.846625767,0.301265823
-7.74E+01,1.92E+01,2.29E+01,1.26E-01,7.37E-01,-6.82E-02,-4.14E+01,-2.10E+02,5.94E+00,-1.94E+00,2.56E-01,-2.16E-03,4.846625767,0.301265823
-7.73E+01,1.92E+01,2.28E+01,1.26E-01,7.37E-01,-6.82E-02,-4.13E+01,-2.10E+02,6.01E+00,-1.94E+00,2.56E-01,-2.16E-03,4.830769231,0.303184713
-7.73E+01,1.92E+01,2.28E+01,1.26E-01,7.37E-01,-6.82E-02,-4.13E+01,-2.09E+02,6.06E+00,-1.94E+00,2.56E-01,-2.18E-03,4.830769231,0.303184713
-7.72E+01,1.92E+01,2.28E+01,1.26E-01,7.37E-01,-6.82E-02,-4.12E+01,-2.09E+02,6.09E+00,-1.94E+00,2.56E-01,-2.21E-03,4.830769231,0.302547771
-7.72E+01,1.92E+01,2.27E+01,1.26E-01,7.37E-01,-6.82E-02,-4.12E+01,-2.09E+02,6.09E+00,-1.94E+00,2.56E-01,-2.24E-03,4.845679012,0.302547771
-7.72E+01,1.92E+01,2.27E+01,1.26E-01,7.37E-01,-6.82E-02,-4.11E+01,-2.09E+02,6.06E+00,-1.94E+00,2.56E-01,-2.29E-03,4.845679012,0.302547771
-7.71E+01,1.92E+01,2.27E+01,1.26E-01,7.37E-01,-6.83E-02,-4.11E+01,-2.09E+02,6.01E+00,-1.94E+00,2.56E-01,-2.34E-03,4.845679012,0.302547771
-7.71E+01,1.91E+01,2.27E+01,1.26E-01,7.37E-01,-6.84E-02,-4.11E+01,-2.09E+02,5.95E+00,-1.94E+00,2.56E-01,-2.41E-03,4.845679012,0.301910828
-7.71E+01,1.91E+01,2.27E+01,1.26E-01,7.37E-01,-6.84E-02,-4.11E+01,-2.09E+02,5.86E+00,-1.94E+00,2.57E-01,-2.45E-03,4.845679012,0.301910828
-7.72E+01,1.90E+01,2.27E+01,1.26E-01,7.37E-01,-6.85E-02,-4.11E+01,-2.09E+02,5.76E+00,-1.94E+00,2.57E-01,-2.49E-03,4.845679012,0.301910828
-7.72E+01,1.90E+01,2.27E+01,1.26E-01,7.37E-01,-6.86E-02,-4.11E+01,-2.09E+02,5.66E+00,-1.94E+00,2.57E-01,-2.50E-03,4.845679012,0.301273885
-7.72E+01,1.90E+01,2.28E+01,1.26E-01,7.37E-01,-6.86E-02,-4.11E+01,-2.09E+02,5.57E+00,-1.94E+00,2.57E-01,-2.47E-03,4.845679012,0.301273885
-7.72E+01,1.89E+01,2.28E+01,1.26E-01,7.37E-01,-6.87E-02,-4.11E+01,-2.09E+02,5.50E+00,-1.94E+00,2.57E-01,-2.45E-03,4.845679012,0.301273885
-7.72E+01,1.89E+01,2.28E+01,1.26E-01,7.37E-01,-6.87E-02,-4.11E+01,-2.09E+02,5.43E+00,-1.94E+00,2.57E-01,-2.41E-03,4.845679012,0.300636943
-7.73E+01,1.89E+01,2.28E+01,1.26E-01,7.37E-01,-6.87E-02,-4.12E+01,-2.09E+02,5.37E+00,-1.94E+00,2.57E-01,-2.36E-03,4.845679012,0.300636943
-7.73E+01,1.89E+01,2.28E+01,1.26E-01,7.37E-01,-6.87E-02,-4.12E+01,-2.08E+02,5.33E+00,-1.94E+00,2.57E-01,-2.29E-03,4.830769231,0.300636943
-7.73E+01,1.89E+01,2.29E+01,1.26E-01,7.37E-01,-6.86E-02,-4.12E+01,-2.08E+02,5.31E+00,-1.94E+00,2.57E-01,-2.20E-03,4.830769231,0.3
-7.73E+01,1.89E+01,2.29E+01,1.26E-01,7.37E-01,-6.86E-02,-4.12E+01,-2.08E+02,5.32E+00,-1.94E+00,2.57E-01,-2.12E-03,4.830769231,0.3
-7.72E+01,1.89E+01,2.29E+01,1.26E-01,7.37E-01,-6.86E-02,-4.12E+01,-2.08E+02,5.36E+00,-1.94E+00,2.57E-01,-2.05E-03,4.830769231,0.3
-7.72E+01,1.89E+01,2.29E+01,1.26E-01,7.37E-01,-6.85E-02,-4.12E+01,-2.08E+02,5.42E+00,-1.94E+00,2.57E-01,-2.00E-03,4.8,0.301923077
-7.72E+01,1.90E+01,2.29E+01,1.26E-01,7.37E-01,-6.85E-02,-4.12E+01,-2.08E+02,5.50E+00,-1.94E+00,2.56E-01,-1.96E-03,4.8,0.301282051
-7.71E+01,1.90E+01,2.28E+01,1.26E-01,7.37E-01,-6.85E-02,-4.12E+01,-2.08E+02,5.60E+00,-1.94E+00,2.56E-01,-1.92E-03,4.8,0.301282051
-7.71E+01,1.90E+01,2.28E+01,1.26E-01,7.37E-01,-6.84E-02,-4.12E+01,-2.08E+02,5.71E+00,-1.94E+00,2.56E-01,-1.91E-03,4.8,0.301282051
-7.71E+01,1.91E+01,2.28E+01,1.26E-01,7.37E-01,-6.84E-02,-4.12E+01,-2.08E+02,5.83E+00,-1.94E+00,2.56E-01,-1.96E-03,4.814814815,0.301282051
-7.71E+01,1.91E+01,2.28E+01,1.26E-01,7.37E-01,-6.84E-02,-4.12E+01,-2.08E+02,5.93E+00,-1.94E+00,2.56E-01,-2.03E-03,4.814814815,0.301282051
-7.70E+01,1.91E+01,2.28E+01,1.26E-01,7.37E-01,-6.84E-02,-4.12E+01,-2.08E+02,6.02E+00,-1.94E+00,2.56E-01,-2.14E-03,4.814814815,0.301282051
-7.70E+01,1.91E+01,2.28E+01,1.26E-01,7.37E-01,-6.84E-02,-4.11E+01,-2.08E+02,6.09E+00,-1.94E+00,2.56E-01,-2.28E-03,4.814814815,0.301282051
-7.70E+01,1.92E+01,2.28E+01,1.26E-01,7.37E-01,-6.84E-02,-4.11E+01,-2.08E+02,6.13E+00,-1.94E+00,2.56E-01,-2.45E-03,4.814814815,0.301282051
-7.70E+01,1.92E+01,2.28E+01,1.26E-01,7.37E-01,-6.85E-02,-4.11E+01,-2.08E+02,6.16E+00,-1.94E+00,2.56E-01,-2.62E-03,4.814814815,0.301282051
-7.70E+01,1.92E+01,2.28E+01,1.26E-01,7.37E-01,-6.85E-02,-4.11E+01,-2.08E+02,6.17E+00,-1.94E+00,2.57E-01,-2.84E-03,4.814814815,0.301282051
-7.70E+01,1.92E+01,2.28E+01,1.26E-01,7.37E-01,-6.85E-02,-4.11E+01,-2.08E+02,6.15E+00,-1.94E+00,2.57E-01,-3.06E-03,4.814814815,0.301282051
-7.70E+01,1.92E+01,2.28E+01,1.26E-01,7.37E-01,-6.86E-02,-4.12E+01,-2.08E+02,6.12E+00,-1.94E+00,2.57E-01,-3.30E-03,4.814814815,0.301282051
-7.70E+01,1.92E+01,2.28E+01,1.26E-01,7.37E-01,-6.86E-02,-4.12E+01,-2.08E+02,6.06E+00,-1.94E+00,2.57E-01,-3.55E-03,4.814814815,0.301282051
-7.70E+01,1.91E+01,2.28E+01,1.26E-01,7.37E-01,-6.86E-02,-4.12E+01,-2.08E+02,5.99E+00,-1.94E+00,2.57E-01,-3.77E-03,4.8,0.301282051
-7.71E+01,1.91E+01,2.28E+01,1.26E-01,7.36E-01,-6.86E-02,-4.13E+01,-2.08E+02,5.90E+00,-1.94E+00,2.57E-01,-4.02E-03,4.8,0.301282051
-7.71E+01,1.91E+01,2.29E+01,1.26E-01,7.36E-01,-6.86E-02,-4.13E+01,-2.08E+02,5.81E+00,-1.94E+00,2.57E-01,-4.27E-03,4.8,0.301282051
-7.71E+01,1.91E+01,2.29E+01,1.26E-01,7.36E-01,-6.86E-02,-4.13E+01,-2.08E+02,5.72E+00,-1.94E+00,2.57E-01,-4.50E-03,4.785276074,0.301282051
-7.71E+01,1.91E+01,2.29E+01,1.26E-01,7.36E-01,-6.86E-02,-4.14E+01,-2.08E+02,5.64E+00,-1.94E+00,2.57E-01,-4.73E-03,4.785276074,0.301282051
-7.71E+01,1.91E+01,2.29E+01,1.26E-01,7.35E-01,-6.86E-02,-4.14E+01,-2.08E+02,5.57E+00,-1.94E+00,2.57E-01,-4.90E-03,4.785276074,0.300641026
-7.71E+01,1.91E+01,2.29E+01,1.26E-01,7.35E-01,-6.85E-02,-4.14E+01,-2.08E+02,5.51E+00,-1.94E+00,2.57E-01,-5.09E-03,4.785276074,0.300641026
-7.70E+01,1.91E+01,2.29E+01,1.26E-01,7.35E-01,-6.85E-02,-4.14E+01,-2.08E+02,5.46E+00,-1.94E+00,2.57E-01,-5.23E-03,4.785276074,0.300641026
-7.70E+01,1.90E+01,2.29E+01,1.26E-01,7.35E-01,-6.84E-02,-4.14E+01,-2.08E+02,5.43E+00,-1.94E+00,2.57E-01,-5.31E-03,4.785276074,0.300641026
-7.70E+01,1.90E+01,2.29E+01,1.26E-01,7.35E-01,-6.84E-02,-4.14E+01,-2.08E+02,5.41E+00,-1.94E+00,2.57E-01,-5.36E-03,4.785276074,0.300641026
-7.69E+01,1.90E+01,2.29E+01,1.26E-01,7.35E-01,-6.83E-02,-4.14E+01,-2.08E+02,5.40E+00,-1.94E+00,2.57E-01,-5.36E-03,4.785276074,0.300641026
-7.69E+01,1.90E+01,2.29E+01,1.26E-01,7.35E-01,-6.83E-02,-4.14E+01,-2.08E+02,5.42E+00,-1.94E+00,2.57E-01,-5.28E-03,4.785276074,0.300641026
-7.68E+01,1.90E+01,2.29E+01,1.26E-01,7.35E-01,-6.82E-02,-4.14E+01,-2.08E+02,5.46E+00,-1.94E+00,2.57E-01,-5.24E-03,4.785276074,0.300641026
-7.68E+01,1.91E+01,2.28E+01,1.26E-01,7.35E-01,-6.82E-02,-4.14E+01,-2.08E+02,5.52E+00,-1.94E+00,2.57E-01,-5.14E-03,4.785276074,0.300641026
-7.68E+01,1.91E+01,2.28E+01,1.26E-01,7.35E-01,-6.82E-02,-4.13E+01,-2.08E+02,5.57E+00,-1.94E+00,2.57E-01,-5.00E-03,4.785276074,0.300641026
-7.68E+01,1.91E+01,2.28E+01,1.26E-01,7.35E-01,-6.81E-02,-4.13E+01,-2.08E+02,5.62E+00,-1.94E+00,2.57E-01,-4.84E-03,4.8,0.300641026
-7.68E+01,1.91E+01,2.28E+01,1.26E-01,7.36E-01,-6.81E-02,-4.13E+01,-2.08E+02,5.66E+00,-1.94E+00,2.57E-01,-4.69E-03,4.8,0.300641026
-7.68E+01,1.91E+01,2.28E+01,1.26E-01,7.36E-01,-6.81E-02,-4.13E+01,-2.08E+02,5.70E+00,-1.94E+00,2.57E-01,-4.53E-03,4.8,0.301282051
-7.68E+01,1.91E+01,2.28E+01,1.27E-01,7.36E-01,-6.81E-02,-4.13E+01,-2.08E+02,5.74E+00,-1.94E+00,2.57E-01,-4.40E-03,4.8,0.301282051
-7.68E+01,1.91E+01,2.28E+01,1.27E-01,7.36E-01,-6.81E-02,-4.13E+01,-2.08E+02,5.77E+00,-1.94E+00,2.57E-01,-4.28E-03,4.8,0.301282051
-7.69E+01,1.91E+01,2.28E+01,1.27E-01,7.36E-01,-6.81E-02,-4.13E+01,-2.08E+02,5.81E+00,-1.94E+00,2.57E-01,-4.17E-03,4.8,0.301282051
-7.69E+01,1.91E+01,2.28E+01,1.27E-01,7.37E-01,-6.81E-02,-4.13E+01,-2.08E+02,5.83E+00,-1.94E+00,2.58E-01,-4.06E-03,4.8,0.301923077
-7.70E+01,1.91E+01,2.28E+01,1.27E-01,7.37E-01,-6.82E-02,-4.13E+01,-2.08E+02,5.84E+00,-1.94E+00,2.58E-01,-3.97E-03,4.8,0.301923077
-7.70E+01,1.91E+01,2.28E+01,1.27E-01,7.37E-01,-6.82E-02,-4.13E+01,-2.08E+02,5.84E+00,-1.94E+00,2.58E-01,-3.89E-03,4.830769231,0.3
-7.70E+01,1.91E+01,2.29E+01,1.27E-01,7.37E-01,-6.82E-02,-4.13E+01,-2.08E+02,5.83E+00,-1.94E+00,2.58E-01,-3.83E-03,4.830769231,0.3
-7.70E+01,1.91E+01,2.29E+01,1.27E-01,7.37E-01,-6.82E-02,-4.13E+01,-2.08E+02,5.82E+00,-1.94E+00,2.58E-01,-3.77E-03,4.830769231,0.3
-7.71E+01,1.91E+01,2.29E+01,1.27E-01,7.37E-01,-6.83E-02,-4.13E+01,-2.08E+02,5.80E+00,-1.94E+00,2.58E-01,-3.73E-03,4.830769231,0.3
-7.71E+01,1.90E+01,2.29E+01,1.27E-01,7.37E-01,-6.83E-02,-4.13E+01,-2.09E+02,5.77E+00,-1.94E+00,2.58E-01,-3.68E-03,4.830769231,0.3
-7.71E+01,1.90E+01,2.29E+01,1.27E-01,7.38E-01,-6.83E-02,-4.13E+01,-2.09E+02,5.73E+00,-1.94E+00,2.58E-01,-3.66E-03,4.830769231,0.3
-7.70E+01,1.90E+01,2.29E+01,1.27E-01,7.38E-01,-6.83E-02,-4.13E+01,-2.08E+02,5.68E+00,-1.94E+00,2.58E-01,-3.64E-03,4.830769231,0.3
-7.70E+01,1.89E+01,2.28E+01,1.27E-01,7.38E-01,-6.83E-02,-4.12E+01,-2.08E+02,5.64E+00,-1.94E+00,2.58E-01,-3.58E-03,4.830769231,0.3
-7.70E+01,1.89E+01,2.28E+01,1.27E-01,7.38E-01,-6.83E-02,-4.12E+01,-2.08E+02,5.60E+00,-1.94E+00,2.58E-01,-3.56E-03,4.830769231,0.3
-7.70E+01,1.89E+01,2.28E+01,1.27E-01,7.38E-01,-6.84E-02,-4.12E+01,-2.08E+02,5.56E+00,-1.94E+00,2.58E-01,-3.52E-03,4.8,0.301923077
-7.70E+01,1.89E+01,2.28E+01,1.27E-01,7.38E-01,-6.84E-02,-4.12E+01,-2.08E+02,5.52E+00,-1.94E+00,2.58E-01,-3.48E-03,4.814814815,0.301923077
-7.69E+01,1.89E+01,2.28E+01,1.27E-01,7.38E-01,-6.84E-02,-4.12E+01,-2.08E+02,5.48E+00,-1.94E+00,2.58E-01,-3.44E-03,4.814814815,0.301923077
-7.69E+01,1.88E+01,2.28E+01,1.27E-01,7.38E-01,-6.84E-02,-4.11E+01,-2.08E+02,5.45E+00,-1.94E+00,2.58E-01,-3.42E-03,4.814814815,0.301923077
-7.69E+01,1.88E+01,2.27E+01,1.27E-01,7.38E-01,-6.84E-02,-4.11E+01,-2.08E+02,5.42E+00,-1.94E+00,2.58E-01,-3.37E-03,4.814814815,0.301923077
-7.69E+01,1.88E+01,2.27E+01,1.27E-01,7.38E-01,-6.84E-02,-4.11E+01,-2.08E+02,5.40E+00,-1.94E+00,2.58E-01,-3.33E-03,4.814814815,0.301923077
-7.69E+01,1.88E+01,2.27E+01,1.27E-01,7.38E-01,-6.84E-02,-4.11E+01,-2.08E+02,5.41E+00,-1.94E+00,2.58E-01,-3.31E-03,4.814814815,0.301923077
-7.69E+01,1.88E+01,2.27E+01,1.27E-01,7.38E-01,-6.84E-02,-4.11E+01,-2.08E+02,5.42E+00,-1.94E+00,2.59E-01,-3.30E-03,4.814814815,0.301923077
-7.69E+01,1.89E+01,2.27E+01,1.27E-01,7.38E-01,-6.84E-02,-4.11E+01,-2.08E+02,5.45E+00,-1.94E+00,2.59E-01,-3.32E-03,4.814814815,0.301923077
-7.70E+01,1.89E+01,2.27E+01,1.27E-01,7.38E-01,-6.84E-02,-4.11E+01,-2.08E+02,5.49E+00,-1.94E+00,2.59E-01,-3.34E-03,4.814814815,0.301923077
-7.70E+01,1.89E+01,2.27E+01,1.27E-01,7.38E-01,-6.84E-02,-4.11E+01,-2.08E+02,5.53E+00,-1.94E+00,2.59E-01,-3.39E-03,4.814814815,0.301923077
-7.70E+01,1.89E+01,2.27E+01,1.27E-01,7.38E-01,-6.84E-02,-4.11E+01,-2.08E+02,5.58E+00,-1.94E+00,2.59E-01,-3.46E-03,4.814814815,0.301923077
-7.70E+01,1.90E+01,2.27E+01,1.27E-01,7.37E-01,-6.84E-02,-4.11E+01,-2.08E+02,5.64E+00,-1.94E+00,2.59E-01,-3.55E-03,4.814814815,0.301282051
-7.71E+01,1.90E+01,2.27E+01,1.27E-01,7.37E-01,-6.84E-02,-4.11E+01,-2.08E+02,5.69E+00,-1.94E+00,2.59E-01,-3.61E-03,4.814814815,0.301282051
-7.71E+01,1.90E+01,2.27E+01,1.27E-01,7.37E-01,-6.84E-02,-4.11E+01,-2.08E+02,5.74E+00,-1.94E+00,2.59E-01,-3.64E-03,4.814814815,0.301282051
-7.71E+01,1.91E+01,2.27E+01,1.27E-01,7.37E-01,-6.84E-02,-4.11E+01,-2.08E+02,5.79E+00,-1.94E+00,2.59E-01,-3.64E-03,4.814814815,0.301282051
-7.71E+01,1.91E+01,2.27E+01,1.27E-01,7.37E-01,-6.85E-02,-4.11E+01,-2.08E+02,5.83E+00,-1.94E+00,2.59E-01,-3.64E-03,4.814814815,0.301282051
-7.71E+01,1.91E+01,2.27E+01,1.27E-01,7.37E-01,-6.85E-02,-4.11E+01,-2.08E+02,5.85E+00,-1.94E+00,2.59E-01,-3.63E-03,4.829721362,0.301282051
-7.71E+01,1.91E+01,2.27E+01,1.27E-01,7.37E-01,-6.85E-02,-4.10E+01,-2.08E+02,5.86E+00,-1.94E+00,2.59E-01,-3.57E-03,4.829721362,0.301282051
-7.71E+01,1.91E+01,2.27E+01,1.27E-01,7.37E-01,-6.86E-02,-4.10E+01,-2.08E+02,5.86E+00,-1.94E+00,2.59E-01,-3.53E-03,4.829721362,0.301282051
-7.71E+01,1.91E+01,2.27E+01,1.27E-01,7.37E-01,-6.86E-02,-4.10E+01,-2.08E+02,5.85E+00,-1.94E+00,2.59E-01,-3.44E-03,4.829721362,0.301282051
-7.71E+01,1.90E+01,2.27E+01,1.27E-01,7.37E-01,-6.86E-02,-4.10E+01,-2.08E+02,5.82E+00,-1.94E+00,2.59E-01,-3.37E-03,4.829721362,0.301282051
-7.71E+01,1.90E+01,2.27E+01,1.27E-01,7.37E-01,-6.87E-02,-4.10E+01,-2.08E+02,5.78E+00,-1.94E+00,2.59E-01,-3.30E-03,4.829721362,0.301282051
-7.72E+01,1.90E+01,2.28E+01,1.27E-01,7.37E-01,-6.87E-02,-4.11E+01,-2.08E+02,5.73E+00,-1.94E+00,2.59E-01,-3.21E-03,4.829721362,0.301282051
-7.72E+01,1.90E+01,2.28E+01,1.27E-01,7.37E-01,-6.88E-02,-4.11E+01,-2.08E+02,5.68E+00,-1.94E+00,2.59E-01,-3.11E-03,4.814814815,0.301282051
-7.72E+01,1.90E+01,2.28E+01,1.27E-01,7.37E-01,-6.88E-02,-4.11E+01,-2.08E+02,5.62E+00,-1.94E+00,2.59E-01,-3.02E-03,4.814814815,0.301282051
-7.73E+01,1.90E+01,2.28E+01,1.27E-01,7.37E-01,-6.88E-02,-4.11E+01,-2.08E+02,5.58E+00,-1.94E+00,2.59E-01,-2.93E-03,4.814814815,0.301923077
-7.73E+01,1.90E+01,2.28E+01,1.27E-01,7.37E-01,-6.88E-02,-4.12E+01,-2.08E+02,5.53E+00,-1.94E+00,2.59E-01,-2.84E-03,4.814814815,0.301923077
-7.73E+01,1.90E+01,2.29E+01,1.27E-01,7.37E-01,-6.88E-02,-4.12E+01,-2.08E+02,5.48E+00,-1.94E+00,2.59E-01,-2.77E-03,4.830769231,0.3
-7.74E+01,1.90E+01,2.29E+01,1.27E-01,7.37E-01,-6.88E-02,-4.13E+01,-2.08E+02,5.44E+00,-1.94E+00,2.59E-01,-2.72E-03,4.830769231,0.3
-7.74E+01,1.90E+01,2.29E+01,1.27E-01,7.37E-01,-6.88E-02,-4.13E+01,-2.09E+02,5.42E+00,-1.94E+00,2.59E-01,-2.70E-03,4.830769231,0.3
-7.75E+01,1.90E+01,2.30E+01,1.27E-01,7.37E-01,-6.88E-02,-4.14E+01,-2.09E+02,5.41E+00,-1.94E+00,2.58E-01,-2.70E-03,4.81595092,0.3
-7.75E+01,1.90E+01,2.30E+01,1.27E-01,7.37E-01,-6.87E-02,-4.14E+01,-2.09E+02,5.42E+00,-1.94E+00,2.58E-01,-2.71E-03,4.81595092,0.3
-7.75E+01,1.90E+01,2.30E+01,1.26E-01,7.37E-01,-6.87E-02,-4.14E+01,-2.09E+02,5.46E+00,-1.94E+00,2.58E-01,-2.76E-03,4.81595092,0.3
-7.76E+01,1.91E+01,2.30E+01,1.26E-01,7.37E-01,-6.87E-02,-4.15E+01,-2.09E+02,5.54E+00,-1.94E+00,2.58E-01,-2.81E-03,4.801223242,0.3
-7.76E+01,1.91E+01,2.30E+01,1.26E-01,7.37E-01,-6.86E-02,-4.15E+01,-2.09E+02,5.63E+00,-1.94E+00,2.58E-01,-2.87E-03,4.801223242,0.300636943
-7.76E+01,1.92E+01,2.30E+01,1.26E-01,7.37E-01,-6.86E-02,-4.15E+01,-2.09E+02,5.75E+00,-1.94E+00,2.57E-01,-2.94E-03,4.801223242,0.300636943
-7.76E+01,1.93E+01,2.30E+01,1.26E-01,7.37E-01,-6.85E-02,-4.15E+01,-2.09E+02,5.87E+00,-1.94E+00,2.57E-01,-3.02E-03,4.801223242,0.300636943
-7.76E+01,1.93E+01,2.30E+01,1.26E-01,7.37E-01,-6.85E-02,-4.15E+01,-2.09E+02,5.98E+00,-1.94E+00,2.57E-01,-3.10E-03,4.801223242,0.300636943
-7.76E+01,1.93E+01,2.30E+01,1.26E-01,7.37E-01,-6.84E-02,-4.15E+01,-2.09E+02,6.09E+00,-1.94E+00,2.57E-01,-3.21E-03,4.801223242,0.300636943
-7.76E+01,1.94E+01,2.30E+01,1.26E-01,7.37E-01,-6.84E-02,-4.15E+01,-2.09E+02,6.18E+00,-1.94E+00,2.56E-01,-3.33E-03,4.801223242,0.300636943
-7.75E+01,1.94E+01,2.30E+01,1.26E-01,7.37E-01,-6.84E-02,-4.15E+01,-2.09E+02,6.25E+00,-1.94E+00,2.56E-01,-3.46E-03,4.801223242,0.301273885
-7.75E+01,1.94E+01,2.30E+01,1.26E-01,7.37E-01,-6.84E-02,-4.15E+01,-2.09E+02,6.30E+00,-1.94E+00,2.56E-01,-3.60E-03,4.801223242,0.301273885
-7.75E+01,1.94E+01,2.30E+01,1.26E-01,7.37E-01,-6.84E-02,-4.15E+01,-2.09E+02,6.32E+00,-1.94E+00,2.56E-01,-3.75E-03,4.81595092,0.301273885
-7.74E+01,1.94E+01,2.29E+01,1.26E-01,7.37E-01,-6.84E-02,-4.14E+01,-2.09E+02,6.31E+00,-1.94E+00,2.56E-01,-3.89E-03,4.81595092,0.301273885
-7.74E+01,1.94E+01,2.29E+01,1.26E-01,7.37E-01,-6.85E-02,-4.14E+01,-2.09E+02,6.27E+00,-1.94E+00,2.56E-01,-4.04E-03,4.81595092,0.301273885
-7.74E+01,1.94E+01,2.29E+01,1.26E-01,7.37E-01,-6.85E-02,-4.14E+01,-2.09E+02,6.20E+00,-1.94E+00,2.56E-01,-4.17E-03,4.81595092,0.301273885
-7.73E+01,1.93E+01,2.29E+01,1.26E-01,7.37E-01,-6.86E-02,-4.14E+01,-2.09E+02,6.10E+00,-1.94E+00,2.57E-01,-4.31E-03,4.81595092,0.301273885
-7.73E+01,1.93E+01,2.29E+01,1.26E-01,7.36E-01,-6.87E-02,-4.14E+01,-2.09E+02,5.98E+00,-1.94E+00,2.57E-01,-4.42E-03,4.81595092,0.301273885
-7.72E+01,1.92E+01,2.29E+01,1.26E-01,7.36E-01,-6.87E-02,-4.14E+01,-2.09E+02,5.84E+00,-1.94E+00,2.57E-01,-4.47E-03,4.81595092,0.301273885
-7.72E+01,1.92E+01,2.29E+01,1.26E-01,7.36E-01,-6.88E-02,-4.14E+01,-2.09E+02,5.70E+00,-1.94E+00,2.57E-01,-4.48E-03,4.81595092,0.301273885
-7.72E+01,1.91E+01,2.29E+01,1.26E-01,7.36E-01,-6.88E-02,-4.14E+01,-2.09E+02,5.57E+00,-1.94E+00,2.57E-01,-4.51E-03,4.81595092,0.301273885
-7.72E+01,1.91E+01,2.29E+01,1.26E-01,7.36E-01,-6.89E-02,-4.14E+01,-2.09E+02,5.46E+00,-1.94E+00,2.58E-01,-4.48E-03,4.81595092,0.301273885
-7.71E+01,1.90E+01,2.29E+01,1.27E-01,7.36E-01,-6.90E-02,-4.14E+01,-2.09E+02,5.37E+00,-1.94E+00,2.58E-01,-4.42E-03,4.81595092,0.301273885
-7.71E+01,1.90E+01,2.29E+01,1.27E-01,7.36E-01,-6.90E-02,-4.14E+01,-2.09E+02,5.31E+00,-1.94E+00,2.58E-01,-4.34E-03,4.81595092,0.301273885
-7.71E+01,1.90E+01,2.29E+01,1.27E-01,7.36E-01,-6.90E-02,-4.14E+01,-2.09E+02,5.27E+00,-1.94E+00,2.58E-01,-4.24E-03,4.81595092,0.301273885
-7.71E+01,1.90E+01,2.29E+01,1.27E-01,7.36E-01,-6.90E-02,-4.14E+01,-2.09E+02,5.25E+00,-1.94E+00,2.58E-01,-4.14E-03,4.81595092,0.301273885
-7.71E+01,1.90E+01,2.29E+01,1.27E-01,7.36E-01,-6.91E-02,-4.14E+01,-2.09E+02,5.27E+00,-1.94E+00,2.58E-01,-4.03E-03,4.81595092,0.301273885
-7.71E+01,1.90E+01,2.29E+01,1.27E-01,7.36E-01,-6.91E-02,-4.14E+01,-2.09E+02,5.31E+00,-1.94E+00,2.59E-01,-3.90E-03,4.81595092,0.301273885
-7.71E+01,1.91E+01,2.29E+01,1.27E-01,7.36E-01,-6.91E-02,-4.14E+01,-2.09E+02,5.38E+00,-1.94E+00,2.59E-01,-3.75E-03,4.81595092,0.301910828
-7.71E+01,1.91E+01,2.29E+01,1.27E-01,7.36E-01,-6.90E-02,-4.14E+01,-2.09E+02,5.47E+00,-1.94E+00,2.59E-01,-3.54E-03,4.81595092,0.301910828
-7.70E+01,1.91E+01,2.29E+01,1.27E-01,7.36E-01,-6.90E-02,-4.14E+01,-2.09E+02,5.57E+00,-1.94E+00,2.59E-01,-3.37E-03,4.81595092,0.301910828
-7.70E+01,1.92E+01,2.29E+01,1.27E-01,7.37E-01,-6.90E-02,-4.14E+01,-2.09E+02,5.67E+00,-1.94E+00,2.59E-01,-3.16E-03,4.81595092,0.301910828
-7.70E+01,1.92E+01,2.29E+01,1.27E-01,7.37E-01,-6.90E-02,-4.14E+01,-2.09E+02,5.75E+00,-1.94E+00,2.59E-01,-2.93E-03,4.81595092,0.301910828
-7.70E+01,1.92E+01,2.29E+01,1.28E-01,7.37E-01,-6.90E-02,-4.14E+01,-2.09E+02,5.82E+00,-1.94E+00,2.59E-01,-2.71E-03,4.81595092,0.301910828
-7.70E+01,1.93E+01,2.29E+01,1.28E-01,7.37E-01,-6.90E-02,-4.13E+01,-2.09E+02,5.88E+00,-1.94E+00,2.59E-01,-2.46E-03,4.81595092,0.301910828
-7.70E+01,1.93E+01,2.29E+01,1.28E-01,7.37E-01,-6.90E-02,-4.13E+01,-2.09E+02,5.92E+00,-1.94E+00,2.59E-01,-2.24E-03,4.830769231,0.301910828
-7.69E+01,1.93E+01,2.29E+01,1.28E-01,7.38E-01,-6.90E-02,-4.13E+01,-2.09E+02,5.94E+00,-1.94E+00,2.60E-01,-2.04E-03,4.830769231,0.301910828
-7.69E+01,1.93E+01,2.28E+01,1.28E-01,7.38E-01,-6.90E-02,-4.13E+01,-2.09E+02,5.94E+00,-1.94E+00,2.60E-01,-1.82E-03,4.830769231,0.301910828
-7.69E+01,1.92E+01,2.28E+01,1.28E-01,7.38E-01,-6.90E-02,-4.13E+01,-2.09E+02,5.92E+00,-1.94E+00,2.60E-01,-1.63E-03,4.830769231,0.301910828
-7.68E+01,1.92E+01,2.28E+01,1.28E-01,7.38E-01,-6.90E-02,-4.13E+01,-2.09E+02,5.88E+00,-1.94E+00,2.60E-01,-1.43E-03,4.830769231,0.301910828
-7.68E+01,1.92E+01,2.28E+01,1.28E-01,7.38E-01,-6.90E-02,-4.13E+01,-2.09E+02,5.83E+00,-1.94E+00,2.60E-01,-1.29E-03,4.830769231,0.301910828
-7.68E+01,1.92E+01,2.28E+01,1.28E-01,7.38E-01,-6.90E-02,-4.13E+01,-2.09E+02,5.78E+00,-1.94E+00,2.60E-01,-1.15E-03,4.830769231,0.301273885
-7.68E+01,1.91E+01,2.28E+01,1.28E-01,7.38E-01,-6.90E-02,-4.13E+01,-2.09E+02,5.72E+00,-1.95E+00,2.60E-01,-1.05E-03,4.830769231,0.301273885
-7.68E+01,1.91E+01,2.28E+01,1.28E-01,7.38E-01,-6.91E-02,-4.13E+01,-2.09E+02,5.66E+00,-1.95E+00,2.60E-01,-9.93E-04,4.830769231,0.301273885
-7.68E+01,1.91E+01,2.28E+01,1.28E-01,7.38E-01,-6.91E-02,-4.13E+01,-2.09E+02,5.60E+00,-1.95E+00,2.60E-01,-9.29E-04,4.830769231,0.301273885
-7.68E+01,1.90E+01,2.28E+01,1.28E-01,7.38E-01,-6.91E-02,-4.13E+01,-2.09E+02,5.55E+00,-1.95E+00,2.60E-01,-9.34E-04,4.830769231,0.301273885
-7.68E+01,1.90E+01,2.28E+01,1.28E-01,7.38E-01,-6.91E-02,-4.13E+01,-2.09E+02,5.51E+00,-1.95E+00,2.60E-01,-9.71E-04,4.830769231,0.301273885
-7.68E+01,1.90E+01,2.28E+01,1.28E-01,7.38E-01,-6.90E-02,-4.13E+01,-2.09E+02,5.50E+00,-1.94E+00,2.60E-01,-1.06E-03,4.830769231,0.301273885
-7.68E+01,1.90E+01,2.28E+01,1.28E-01,7.38E-01,-6.90E-02,-4.13E+01,-2.09E+02,5.50E+00,-1.94E+00,2.60E-01,-1.18E-03,4.830769231,0.301910828
-7.68E+01,1.90E+01,2.28E+01,1.28E-01,7.38E-01,-6.90E-02,-4.13E+01,-2.09E+02,5.51E+00,-1.94E+00,2.60E-01,-1.36E-03,4.830769231,0.301910828
-7.68E+01,1.90E+01,2.28E+01,1.28E-01,7.38E-01,-6.90E-02,-4.13E+01,-2.09E+02,5.52E+00,-1.94E+00,2.60E-01,-1.58E-03,4.830769231,0.301910828
-7.69E+01,1.90E+01,2.28E+01,1.28E-01,7.38E-01,-6.89E-02,-4.12E+01,-2.09E+02,5.55E+00,-1.94E+00,2.60E-01,-1.80E-03,4.830769231,0.301910828
-7.69E+01,1.90E+01,2.28E+01,1.28E-01,7.38E-01,-6.89E-02,-4.12E+01,-2.09E+02,5.58E+00,-1.94E+00,2.59E-01,-2.03E-03,4.830769231,0.301910828
-7.69E+01,1.90E+01,2.28E+01,1.28E-01,7.38E-01,-6.89E-02,-4.12E+01,-2.09E+02,5.63E+00,-1.94E+00,2.59E-01,-2.23E-03,4.830769231,0.302547771
-7.70E+01,1.90E+01,2.28E+01,1.28E-01,7.38E-01,-6.88E-02,-4.12E+01,-2.09E+02,5.68E+00,-1.94E+00,2.59E-01,-2.44E-03,4.845679012,0.302547771
-7.70E+01,1.90E+01,2.27E+01,1.28E-01,7.37E-01,-6.88E-02,-4.12E+01,-2.09E+02,5.74E+00,-1.94E+00,2.59E-01,-2.60E-03,4.845679012,0.302547771
-7.70E+01,1.90E+01,2.27E+01,1.28E-01,7.37E-01,-6.88E-02,-4.11E+01,-2.09E+02,5.79E+00,-1.94E+00,2.59E-01,-2.73E-03,4.845679012,0.302547771
-7.70E+01,1.90E+01,2.27E+01,1.28E-01,7.37E-01,-6.87E-02,-4.11E+01,-2.09E+02,5.84E+00,-1.94E+00,2.59E-01,-2.86E-03,4.845679012,0.302547771
-7.70E+01,1.90E+01,2.28E+01,1.28E-01,7.37E-01,-6.87E-02,-4.11E+01,-2.09E+02,5.88E+00,-1.94E+00,2.59E-01,-2.95E-03,4.845679012,0.302547771
-7.71E+01,1.90E+01,2.28E+01,1.28E-01,7.37E-01,-6.86E-02,-4.11E+01,-2.09E+02,5.91E+00,-1.94E+00,2.59E-01,-3.03E-03,4.845679012,0.303184713
-7.71E+01,1.90E+01,2.28E+01,1.28E-01,7.37E-01,-6.86E-02,-4.11E+01,-2.09E+02,5.95E+00,-1.94E+00,2.58E-01,-3.09E-03,4.845679012,0.303184713
-7.71E+01,1.91E+01,2.28E+01,1.28E-01,7.37E-01,-6.85E-02,-4.11E+01,-2.09E+02,5.97E+00,-1.94E+00,2.58E-01,-3.13E-03,4.845679012,0.303184713
-7.72E+01,1.91E+01,2.28E+01,1.28E-01,7.36E-01,-6.84E-02,-4.11E+01,-2.09E+02,5.98E+00,-1.94E+00,2.58E-01,-3.15E-03,4.845679012,0.303184713
-7.72E+01,1.91E+01,2.28E+01,1.28E-01,7.36E-01,-6.84E-02,-4.11E+01,-2.10E+02,5.98E+00,-1.94E+00,2.58E-01,-3.13E-03,4.845679012,0.303184713
-7.72E+01,1.91E+01,2.28E+01,1.28E-01,7.36E-01,-6.83E-02,-4.12E+01,-2.10E+02,5.98E+00,-1.94E+00,2.58E-01,-3.09E-03,4.845679012,0.303184713
-7.73E+01,1.91E+01,2.28E+01,1.27E-01,7.36E-01,-6.83E-02,-4.12E+01,-2.10E+02,5.97E+00,-1.94E+00,2.57E-01,-3.02E-03,4.87654321,0.301265823
-7.73E+01,1.91E+01,2.29E+01,1.27E-01,7.36E-01,-6.83E-02,-4.12E+01,-2.10E+02,5.95E+00,-1.94E+00,2.57E-01,-2.94E-03,4.87654321,0.301265823
-7.73E+01,1.91E+01,2.29E+01,1.27E-01,7.36E-01,-6.82E-02,-4.12E+01,-2.10E+02,5.92E+00,-1.94E+00,2.57E-01,-2.84E-03,4.87654321,0.301265823
-7.73E+01,1.91E+01,2.29E+01,1.27E-01,7.36E-01,-6.82E-02,-4.12E+01,-2.10E+02,5.89E+00,-1.94E+00,2.57E-01,-2.73E-03,4.845679012,0.303184713
-7.73E+01,1.91E+01,2.29E+01,1.27E-01,7.36E-01,-6.82E-02,-4.12E+01,-2.10E+02,5.86E+00,-1.94E+00,2.57E-01,-2.56E-03,4.830769231,0.302547771
-7.74E+01,1.91E+01,2.29E+01,1.27E-01,7.36E-01,-6.82E-02,-4.12E+01,-2.09E+02,5.82E+00,-1.94E+00,2.57E-01,-2.44E-03,4.830769231,0.302547771
-7.74E+01,1.91E+01,2.29E+01,1.26E-01,7.36E-01,-6.81E-02,-4.13E+01,-2.09E+02,5.78E+00,-1.94E+00,2.56E-01,-2.31E-03,4.830769231,0.302547771
-7.74E+01,1.91E+01,2.29E+01,1.26E-01,7.36E-01,-6.81E-02,-4.13E+01,-2.09E+02,5.74E+00,-1.94E+00,2.56E-01,-2.20E-03,4.830769231,0.301910828
-7.74E+01,1.91E+01,2.29E+01,1.26E-01,7.36E-01,-6.81E-02,-4.13E+01,-2.09E+02,5.70E+00,-1.94E+00,2.56E-01,-2.10E-03,4.830769231,0.301910828
-7.74E+01,1.91E+01,2.29E+01,1.26E-01,7.36E-01,-6.81E-02,-4.13E+01,-2.09E+02,5.66E+00,-1.94E+00,2.56E-01,-2.01E-03,4.830769231,0.301273885
-7.74E+01,1.91E+01,2.29E+01,1.26E-01,7.36E-01,-6.81E-02,-4.13E+01,-2.09E+02,5.64E+00,-1.94E+00,2.56E-01,-1.96E-03,4.830769231,0.301273885
-7.73E+01,1.91E+01,2.29E+01,1.26E-01,7.36E-01,-6.81E-02,-4.13E+01,-2.09E+02,5.63E+00,-1.94E+00,2.56E-01,-1.94E-03,4.830769231,0.300636943
-7.73E+01,1.91E+01,2.29E+01,1.26E-01,7.36E-01,-6.81E-02,-4.13E+01,-2.09E+02,5.63E+00,-1.94E+00,2.56E-01,-1.96E-03,4.830769231,0.300636943
-7.73E+01,1.91E+01,2.29E+01,1.26E-01,7.36E-01,-6.82E-02,-4.13E+01,-2.08E+02,5.63E+00,-1.94E+00,2.56E-01,-2.02E-03,4.830769231,0.3
-7.73E+01,1.91E+01,2.28E+01,1.26E-01,7.36E-01,-6.82E-02,-4.13E+01,-2.08E+02,5.64E+00,-1.94E+00,2.56E-01,-2.11E-03,4.8,0.301923077
-7.72E+01,1.91E+01,2.28E+01,1.26E-01,7.36E-01,-6.82E-02,-4.13E+01,-2.08E+02,5.66E+00,-1.94E+00,2.56E-01,-2.22E-03,4.8,0.301282051
-7.71E+01,1.91E+01,2.28E+01,1.26E-01,7.36E-01,-6.82E-02,-4.13E+01,-2.08E+02,5.68E+00,-1.94E+00,2.56E-01,-2.36E-03,4.8,0.301282051
-7.71E+01,1.91E+01,2.28E+01,1.26E-01,7.37E-01,-6.82E-02,-4.13E+01,-2.08E+02,5.73E+00,-1.94E+00,2.56E-01,-2.47E-03,4.8,0.300641026
-7.70E+01,1.91E+01,2.28E+01,1.26E-01,7.37E-01,-6.82E-02,-4.12E+01,-2.07E+02,5.78E+00,-1.94E+00,2.56E-01,-2.58E-03,4.8,0.300641026
-7.69E+01,1.91E+01,2.28E+01,1.26E-01,7.37E-01,-6.82E-02,-4.12E+01,-2.07E+02,5.85E+00,-1.94E+00,2.56E-01,-2.70E-03,4.814814815,0.3
-7.69E+01,1.91E+01,2.27E+01,1.26E-01,7.37E-01,-6.82E-02,-4.12E+01,-2.07E+02,5.92E+00,-1.94E+00,2.56E-01,-2.82E-03,4.814814815,0.3
-7.68E+01,1.91E+01,2.27E+01,1.26E-01,7.37E-01,-6.82E-02,-4.11E+01,-2.07E+02,6.00E+00,-1.94E+00,2.56E-01,-2.92E-03,4.814814815,0.3
-7.68E+01,1.91E+01,2.27E+01,1.26E-01,7.38E-01,-6.82E-02,-4.11E+01,-2.07E+02,6.07E+00,-1.94E+00,2.56E-01,-3.02E-03,4.79876161,0.301935484
-7.67E+01,1.91E+01,2.27E+01,1.26E-01,7.38E-01,-6.82E-02,-4.10E+01,-2.07E+02,6.14E+00,-1.94E+00,2.56E-01,-3.09E-03,4.79876161,0.301935484
-7.67E+01,1.91E+01,2.26E+01,1.26E-01,7.38E-01,-6.83E-02,-4.10E+01,-2.07E+02,6.20E+00,-1.94E+00,2.56E-01,-3.14E-03,4.79876161,0.301935484
-7.67E+01,1.91E+01,2.26E+01,1.26E-01,7.38E-01,-6.83E-02,-4.09E+01,-2.07E+02,6.25E+00,-1.94E+00,2.56E-01,-3.20E-03,4.813664596,0.302580645
-7.67E+01,1.91E+01,2.26E+01,1.26E-01,7.38E-01,-6.83E-02,-4.09E+01,-2.07E+02,6.29E+00,-1.94E+00,2.56E-01,-3.26E-03,4.813664596,0.302580645
-7.67E+01,1.91E+01,2.26E+01,1.26E-01,7.38E-01,-6.84E-02,-4.09E+01,-2.07E+02,6.31E+00,-1.94E+00,2.57E-01,-3.36E-03,4.844720497,0.300641026
-7.67E+01,1.91E+01,2.26E+01,1.26E-01,7.38E-01,-6.84E-02,-4.09E+01,-2.07E+02,6.31E+00,-1.94E+00,2.57E-01,-3.44E-03,4.844720497,0.301282051
-7.68E+01,1.91E+01,2.26E+01,1.26E-01,7.38E-01,-6.85E-02,-4.09E+01,-2.07E+02,6.29E+00,-1.94E+00,2.57E-01,-3.53E-03,4.844720497,0.301282051
-7.68E+01,1.91E+01,2.27E+01,1.27E-01,7.38E-01,-6.85E-02,-4.09E+01,-2.07E+02,6.24E+00,-1.94E+00,2.57E-01,-3.60E-03,4.844720497,0.301282051
-7.69E+01,1.90E+01,2.27E+01,1.27E-01,7.38E-01,-6.85E-02,-4.10E+01,-2.08E+02,6.16E+00,-1.94E+00,2.57E-01,-3.66E-03,4.829721362,0.301923077
-7.70E+01,1.90E+01,2.27E+01,1.27E-01,7.38E-01,-6.85E-02,-4.10E+01,-2.08E+02,6.06E+00,-1.94E+00,2.57E-01,-3.70E-03,4.829721362,0.301923077
-7.70E+01,1.90E+01,2.28E+01,1.27E-01,7.38E-01,-6.85E-02,-4.11E+01,-2.08E+02,5.96E+00,-1.94E+00,2.58E-01,-3.71E-03,4.814814815,0.301923077
-7.71E+01,1.90E+01,2.28E+01,1.27E-01,7.38E-01,-6.85E-02,-4.11E+01,-2.08E+02,5.85E+00,-1.94E+00,2.58E-01,-3.68E-03,4.845679012,0.3
-7.72E+01,1.90E+01,2.29E+01,1.27E-01,7.38E-01,-6.85E-02,-4.12E+01,-2.09E+02,5.75E+00,-1.94E+00,2.57E-01,-3.64E-03,4.830769231,0.3
-7.73E+01,1.90E+01,2.29E+01,1.27E-01,7.38E-01,-6.85E-02,-4.13E+01,-2.09E+02,5.65E+00,-1.94E+00,2.57E-01,-3.60E-03,4.830769231,0.3
-7.73E+01,1.90E+01,2.30E+01,1.27E-01,7.38E-01,-6.84E-02,-4.14E+01,-2.09E+02,5.56E+00,-1.94E+00,2.57E-01,-3.55E-03,4.81595092,0.3
-7.74E+01,1.90E+01,2.30E+01,1.27E-01,7.38E-01,-6.84E-02,-4.14E+01,-2.09E+02,5.48E+00,-1.94E+00,2.57E-01,-3.50E-03,4.81595092,0.3
-7.75E+01,1.90E+01,2.30E+01,1.27E-01,7.38E-01,-6.83E-02,-4.15E+01,-2.09E+02,5.43E+00,-1.94E+00,2.57E-01,-3.45E-03,4.801223242,0.3
-7.75E+01,1.90E+01,2.30E+01,1.26E-01,7.38E-01,-6.83E-02,-4.15E+01,-2.09E+02,5.41E+00,-1.94E+00,2.57E-01,-3.37E-03,4.801223242,0.3
-7.75E+01,1.90E+01,2.31E+01,1.26E-01,7.38E-01,-6.82E-02,-4.16E+01,-2.09E+02,5.42E+00,-1.94E+00,2.56E-01,-3.30E-03,4.801223242,0.3
-7.75E+01,1.91E+01,2.31E+01,1.26E-01,7.38E-01,-6.81E-02,-4.16E+01,-2.09E+02,5.47E+00,-1.94E+00,2.56E-01,-3.22E-03,4.801223242,0.3
-7.75E+01,1.91E+01,2.31E+01,1.26E-01,7.38E-01,-6.81E-02,-4.16E+01,-2.09E+02,5.53E+00,-1.94E+00,2.56E-01,-3.12E-03,4.801223242,0.3
-7.75E+01,1.91E+01,2.31E+01,1.26E-01,7.38E-01,-6.80E-02,-4.16E+01,-2.09E+02,5.61E+00,-1.94E+00,2.56E-01,-3.02E-03,4.801223242,0.300636943
-7.74E+01,1.92E+01,2.30E+01,1.26E-01,7.38E-01,-6.80E-02,-4.15E+01,-2.09E+02,5.71E+00,-1.94E+00,2.56E-01,-2.93E-03,4.801223242,0.300636943
-7.74E+01,1.92E+01,2.30E+01,1.26E-01,7.38E-01,-6.79E-02,-4.15E+01,-2.09E+02,5.81E+00,-1.94E+00,2.56E-01,-2.83E-03,4.801223242,0.300636943
-7.74E+01,1.92E+01,2.30E+01,1.26E-01,7.38E-01,-6.79E-02,-4.15E+01,-2.09E+02,5.91E+00,-1.94E+00,2.56E-01,-2.79E-03,4.801223242,0.300636943
-7.73E+01,1.93E+01,2.30E+01,1.26E-01,7.38E-01,-6.79E-02,-4.14E+01,-2.09E+02,5.99E+00,-1.94E+00,2.55E-01,-2.73E-03,4.81595092,0.300636943
-7.73E+01,1.93E+01,2.29E+01,1.26E-01,7.38E-01,-6.79E-02,-4.14E+01,-2.09E+02,6.05E+00,-1.94E+00,2.56E-01,-2.70E-03,4.81595092,0.301273885
-7.73E+01,1.93E+01,2.29E+01,1.26E-01,7.38E-01,-6.79E-02,-4.14E+01,-2.09E+02,6.09E+00,-1.94E+00,2.56E-01,-2.68E-03,4.81595092,0.301273885
-7.72E+01,1.93E+01,2.29E+01,1.26E-01,7.38E-01,-6.80E-02,-4.13E+01,-2.09E+02,6.12E+00,-1.94E+00,2.56E-01,-2.70E-03,4.830769231,0.301273885
-7.72E+01,1.93E+01,2.29E+01,1.26E-01,7.38E-01,-6.81E-02,-4.13E+01,-2.09E+02,6.12E+00,-1.94E+00,2.56E-01,-2.78E-03,4.830769231,0.301273885
-7.72E+01,1.92E+01,2.28E+01,1.26E-01,7.38E-01,-6.81E-02,-4.12E+01,-2.09E+02,6.10E+00,-1.94E+00,2.56E-01,-2.87E-03,4.830769231,0.301273885
-7.72E+01,1.92E+01,2.28E+01,1.26E-01,7.38E-01,-6.82E-02,-4.12E+01,-2.09E+02,6.05E+00,-1.94E+00,2.57E-01,-2.98E-03,4.830769231,0.301273885
-7.72E+01,1.92E+01,2.28E+01,1.26E-01,7.38E-01,-6.83E-02,-4.12E+01,-2.09E+02,5.97E+00,-1.94E+00,2.57E-01,-3.11E-03,4.830769231,0.301273885
-7.72E+01,1.91E+01,2.28E+01,1.26E-01,7.38E-01,-6.85E-02,-4.12E+01,-2.09E+02,5.88E+00,-1.94E+00,2.57E-01,-3.21E-03,4.830769231,0.301273885
-7.72E+01,1.91E+01,2.28E+01,1.26E-01,7.38E-01,-6.86E-02,-4.12E+01,-2.09E+02,5.78E+00,-1.94E+00,2.57E-01,-3.34E-03,4.830769231,0.301273885
-7.72E+01,1.90E+01,2.28E+01,1.26E-01,7.38E-01,-6.87E-02,-4.12E+01,-2.09E+02,5.69E+00,-1.94E+00,2.58E-01,-3.45E-03,4.830769231,0.301273885
-7.72E+01,1.90E+01,2.29E+01,1.27E-01,7.38E-01,-6.88E-02,-4.12E+01,-2.09E+02,5.61E+00,-1.94E+00,2.58E-01,-3.53E-03,4.830769231,0.301273885
-7.72E+01,1.90E+01,2.29E+01,1.27E-01,7.38E-01,-6.88E-02,-4.13E+01,-2.09E+02,5.54E+00,-1.94E+00,2.58E-01,-3.62E-03,4.830769231,0.301273885
-7.72E+01,1.90E+01,2.29E+01,1.27E-01,7.38E-01,-6.89E-02,-4.13E+01,-2.09E+02,5.49E+00,-1.94E+00,2.58E-01,-3.67E-03,4.830769231,0.301273885
-7.73E+01,1.90E+01,2.29E+01,1.27E-01,7.38E-01,-6.89E-02,-4.13E+01,-2.09E+02,5.47E+00,-1.94E+00,2.58E-01,-3.67E-03,4.830769231,0.301910828
-7.73E+01,1.90E+01,2.29E+01,1.27E-01,7.38E-01,-6.90E-02,-4.14E+01,-2.09E+02,5.47E+00,-1.94E+00,2.58E-01,-3.66E-03,4.81595092,0.301910828
-7.73E+01,1.90E+01,2.29E+01,1.27E-01,7.37E-01,-6.90E-02,-4.14E+01,-2.10E+02,5.48E+00,-1.94E+00,2.58E-01,-3.61E-03,4.81595092,0.301910828
-7.73E+01,1.90E+01,2.30E+01,1.27E-01,7.37E-01,-6.89E-02,-4.14E+01,-2.10E+02,5.51E+00,-1.94E+00,2.58E-01,-3.54E-03,4.846625767,0.300632911
-7.73E+01,1.91E+01,2.30E+01,1.27E-01,7.37E-01,-6.89E-02,-4.14E+01,-2.10E+02,5.56E+00,-1.94E+00,2.58E-01,-3.48E-03,4.846625767,0.300632911
-7.73E+01,1.91E+01,2.30E+01,1.27E-01,7.37E-01,-6.89E-02,-4.14E+01,-2.10E+02,5.63E+00,-1.94E+00,2.58E-01,-3.41E-03,4.846625767,0.300632911
-7.73E+01,1.91E+01,2.30E+01,1.27E-01,7.37E-01,-6.88E-02,-4.15E+01,-2.10E+02,5.71E+00,-1.94E+00,2.58E-01,-3.32E-03,4.846625767,0.300632911
-7.74E+01,1.92E+01,2.30E+01,1.27E-01,7.37E-01,-6.88E-02,-4.15E+01,-2.10E+02,5.79E+00,-1.94E+00,2.58E-01,-3.22E-03,4.846625767,0.300632911
-7.74E+01,1.92E+01,2.30E+01,1.27E-01,7.37E-01,-6.87E-02,-4.15E+01,-2.10E+02,5.85E+00,-1.94E+00,2.58E-01,-3.12E-03,4.831804281,0.300632911
-7.74E+01,1.92E+01,2.30E+01,1.27E-01,7.37E-01,-6.87E-02,-4.15E+01,-2.10E+02,5.89E+00,-1.94E+00,2.58E-01,-3.02E-03,4.831804281,0.300632911
-7.74E+01,1.93E+01,2.30E+01,1.27E-01,7.37E-01,-6.87E-02,-4.15E+01,-2.10E+02,5.92E+00,-1.94E+00,2.57E-01,-2.92E-03,4.831804281,0.300632911
-7.74E+01,1.93E+01,2.30E+01,1.27E-01,7.37E-01,-6.86E-02,-4.15E+01,-2.10E+02,5.93E+00,-1.94E+00,2.57E-01,-2.85E-03,4.81595092,0.301910828
-7.74E+01,1.93E+01,2.30E+01,1.27E-01,7.37E-01,-6.86E-02,-4.15E+01,-2.09E+02,5.92E+00,-1.94E+00,2.57E-01,-2.79E-03,4.81595092,0.301910828
-7.74E+01,1.93E+01,2.30E+01,1.27E-01,7.37E-01,-6.86E-02,-4.15E+01,-2.09E+02,5.89E+00,-1.94E+00,2.57E-01,-2.75E-03,4.801223242,0.301273885
-7.74E+01,1.93E+01,2.30E+01,1.27E-01,7.37E-01,-6.86E-02,-4.15E+01,-2.09E+02,5.85E+00,-1.94E+00,2.57E-01,-2.72E-03,4.801223242,0.301273885
-7.74E+01,1.93E+01,2.30E+01,1.27E-01,7.37E-01,-6.86E-02,-4.15E+01,-2.09E+02,5.80E+00,-1.94E+00,2.57E-01,-2.71E-03,4.801223242,0.300636943
-7.73E+01,1.92E+01,2.30E+01,1.27E-01,7.37E-01,-6.86E-02,-4.15E+01,-2.09E+02,5.75E+00,-1.94E+00,2.58E-01,-2.69E-03,4.801223242,0.300636943
-7.73E+01,1.92E+01,2.30E+01,1.27E-01,7.38E-01,-6.86E-02,-4.15E+01,-2.09E+02,5.69E+00,-1.94E+00,2.58E-01,-2.72E-03,4.801223242,0.3
-7.73E+01,1.92E+01,2.30E+01,1.27E-01,7.38E-01,-6.86E-02,-4.15E+01,-2.09E+02,5.64E+00,-1.94E+00,2.58E-01,-2.76E-03,4.801223242,0.299363057
-7.73E+01,1.92E+01,2.30E+01,1.27E-01,7.38E-01,-6.87E-02,-4.16E+01,-2.09E+02,5.58E+00,-1.94E+00,2.58E-01,-2.79E-03,4.801223242,0.299363057
-7.73E+01,1.92E+01,2.30E+01,1.27E-01,7.38E-01,-6.87E-02,-4.16E+01,-2.08E+02,5.53E+00,-1.94E+00,2.58E-01,-2.83E-03,4.786585366,0.298726115
-7.73E+01,1.92E+01,2.30E+01,1.27E-01,7.38E-01,-6.87E-02,-4.16E+01,-2.08E+02,5.49E+00,-1.94E+00,2.58E-01,-2.90E-03,4.786585366,0.298726115
-7.73E+01,1.91E+01,2.30E+01,1.27E-01,7.38E-01,-6.87E-02,-4.16E+01,-2.08E+02,5.46E+00,-1.94E+00,2.58E-01,-2.97E-03,4.756097561,0.300641026
-7.72E+01,1.91E+01,2.30E+01,1.27E-01,7.38E-01,-6.87E-02,-4.16E+01,-2.08E+02,5.44E+00,-1.94E+00,2.58E-01,-3.08E-03,4.756097561,0.300641026
-7.72E+01,1.91E+01,2.30E+01,1.27E-01,7.38E-01,-6.87E-02,-4.16E+01,-2.08E+02,5.44E+00,-1.94E+00,2.58E-01,-3.20E-03,4.770642202,0.300641026
-7.72E+01,1.91E+01,2.29E+01,1.27E-01,7.38E-01,-6.88E-02,-4.16E+01,-2.08E+02,5.45E+00,-1.94E+00,2.58E-01,-3.31E-03,4.770642202,0.300641026
-7.71E+01,1.91E+01,2.29E+01,1.27E-01,7.38E-01,-6.88E-02,-4.15E+01,-2.08E+02,5.47E+00,-1.94E+00,2.58E-01,-3.40E-03,4.770642202,0.300641026
-7.71E+01,1.91E+01,2.29E+01,1.27E-01,7.38E-01,-6.88E-02,-4.15E+01,-2.08E+02,5.50E+00,-1.94E+00,2.58E-01,-3.53E-03,4.770642202,0.300641026
-7.70E+01,1.90E+01,2.29E+01,1.27E-01,7.38E-01,-6.88E-02,-4.14E+01,-2.08E+02,5.54E+00,-1.94E+00,2.58E-01,-3.64E-03,4.785276074,0.300641026
-7.70E+01,1.90E+01,2.28E+01,1.27E-01,7.38E-01,-6.89E-02,-4.14E+01,-2.08E+02,5.58E+00,-1.94E+00,2.58E-01,-3.71E-03,4.785276074,0.301282051
-7.70E+01,1.90E+01,2.28E+01,1.27E-01,7.38E-01,-6.89E-02,-4.13E+01,-2.08E+02,5.62E+00,-1.94E+00,2.58E-01,-3.75E-03,4.8,0.301282051
-7.69E+01,1.90E+01,2.28E+01,1.27E-01,7.38E-01,-6.90E-02,-4.13E+01,-2.08E+02,5.66E+00,-1.94E+00,2.59E-01,-3.81E-03,4.8,0.301282051
-7.69E+01,1.90E+01,2.28E+01,1.28E-01,7.38E-01,-6.90E-02,-4.12E+01,-2.08E+02,5.70E+00,-1.94E+00,2.59E-01,-3.87E-03,4.8,0.301923077
-7.69E+01,1.90E+01,2.27E+01,1.28E-01,7.37E-01,-6.90E-02,-4.12E+01,-2.08E+02,5.74E+00,-1.94E+00,2.59E-01,-3.93E-03,4.814814815,0.301923077
-7.69E+01,1.90E+01,2.27E+01,1.28E-01,7.37E-01,-6.90E-02,-4.11E+01,-2.08E+02,5.77E+00,-1.94E+00,2.59E-01,-3.96E-03,4.814814815,0.301923077
-7.68E+01,1.90E+01,2.27E+01,1.28E-01,7.37E-01,-6.90E-02,-4.11E+01,-2.08E+02,5.80E+00,-1.94E+00,2.59E-01,-3.96E-03,4.829721362,0.301923077
-7.68E+01,1.90E+01,2.27E+01,1.28E-01,7.37E-01,-6.91E-02,-4.10E+01,-2.08E+02,5.82E+00,-1.94E+00,2.59E-01,-3.97E-03,4.829721362,0.301923077
-7.68E+01,1.90E+01,2.27E+01,1.28E-01,7.37E-01,-6.91E-02,-4.10E+01,-2.08E+02,5.84E+00,-1.94E+00,2.59E-01,-3.96E-03,4.829721362,0.301282051
-7.68E+01,1.90E+01,2.27E+01,1.28E-01,7.37E-01,-6.91E-02,-4.10E+01,-2.07E+02,5.85E+00,-1.94E+00,2.59E-01,-3.99E-03,4.829721362,0.301282051
-7.68E+01,1.90E+01,2.27E+01,1.28E-01,7.37E-01,-6.91E-02,-4.10E+01,-2.07E+02,5.86E+00,-1.94E+00,2.59E-01,-4.05E-03,4.829721362,0.301282051
-7.68E+01,1.90E+01,2.27E+01,1.28E-01,7.38E-01,-6.91E-02,-4.09E+01,-2.07E+02,5.86E+00,-1.94E+00,2.60E-01,-4.09E-03,4.829721362,0.301282051
-7.68E+01,1.90E+01,2.27E+01,1.28E-01,7.38E-01,-6.91E-02,-4.09E+01,-2.07E+02,5.86E+00,-1.94E+00,2.60E-01,-4.16E-03,4.829721362,0.301282051
-7.68E+01,1.90E+01,2.27E+01,1.28E-01,7.38E-01,-6.91E-02,-4.09E+01,-2.07E+02,5.86E+00,-1.94E+00,2.60E-01,-4.23E-03,4.829721362,0.300641026
-7.68E+01,1.90E+01,2.27E+01,1.28E-01,7.38E-01,-6.91E-02,-4.09E+01,-2.07E+02,5.85E+00,-1.94E+00,2.60E-01,-4.29E-03,4.829721362,0.300641026
-7.68E+01,1.90E+01,2.27E+01,1.28E-01,7.38E-01,-6.91E-02,-4.10E+01,-2.07E+02,5.83E+00,-1.94E+00,2.60E-01,-4.36E-03,4.829721362,0.300641026
-7.69E+01,1.90E+01,2.27E+01,1.28E-01,7.38E-01,-6.91E-02,-4.10E+01,-2.07E+02,5.81E+00,-1.94E+00,2.60E-01,-4.44E-03,4.829721362,0.300641026
-7.69E+01,1.90E+01,2.27E+01,1.28E-01,7.38E-01,-6.91E-02,-4.10E+01,-2.07E+02,5.78E+00,-1.94E+00,2.60E-01,-4.49E-03,4.829721362,0.300641026
-7.69E+01,1.90E+01,2.27E+01,1.28E-01,7.37E-01,-6.91E-02,-4.10E+01,-2.08E+02,5.74E+00,-1.94E+00,2.60E-01,-4.52E-03,4.829721362,0.301282051
-7.69E+01,1.90E+01,2.28E+01,1.28E-01,7.37E-01,-6.90E-02,-4.11E+01,-2.08E+02,5.70E+00,-1.94E+00,2.60E-01,-4.52E-03,4.814814815,0.301282051
-7.70E+01,1.90E+01,2.28E+01,1.28E-01,7.37E-01,-6.90E-02,-4.11E+01,-2.08E+02,5.66E+00,-1.94E+00,2.60E-01,-4.52E-03,4.814814815,0.301282051
-7.70E+01,1.90E+01,2.28E+01,1.28E-01,7.37E-01,-6.90E-02,-4.12E+01,-2.08E+02,5.63E+00,-1.94E+00,2.60E-01,-4.46E-03,4.814814815,0.301923077
-7.70E+01,1.90E+01,2.28E+01,1.27E-01,7.37E-01,-6.89E-02,-4.12E+01,-2.08E+02,5.59E+00,-1.94E+00,2.60E-01,-4.37E-03,4.830769231,0.3
-7.71E+01,1.90E+01,2.29E+01,1.27E-01,7.37E-01,-6.89E-02,-4.13E+01,-2.08E+02,5.55E+00,-1.94E+00,2.59E-01,-4.24E-03,4.830769231,0.3
-7.71E+01,1.90E+01,2.29E+01,1.27E-01,7.37E-01,-6.89E-02,-4.13E+01,-2.09E+02,5.51E+00,-1.94E+00,2.59E-01,-4.13E-03,4.830769231,0.300636943
-7.72E+01,1.90E+01,2.29E+01,1.27E-01,7.37E-01,-6.88E-02,-4.13E+01,-2.09E+02,5.47E+00,-1.94E+00,2.59E-01,-3.99E-03,4.81595092,0.300636943
-7.72E+01,1.90E+01,2.29E+01,1.27E-01,7.37E-01,-6.88E-02,-4.14E+01,-2.09E+02,5.44E+00,-1.94E+00,2.59E-01,-3.85E-03,4.81595092,0.300636943
-7.72E+01,1.90E+01,2.29E+01,1.27E-01,7.37E-01,-6.87E-02,-4.14E+01,-2.09E+02,5.41E+00,-1.94E+00,2.59E-01,-3.71E-03,4.81595092,0.300636943
-7.73E+01,1.90E+01,2.30E+01,1.27E-01,7.37E-01,-6.87E-02,-4.14E+01,-2.09E+02,5.39E+00,-1.94E+00,2.58E-01,-3.55E-03,4.81595092,0.300636943
-7.73E+01,1.90E+01,2.30E+01,1.27E-01,7.37E-01,-6.86E-02,-4.15E+01,-2.09E+02,5.38E+00,-1.94E+00,2.58E-01,-3.39E-03,4.81595092,0.300636943
-7.73E+01,1.90E+01,2.30E+01,1.27E-01,7.37E-01,-6.86E-02,-4.15E+01,-2.09E+02,5.40E+00,-1.94E+00,2.58E-01,-3.26E-03,4.801223242,0.300636943
-7.74E+01,1.91E+01,2.30E+01,1.27E-01,7.37E-01,-6.86E-02,-4.15E+01,-2.09E+02,5.44E+00,-1.94E+00,2.58E-01,-3.14E-03,4.801223242,0.300636943
-7.74E+01,1.91E+01,2.30E+01,1.27E-01,7.37E-01,-6.85E-02,-4.15E+01,-2.09E+02,5.50E+00,-1.94E+00,2.58E-01,-2.99E-03,4.801223242,0.301273885
-7.74E+01,1.91E+01,2.30E+01,1.27E-01,7.37E-01,-6.85E-02,-4.15E+01,-2.09E+02,5.58E+00,-1.94E+00,2.58E-01,-2.96E-03,4.801223242,0.301273885
-7.74E+01,1.91E+01,2.30E+01,1.27E-01,7.37E-01,-6.85E-02,-4.15E+01,-2.09E+02,5.67E+00,-1.94E+00,2.58E-01,-2.93E-03,4.801223242,0.301273885
-7.74E+01,1.92E+01,2.30E+01,1.27E-01,7.37E-01,-6.84E-02,-4.15E+01,-2.09E+02,5.76E+00,-1.94E+00,2.58E-01,-2.89E-03,4.801223242,0.301910828
-7.75E+01,1.92E+01,2.30E+01,1.27E-01,7.37E-01,-6.84E-02,-4.15E+01,-2.10E+02,5.85E+00,-1.94E+00,2.58E-01,-2.89E-03,4.81595092,0.301910828
-7.75E+01,1.92E+01,2.29E+01,1.27E-01,7.37E-01,-6.84E-02,-4.14E+01,-2.10E+02,5.95E+00,-1.94E+00,2.58E-01,-2.93E-03,4.846625767,0.300632911
-7.75E+01,1.92E+01,2.29E+01,1.27E-01,7.37E-01,-6.84E-02,-4.14E+01,-2.10E+02,6.03E+00,-1.94E+00,2.58E-01,-2.96E-03,4.846625767,0.300632911
-7.75E+01,1.92E+01,2.29E+01,1.27E-01,7.37E-01,-6.84E-02,-4.14E+01,-2.10E+02,6.10E+00,-1.94E+00,2.58E-01,-3.09E-03,4.846625767,0.301265823
-7.75E+01,1.93E+01,2.29E+01,1.27E-01,7.37E-01,-6.85E-02,-4.14E+01,-2.10E+02,6.15E+00,-1.94E+00,2.58E-01,-3.21E-03,4.846625767,0.301265823
-7.75E+01,1.92E+01,2.29E+01,1.27E-01,7.37E-01,-6.85E-02,-4.13E+01,-2.10E+02,6.17E+00,-1.94E+00,2.58E-01,-3.35E-03,4.861538462,0.301898734
-7.75E+01,1.92E+01,2.29E+01,1.27E-01,7.37E-01,-6.85E-02,-4.13E+01,-2.10E+02,6.17E+00,-1.94E+00,2.58E-01,-3.48E-03,4.861538462,0.301898734
-7.75E+01,1.92E+01,2.29E+01,1.27E-01,7.37E-01,-6.86E-02,-4.13E+01,-2.10E+02,6.15E+00,-1.94E+00,2.58E-01,-3.57E-03,4.861538462,0.301898734
-7.75E+01,1.92E+01,2.29E+01,1.27E-01,7.36E-01,-6.86E-02,-4.13E+01,-2.10E+02,6.11E+00,-1.94E+00,2.58E-01,-3.69E-03,4.861538462,0.301898734
-7.75E+01,1.92E+01,2.29E+01,1.27E-01,7.36E-01,-6.87E-02,-4.12E+01,-2.10E+02,6.04E+00,-1.94E+00,2.58E-01,-3.80E-03,4.861538462,0.301898734
-7.75E+01,1.91E+01,2.29E+01,1.27E-01,7.36E-01,-6.88E-02,-4.12E+01,-2.10E+02,5.95E+00,-1.94E+00,2.58E-01,-3.94E-03,4.861538462,0.301898734
-7.75E+01,1.91E+01,2.29E+01,1.27E-01,7.36E-01,-6.88E-02,-4.12E+01,-2.10E+02,5.84E+00,-1.94E+00,2.58E-01,-4.06E-03,4.861538462,0.301898734
-7.75E+01,1.91E+01,2.29E+01,1.27E-01,7.36E-01,-6.89E-02,-4.12E+01,-2.10E+02,5.72E+00,-1.94E+00,2.58E-01,-4.11E-03,4.861538462,0.301898734
-7.75E+01,1.90E+01,2.29E+01,1.27E-01,7.36E-01,-6.90E-02,-4.12E+01,-2.10E+02,5.61E+00,-1.94E+00,2.58E-01,-4.15E-03,4.861538462,0.301898734
-7.75E+01,1.90E+01,2.29E+01,1.27E-01,7.37E-01,-6.90E-02,-4.12E+01,-2.10E+02,5.51E+00,-1.94E+00,2.58E-01,-4.15E-03,4.861538462,0.301898734
-7.75E+01,1.90E+01,2.29E+01,1.27E-01,7.37E-01,-6.90E-02,-4.12E+01,-2.10E+02,5.43E+00,-1.94E+00,2.58E-01,-4.08E-03,4.861538462,0.301898734
-7.75E+01,1.89E+01,2.29E+01,1.27E-01,7.37E-01,-6.90E-02,-4.12E+01,-2.10E+02,5.37E+00,-1.94E+00,2.58E-01,-3.99E-03,4.861538462,0.301898734
-7.75E+01,1.89E+01,2.29E+01,1.27E-01,7.37E-01,-6.90E-02,-4.12E+01,-2.10E+02,5.33E+00,-1.94E+00,2.58E-01,-3.87E-03,4.861538462,0.301898734
-7.75E+01,1.89E+01,2.29E+01,1.27E-01,7.37E-01,-6.90E-02,-4.12E+01,-2.10E+02,5.33E+00,-1.94E+00,2.58E-01,-3.70E-03,4.861538462,0.301898734
-7.75E+01,1.89E+01,2.29E+01,1.27E-01,7.37E-01,-6.90E-02,-4.12E+01,-2.10E+02,5.35E+00,-1.94E+00,2.58E-01,-3.49E-03,4.861538462,0.301898734
-7.75E+01,1.90E+01,2.29E+01,1.27E-01,7.37E-01,-6.90E-02,-4.12E+01,-2.10E+02,5.40E+00,-1.94E+00,2.58E-01,-3.26E-03,4.861538462,0.301898734
-7.74E+01,1.90E+01,2.29E+01,1.27E-01,7.38E-01,-6.89E-02,-4.12E+01,-2.10E+02,5.47E+00,-1.94E+00,2.57E-01,-2.97E-03,4.861538462,0.301898734
-7.74E+01,1.90E+01,2.28E+01,1.27E-01,7.38E-01,-6.89E-02,-4.12E+01,-2.10E+02,5.55E+00,-1.94E+00,2.57E-01,-2.70E-03,4.87654321,0.301898734
-7.74E+01,1.91E+01,2.28E+01,1.27E-01,7.38E-01,-6.89E-02,-4.12E+01,-2.10E+02,5.64E+00,-1.94E+00,2.57E-01,-2.44E-03,4.87654321,0.301898734
-7.74E+01,1.91E+01,2.28E+01,1.27E-01,7.38E-01,-6.88E-02,-4.12E+01,-2.10E+02,5.74E+00,-1.94E+00,2.57E-01,-2.18E-03,4.87654321,0.301898734
-7.73E+01,1.91E+01,2.28E+01,1.27E-01,7.38E-01,-6.88E-02,-4.12E+01,-2.10E+02,5.82E+00,-1.94E+00,2.57E-01,-1.94E-03,4.87654321,0.301898734
-7.73E+01,1.91E+01,2.28E+01,1.27E-01,7.38E-01,-6.88E-02,-4.11E+01,-2.10E+02,5.90E+00,-1.94E+00,2.57E-01,-1.76E-03,4.87654321,0.301898734
-7.73E+01,1.92E+01,2.28E+01,1.27E-01,7.38E-01,-6.88E-02,-4.11E+01,-2.10E+02,5.97E+00,-1.94E+00,2.57E-01,-1.66E-03,4.87654321,0.301898734
-7.73E+01,1.92E+01,2.28E+01,1.27E-01,7.38E-01,-6.88E-02,-4.11E+01,-2.10E+02,6.03E+00,-1.94E+00,2.58E-01,-1.59E-03,4.845679012,0.303821656
-7.73E+01,1.92E+01,2.28E+01,1.27E-01,7.38E-01,-6.88E-02,-4.12E+01,-2.10E+02,6.06E+00,-1.94E+00,2.58E-01,-1.60E-03,4.845679012,0.303184713
-7.73E+01,1.92E+01,2.28E+01,1.27E-01,7.38E-01,-6.88E-02,-4.12E+01,-2.10E+02,6.07E+00,-1.94E+00,2.58E-01,-1.63E-03,4.845679012,0.303184713
-7.74E+01,1.92E+01,2.28E+01,1.27E-01,7.38E-01,-6.89E-02,-4.12E+01,-2.10E+02,6.05E+00,-1.94E+00,2.58E-01,-1.76E-03,4.830769231,0.303184713
-7.74E+01,1.92E+01,2.28E+01,1.27E-01,7.38E-01,-6.89E-02,-4.12E+01,-2.10E+02,6.02E+00,-1.94E+00,2.58E-01,-1.90E-03,4.830769231,0.303184713
-7.74E+01,1.92E+01,2.29E+01,1.27E-01,7.38E-01,-6.89E-02,-4.13E+01,-2.09E+02,5.96E+00,-1.94E+00,2.58E-01,-2.08E-03,4.830769231,0.302547771
-7.74E+01,1.92E+01,2.29E+01,1.27E-01,7.38E-01,-6.90E-02,-4.13E+01,-2.09E+02,5.89E+00,-1.94E+00,2.58E-01,-2.26E-03,4.81595092,0.302547771
-7.74E+01,1.91E+01,2.29E+01,1.27E-01,7.38E-01,-6.90E-02,-4.14E+01,-2.09E+02,5.81E+00,-1.94E+00,2.58E-01,-2.50E-03,4.81595092,0.302547771
-7.73E+01,1.91E+01,2.29E+01,1.27E-01,7.38E-01,-6.90E-02,-4.14E+01,-2.09E+02,5.72E+00,-1.94E+00,2.58E-01,-2.73E-03,4.81595092,0.301910828
-7.73E+01,1.91E+01,2.29E+01,1.27E-01,7.38E-01,-6.91E-02,-4.14E+01,-2.09E+02,5.65E+00,-1.94E+00,2.58E-01,-2.91E-03,4.81595092,0.301910828
-7.73E+01,1.91E+01,2.29E+01,1.27E-01,7.38E-01,-6.91E-02,-4.14E+01,-2.09E+02,5.58E+00,-1.94E+00,2.58E-01,-3.09E-03,4.81595092,0.301273885
-7.73E+01,1.90E+01,2.29E+01,1.27E-01,7.38E-01,-6.91E-02,-4.14E+01,-2.09E+02,5.53E+00,-1.94E+00,2.58E-01,-3.27E-03,4.81595092,0.301273885
-7.72E+01,1.90E+01,2.29E+01,1.27E-01,7.38E-01,-6.91E-02,-4.14E+01,-2.09E+02,5.49E+00,-1.94E+00,2.58E-01,-3.44E-03,4.81595092,0.301273885
-7.72E+01,1.90E+01,2.29E+01,1.27E-01,7.38E-01,-6.91E-02,-4.14E+01,-2.09E+02,5.46E+00,-1.94E+00,2.58E-01,-3.61E-03,4.81595092,0.301273885
-7.71E+01,1.90E+01,2.28E+01,1.27E-01,7.38E-01,-6.91E-02,-4.14E+01,-2.09E+02,5.45E+00,-1.94E+00,2.58E-01,-3.76E-03,4.81595092,0.300636943
-7.71E+01,1.90E+01,2.28E+01,1.27E-01,7.38E-01,-6.91E-02,-4.13E+01,-2.09E+02,5.46E+00,-1.94E+00,2.58E-01,-3.88E-03,4.81595092,0.300636943
-7.71E+01,1.90E+01,2.28E+01,1.27E-01,7.38E-01,-6.91E-02,-4.13E+01,-2.08E+02,5.49E+00,-1.94E+00,2.58E-01,-3.96E-03,4.830769231,0.300636943
-7.71E+01,1.90E+01,2.28E+01,1.27E-01,7.38E-01,-6.91E-02,-4.13E+01,-2.08E+02,5.54E+00,-1.94E+00,2.58E-01,-4.02E-03,4.830769231,0.300636943
-7.70E+01,1.90E+01,2.28E+01,1.27E-01,7.38E-01,-6.91E-02,-4.12E+01,-2.08E+02,5.59E+00,-1.94E+00,2.58E-01,-4.08E-03,4.8,0.302564103
-7.71E+01,1.90E+01,2.28E+01,1.27E-01,7.38E-01,-6.90E-02,-4.12E+01,-2.08E+02,5.66E+00,-1.94E+00,2.58E-01,-4.09E-03,4.814814815,0.302564103
-7.71E+01,1.90E+01,2.27E+01,1.27E-01,7.38E-01,-6.90E-02,-4.12E+01,-2.08E+02,5.72E+00,-1.94E+00,2.58E-01,-4.08E-03,4.814814815,0.302564103
-7.71E+01,1.91E+01,2.27E+01,1.27E-01,7.38E-01,-6.90E-02,-4.11E+01,-2.08E+02,5.77E+00,-1.94E+00,2.58E-01,-4.05E-03,4.845679012,0.300636943
-7.71E+01,1.91E+01,2.27E+01,1.27E-01,7.38E-01,-6.90E-02,-4.11E+01,-2.08E+02,5.82E+00,-1.94E+00,2.58E-01,-3.97E-03,4.845679012,0.301273885
-7.72E+01,1.91E+01,2.27E+01,1.27E-01,7.39E-01,-6.90E-02,-4.11E+01,-2.08E+02,5.86E+00,-1.94E+00,2.58E-01,-3.88E-03,4.845679012,0.301273885
-7.72E+01,1.91E+01,2.28E+01,1.27E-01,7.39E-01,-6.90E-02,-4.11E+01,-2.08E+02,5.89E+00,-1.94E+00,2.58E-01,-3.76E-03,4.845679012,0.301273885
-7.73E+01,1.91E+01,2.28E+01,1.27E-01,7.39E-01,-6.90E-02,-4.11E+01,-2.09E+02,5.92E+00,-1.94E+00,2.58E-01,-3.68E-03,4.845679012,0.301273885
-7.73E+01,1.91E+01,2.28E+01,1.27E-01,7.39E-01,-6.89E-02,-4.11E+01,-2.09E+02,5.94E+00,-1.94E+00,2.58E-01,-3.60E-03,4.845679012,0.301273885
-7.74E+01,1.91E+01,2.28E+01,1.27E-01,7.39E-01,-6.89E-02,-4.12E+01,-2.09E+02,5.94E+00,-1.94E+00,2.58E-01,-3.55E-03,4.845679012,0.301273885
-7.74E+01,1.91E+01,2.28E+01,1.27E-01,7.39E-01,-6.89E-02,-4.12E+01,-2.09E+02,5.94E+00,-1.95E+00,2.58E-01,-3.53E-03,4.845679012,0.301273885
-7.74E+01,1.91E+01,2.28E+01,1.27E-01,7.39E-01,-6.89E-02,-4.12E+01,-2.09E+02,5.94E+00,-1.94E+00,2.58E-01,-3.51E-03,4.830769231,0.301273885
-7.75E+01,1.91E+01,2.28E+01,1.27E-01,7.39E-01,-6.89E-02,-4.12E+01,-2.09E+02,5.92E+00,-1.94E+00,2.58E-01,-3.54E-03,4.830769231,0.301273885
-7.75E+01,1.91E+01,2.28E+01,1.27E-01,7.39E-01,-6.89E-02,-4.12E+01,-2.09E+02,5.90E+00,-1.94E+00,2.58E-01,-3.64E-03,4.830769231,0.301273885
-7.75E+01,1.91E+01,2.29E+01,1.27E-01,7.39E-01,-6.89E-02,-4.12E+01,-2.09E+02,5.88E+00,-1.94E+00,2.58E-01,-3.75E-03,4.830769231,0.301273885
-7.74E+01,1.91E+01,2.29E+01,1.27E-01,7.39E-01,-6.89E-02,-4.12E+01,-2.09E+02,5.85E+00,-1.94E+00,2.58E-01,-3.89E-03,4.830769231,0.300636943
-7.74E+01,1.91E+01,2.28E+01,1.27E-01,7.39E-01,-6.89E-02,-4.12E+01,-2.09E+02,5.82E+00,-1.94E+00,2.58E-01,-4.01E-03,4.830769231,0.300636943
-7.74E+01,1.90E+01,2.28E+01,1.27E-01,7.39E-01,-6.89E-02,-4.12E+01,-2.09E+02,5.79E+00,-1.94E+00,2.58E-01,-4.19E-03,4.830769231,0.300636943
-7.74E+01,1.90E+01,2.28E+01,1.27E-01,7.39E-01,-6.89E-02,-4.12E+01,-2.08E+02,5.77E+00,-1.94E+00,2.58E-01,-4.39E-03,4.830769231,0.300636943
-7.73E+01,1.90E+01,2.28E+01,1.27E-01,7.39E-01,-6.89E-02,-4.12E+01,-2.08E+02,5.75E+00,-1.94E+00,2.58E-01,-4.61E-03,4.830769231,0.300636943
-7.73E+01,1.90E+01,2.28E+01,1.27E-01,7.39E-01,-6.89E-02,-4.12E+01,-2.08E+02,5.73E+00,-1.94E+00,2.58E-01,-4.79E-03,4.845679012,0.300636943
-7.73E+01,1.90E+01,2.28E+01,1.27E-01,7.39E-01,-6.89E-02,-4.12E+01,-2.08E+02,5.72E+00,-1.94E+00,2.58E-01,-4.92E-03,4.845679012,0.300636943
-7.72E+01,1.90E+01,2.28E+01,1.27E-01,7.39E-01,-6.89E-02,-4.12E+01,-2.08E+02,5.71E+00,-1.94E+00,2.58E-01,-5.02E-03,4.845679012,0.300636943
-7.72E+01,1.90E+01,2.28E+01,1.27E-01,7.39E-01,-6.89E-02,-4.12E+01,-2.08E+02,5.70E+00,-1.94E+00,2.58E-01,-5.09E-03,4.845679012,0.300636943
-7.72E+01,1.90E+01,2.28E+01,1.27E-01,7.39E-01,-6.89E-02,-4.12E+01,-2.08E+02,5.69E+00,-1.94E+00,2.58E-01,-5.13E-03,4.845679012,0.300636943
-7.73E+01,1.90E+01,2.28E+01,1.27E-01,7.39E-01,-6.89E-02,-4.12E+01,-2.08E+02,5.68E+00,-1.94E+00,2.58E-01,-5.15E-03,4.830769231,0.300636943
-7.73E+01,1.90E+01,2.29E+01,1.27E-01,7.39E-01,-6.89E-02,-4.12E+01,-2.09E+02,5.67E+00,-1.94E+00,2.58E-01,-5.15E-03,4.830769231,0.300636943
-7.73E+01,1.90E+01,2.29E+01,1.27E-01,7.39E-01,-6.88E-02,-4.13E+01,-2.09E+02,5.67E+00,-1.94E+00,2.58E-01,-5.13E-03,4.830769231,0.300636943
-7.73E+01,1.90E+01,2.29E+01,1.27E-01,7.39E-01,-6.88E-02,-4.13E+01,-2.09E+02,5.68E+00,-1.94E+00,2.58E-01,-5.08E-03,4.830769231,0.300636943
-7.73E+01,1.91E+01,2.29E+01,1.27E-01,7.39E-01,-6.87E-02,-4.13E+01,-2.09E+02,5.69E+00,-1.94E+00,2.58E-01,-5.02E-03,4.830769231,0.300636943
-7.74E+01,1.91E+01,2.29E+01,1.27E-01,7.39E-01,-6.87E-02,-4.14E+01,-2.09E+02,5.70E+00,-1.94E+00,2.58E-01,-4.95E-03,4.81595092,0.300636943
-7.74E+01,1.91E+01,2.30E+01,1.27E-01,7.39E-01,-6.86E-02,-4.14E+01,-2.09E+02,5.71E+00,-1.94E+00,2.58E-01,-4.90E-03,4.81595092,0.300636943
-7.74E+01,1.91E+01,2.30E+01,1.27E-01,7.39E-01,-6.86E-02,-4.14E+01,-2.09E+02,5.72E+00,-1.94E+00,2.57E-01,-4.82E-03,4.81595092,0.3
-7.74E+01,1.92E+01,2.30E+01,1.27E-01,7.39E-01,-6.85E-02,-4.15E+01,-2.09E+02,5.75E+00,-1.94E+00,2.57E-01,-4.74E-03,4.801223242,0.3
-7.75E+01,1.92E+01,2.30E+01,1.27E-01,7.39E-01,-6.85E-02,-4.15E+01,-2.09E+02,5.78E+00,-1.94E+00,2.57E-01,-4.67E-03,4.801223242,0.3
-7.75E+01,1.92E+01,2.30E+01,1.27E-01,7.39E-01,-6.85E-02,-4.15E+01,-2.09E+02,5.81E+00,-1.94E+00,2.57E-01,-4.59E-03,4.801223242,0.3
-7.75E+01,1.92E+01,2.30E+01,1.27E-01,7.38E-01,-6.84E-02,-4.16E+01,-2.09E+02,5.84E+00,-1.94E+00,2.57E-01,-4.54E-03,4.801223242,0.3
-7.75E+01,1.93E+01,2.31E+01,1.27E-01,7.38E-01,-6.84E-02,-4.16E+01,-2.09E+02,5.85E+00,-1.94E+00,2.57E-01,-4.45E-03,4.801223242,0.3
-7.75E+01,1.93E+01,2.31E+01,1.27E-01,7.38E-01,-6.84E-02,-4.16E+01,-2.09E+02,5.86E+00,-1.94E+00,2.57E-01,-4.38E-03,4.801223242,0.3
-7.75E+01,1.93E+01,2.31E+01,1.27E-01,7.38E-01,-6.84E-02,-4.16E+01,-2.09E+02,5.86E+00,-1.94E+00,2.57E-01,-4.36E-03,4.786585366,0.3
-7.75E+01,1.93E+01,2.31E+01,1.27E-01,7.38E-01,-6.84E-02,-4.16E+01,-2.09E+02,5.85E+00,-1.94E+00,2.57E-01,-4.29E-03,4.786585366,0.299363057
-7.75E+01,1.93E+01,2.31E+01,1.27E-01,7.38E-01,-6.84E-02,-4.16E+01,-2.09E+02,5.83E+00,-1.94E+00,2.57E-01,-4.26E-03,4.786585366,0.299363057
-7.75E+01,1.93E+01,2.31E+01,1.27E-01,7.38E-01,-6.84E-02,-4.16E+01,-2.09E+02,5.80E+00,-1.94E+00,2.57E-01,-4.21E-03,4.786585366,0.299363057
-7.75E+01,1.92E+01,2.31E+01,1.27E-01,7.38E-01,-6.84E-02,-4.16E+01,-2.09E+02,5.75E+00,-1.94E+00,2.57E-01,-4.18E-03,4.786585366,0.299363057
-7.75E+01,1.92E+01,2.31E+01,1.27E-01,7.38E-01,-6.85E-02,-4.16E+01,-2.09E+02,5.70E+00,-1.94E+00,2.57E-01,-4.18E-03,4.786585366,0.299363057
-7.75E+01,1.92E+01,2.31E+01,1.27E-01,7.38E-01,-6.85E-02,-4.16E+01,-2.09E+02,5.64E+00,-1.94E+00,2.57E-01,-4.23E-03,4.786585366,0.298726115
-7.75E+01,1.92E+01,2.30E+01,1.26E-01,7.38E-01,-6.85E-02,-4.16E+01,-2.09E+02,5.59E+00,-1.94E+00,2.57E-01,-4.32E-03,4.786585366,0.298726115
-7.74E+01,1.92E+01,2.30E+01,1.26E-01,7.38E-01,-6.85E-02,-4.16E+01,-2.08E+02,5.54E+00,-1.94E+00,2.57E-01,-4.43E-03,4.786585366,0.298726115
-7.74E+01,1.91E+01,2.30E+01,1.26E-01,7.38E-01,-6.85E-02,-4.16E+01,-2.08E+02,5.50E+00,-1.94E+00,2.57E-01,-4.56E-03,4.786585366,0.298726115
-7.74E+01,1.91E+01,2.30E+01,1.27E-01,7.38E-01,-6.85E-02,-4.16E+01,-2.08E+02,5.46E+00,-1.94E+00,2.57E-01,-4.68E-03,4.756097561,0.3
-7.74E+01,1.91E+01,2.30E+01,1.27E-01,7.38E-01,-6.86E-02,-4.16E+01,-2.08E+02,5.43E+00,-1.94E+00,2.57E-01,-4.85E-03,4.770642202,0.3
-7.73E+01,1.91E+01,2.30E+01,1.27E-01,7.38E-01,-6.86E-02,-4.16E+01,-2.08E+02,5.43E+00,-1.94E+00,2.57E-01,-5.04E-03,4.770642202,0.3
-7.73E+01,1.91E+01,2.29E+01,1.27E-01,7.38E-01,-6.86E-02,-4.15E+01,-2.08E+02,5.45E+00,-1.94E+00,2.58E-01,-5.22E-03,4.770642202,0.3
-7.72E+01,1.91E+01,2.29E+01,1.27E-01,7.38E-01,-6.85E-02,-4.15E+01,-2.08E+02,5.49E+00,-1.94E+00,2.58E-01,-5.38E-03,4.770642202,0.3
-7.71E+01,1.91E+01,2.29E+01,1.27E-01,7.38E-01,-6.85E-02,-4.14E+01,-2.08E+02,5.55E+00,-1.94E+00,2.58E-01,-5.52E-03,4.785276074,0.3
-7.71E+01,1.91E+01,2.28E+01,1.27E-01,7.38E-01,-6.85E-02,-4.14E+01,-2.07E+02,5.63E+00,-1.94E+00,2.58E-01,-5.63E-03,4.785276074,0.3
-7.70E+01,1.91E+01,2.28E+01,1.27E-01,7.38E-01,-6.85E-02,-4.13E+01,-2.07E+02,5.72E+00,-1.94E+00,2.58E-01,-5.71E-03,4.8,0.3
-7.70E+01,1.91E+01,2.28E+01,1.27E-01,7.38E-01,-6.86E-02,-4.13E+01,-2.07E+02,5.82E+00,-1.94E+00,2.58E-01,-5.78E-03,4.8,0.3
-7.69E+01,1.91E+01,2.27E+01,1.27E-01,7.38E-01,-6.86E-02,-4.12E+01,-2.07E+02,5.91E+00,-1.94E+00,2.58E-01,-5.85E-03,4.8,0.3
-7.69E+01,1.91E+01,2.27E+01,1.27E-01,7.38E-01,-6.86E-02,-4.12E+01,-2.07E+02,6.00E+00,-1.94E+00,2.59E-01,-5.95E-03,4.814814815,0.3
-7.69E+01,1.92E+01,2.27E+01,1.27E-01,7.38E-01,-6.87E-02,-4.11E+01,-2.07E+02,6.08E+00,-1.94E+00,2.59E-01,-6.00E-03,4.783950617,0.301935484
-7.68E+01,1.92E+01,2.27E+01,1.27E-01,7.38E-01,-6.88E-02,-4.11E+01,-2.07E+02,6.15E+00,-1.94E+00,2.59E-01,-6.09E-03,4.783950617,0.301935484
-7.68E+01,1.92E+01,2.27E+01,1.27E-01,7.38E-01,-6.88E-02,-4.10E+01,-2.07E+02,6.19E+00,-1.94E+00,2.60E-01,-6.13E-03,4.79876161,0.301935484
-7.68E+01,1.92E+01,2.27E+01,1.27E-01,7.38E-01,-6.89E-02,-4.10E+01,-2.07E+02,6.20E+00,-1.94E+00,2.60E-01,-6.15E-03,4.79876161,0.301935484
-7.68E+01,1.91E+01,2.27E+01,1.28E-01,7.38E-01,-6.90E-02,-4.10E+01,-2.07E+02,6.19E+00,-1.94E+00,2.60E-01,-6.18E-03,4.79876161,0.302580645
-7.69E+01,1.91E+01,2.27E+01,1.28E-01,7.38E-01,-6.91E-02,-4.10E+01,-2.07E+02,6.16E+00,-1.94E+00,2.60E-01,-6.21E-03,4.829721362,0.300641026
-7.69E+01,1.91E+01,2.27E+01,1.28E-01,7.38E-01,-6.92E-02,-4.10E+01,-2.07E+02,6.10E+00,-1.94E+00,2.61E-01,-6.24E-03,4.829721362,0.300641026
-7.69E+01,1.91E+01,2.27E+01,1.28E-01,7.38E-01,-6.92E-02,-4.10E+01,-2.07E+02,6.02E+00,-1.94E+00,2.61E-01,-6.27E-03,4.829721362,0.300641026
-7.69E+01,1.90E+01,2.27E+01,1.28E-01,7.38E-01,-6.93E-02,-4.10E+01,-2.07E+02,5.92E+00,-1.94E+00,2.61E-01,-6.24E-03,4.829721362,0.300641026
-7.70E+01,1.90E+01,2.27E+01,1.28E-01,7.38E-01,-6.94E-02,-4.11E+01,-2.07E+02,5.81E+00,-1.94E+00,2.61E-01,-6.18E-03,4.814814815,0.300641026
-7.70E+01,1.90E+01,2.28E+01,1.28E-01,7.38E-01,-6.94E-02,-4.11E+01,-2.07E+02,5.70E+00,-1.94E+00,2.61E-01,-6.10E-03,4.814814815,0.300641026
-7.70E+01,1.90E+01,2.28E+01,1.28E-01,7.38E-01,-6.94E-02,-4.11E+01,-2.08E+02,5.60E+00,-1.94E+00,2.61E-01,-6.00E-03,4.814814815,0.300641026
-7.70E+01,1.89E+01,2.28E+01,1.28E-01,7.38E-01,-6.95E-02,-4.12E+01,-2.08E+02,5.51E+00,-1.94E+00,2.61E-01,-5.88E-03,4.814814815,0.300641026
-7.71E+01,1.89E+01,2.28E+01,1.28E-01,7.38E-01,-6.95E-02,-4.12E+01,-2.08E+02,5.44E+00,-1.94E+00,2.61E-01,-5.74E-03,4.814814815,0.300641026
-7.71E+01,1.89E+01,2.28E+01,1.28E-01,7.38E-01,-6.95E-02,-4.12E+01,-2.08E+02,5.39E+00,-1.94E+00,2.61E-01,-5.62E-03,4.8,0.300641026
-7.71E+01,1.89E+01,2.28E+01,1.28E-01,7.38E-01,-6.94E-02,-4.12E+01,-2.08E+02,5.36E+00,-1.94E+00,2.61E-01,-5.49E-03,4.8,0.300641026
-7.71E+01,1.89E+01,2.28E+01,1.28E-01,7.38E-01,-6.94E-02,-4.12E+01,-2.08E+02,5.35E+00,-1.94E+00,2.61E-01,-5.39E-03,4.8,0.300641026
-7.71E+01,1.89E+01,2.28E+01,1.28E-01,7.38E-01,-6.94E-02,-4.12E+01,-2.08E+02,5.36E+00,-1.94E+00,2.61E-01,-5.33E-03,4.8,0.300641026
-7.71E+01,1.89E+01,2.28E+01,1.28E-01,7.38E-01,-6.93E-02,-4.12E+01,-2.08E+02,5.40E+00,-1.94E+00,2.60E-01,-5.25E-03,4.8,0.301282051
-7.71E+01,1.90E+01,2.28E+01,1.28E-01,7.38E-01,-6.93E-02,-4.12E+01,-2.08E+02,5.47E+00,-1.94E+00,2.60E-01,-5.21E-03,4.8,0.301282051
-7.71E+01,1.90E+01,2.28E+01,1.27E-01,7.38E-01,-6.92E-02,-4.12E+01,-2.08E+02,5.56E+00,-1.94E+00,2.60E-01,-5.18E-03,4.8,0.301282051
-7.71E+01,1.91E+01,2.28E+01,1.27E-01,7.38E-01,-6.92E-02,-4.12E+01,-2.08E+02,5.66E+00,-1.94E+00,2.60E-01,-5.13E-03,4.8,0.301923077
-7.71E+01,1.91E+01,2.28E+01,1.27E-01,7.38E-01,-6.91E-02,-4.12E+01,-2.08E+02,5.76E+00,-1.94E+00,2.60E-01,-5.11E-03,4.8,0.301923077
-7.71E+01,1.91E+01,2.28E+01,1.27E-01,7.38E-01,-6.91E-02,-4.12E+01,-2.08E+02,5.86E+00,-1.94E+00,2.59E-01,-5.14E-03,4.8,0.302564103
-7.71E+01,1.92E+01,2.28E+01,1.27E-01,7.38E-01,-6.91E-02,-4.12E+01,-2.08E+02,5.95E+00,-1.94E+00,2.59E-01,-5.15E-03,4.830769231,0.300636943
-7.71E+01,1.92E+01,2.28E+01,1.27E-01,7.38E-01,-6.90E-02,-4.12E+01,-2.09E+02,6.02E+00,-1.94E+00,2.59E-01,-5.20E-03,4.830769231,0.300636943
-7.72E+01,1.92E+01,2.28E+01,1.27E-01,7.37E-01,-6.90E-02,-4.12E+01,-2.09E+02,6.08E+00,-1.94E+00,2.59E-01,-5.25E-03,4.830769231,0.301273885
-7.72E+01,1.93E+01,2.28E+01,1.27E-01,7.37E-01,-6.90E-02,-4.13E+01,-2.09E+02,6.11E+00,-1.94E+00,2.59E-01,-5.31E-03,4.830769231,0.301273885
-7.72E+01,1.93E+01,2.28E+01,1.27E-01,7.37E-01,-6.90E-02,-4.13E+01,-2.09E+02,6.13E+00,-1.94E+00,2.59E-01,-5.34E-03,4.830769231,0.301273885
-7.73E+01,1.93E+01,2.29E+01,1.27E-01,7.37E-01,-6.90E-02,-4.13E+01,-2.09E+02,6.13E+00,-1.94E+00,2.59E-01,-5.42E-03,4.830769231,0.301273885
-7.73E+01,1.93E+01,2.29E+01,1.27E-01,7.37E-01,-6.90E-02,-4.13E+01,-2.09E+02,6.11E+00,-1.94E+00,2.59E-01,-5.44E-03,4.81595092,0.301910828
-7.73E+01,1.93E+01,2.29E+01,1.27E-01,7.37E-01,-6.90E-02,-4.14E+01,-2.09E+02,6.07E+00,-1.94E+00,2.59E-01,-5.45E-03,4.81595092,0.301910828
-7.74E+01,1.93E+01,2.29E+01,1.27E-01,7.37E-01,-6.91E-02,-4.14E+01,-2.09E+02,6.03E+00,-1.94E+00,2.59E-01,-5.44E-03,4.81595092,0.301910828
-7.74E+01,1.93E+01,2.29E+01,1.27E-01,7.37E-01,-6.91E-02,-4.14E+01,-2.10E+02,5.97E+00,-1.94E+00,2.59E-01,-5.40E-03,4.81595092,0.301910828
-7.74E+01,1.93E+01,2.30E+01,1.27E-01,7.37E-01,-6.91E-02,-4.15E+01,-2.10E+02,5.90E+00,-1.94E+00,2.59E-01,-5.35E-03,4.81595092,0.301910828
-7.74E+01,1.93E+01,2.30E+01,1.27E-01,7.37E-01,-6.91E-02,-4.15E+01,-2.10E+02,5.83E+00,-1.94E+00,2.59E-01,-5.29E-03,4.831804281,0.300632911
-7.74E+01,1.92E+01,2.30E+01,1.27E-01,7.37E-01,-6.91E-02,-4.15E+01,-2.10E+02,5.76E+00,-1.94E+00,2.59E-01,-5.21E-03,4.831804281,0.300632911
-7.74E+01,1.92E+01,2.30E+01,1.27E-01,7.37E-01,-6.91E-02,-4.15E+01,-2.10E+02,5.68E+00,-1.94E+00,2.59E-01,-5.11E-03,4.831804281,0.300632911
-7.74E+01,1.92E+01,2.30E+01,1.27E-01,7.37E-01,-6.91E-02,-4.15E+01,-2.10E+02,5.62E+00,-1.94E+00,2.59E-01,-4.98E-03,4.831804281,0.300632911
-7.74E+01,1.92E+01,2.29E+01,1.27E-01,7.37E-01,-6.91E-02,-4.15E+01,-2.10E+02,5.57E+00,-1.94E+00,2.59E-01,-4.84E-03,4.831804281,0.301265823
-7.73E+01,1.91E+01,2.29E+01,1.27E-01,7.37E-01,-6.92E-02,-4.15E+01,-2.10E+02,5.54E+00,-1.94E+00,2.59E-01,-4.66E-03,4.831804281,0.301265823
-7.73E+01,1.91E+01,2.29E+01,1.27E-01,7.38E-01,-6.92E-02,-4.14E+01,-2.10E+02,5.53E+00,-1.94E+00,2.59E-01,-4.50E-03,4.846625767,0.301265823
-7.73E+01,1.91E+01,2.29E+01,1.27E-01,7.38E-01,-6.92E-02,-4.14E+01,-2.10E+02,5.52E+00,-1.94E+00,2.59E-01,-4.34E-03,4.846625767,0.301265823
-7.73E+01,1.91E+01,2.29E+01,1.27E-01,7.38E-01,-6.92E-02,-4.14E+01,-2.10E+02,5.51E+00,-1.94E+00,2.59E-01,-4.21E-03,4.846625767,0.301898734
-7.72E+01,1.91E+01,2.29E+01,1.27E-01,7.38E-01,-6.93E-02,-4.13E+01,-2.10E+02,5.52E+00,-1.94E+00,2.59E-01,-3.96E-03,4.861538462,0.301898734
-7.72E+01,1.91E+01,2.28E+01,1.28E-01,7.38E-01,-6.93E-02,-4.13E+01,-2.10E+02,5.53E+00,-1.94E+00,2.59E-01,-3.78E-03,4.861538462,0.301898734
-7.72E+01,1.91E+01,2.28E+01,1.28E-01,7.38E-01,-6.93E-02,-4.12E+01,-2.10E+02,5.56E+00,-1.94E+00,2.59E-01,-3.58E-03,4.861538462,0.301898734
-7.72E+01,1.91E+01,2.28E+01,1.28E-01,7.38E-01,-6.93E-02,-4.12E+01,-2.10E+02,5.61E+00,-1.94E+00,2.59E-01,-3.36E-03,4.861538462,0.301898734
-7.72E+01,1.91E+01,2.28E+01,1.28E-01,7.38E-01,-6.93E-02,-4.12E+01,-2.10E+02,5.66E+00,-1.95E+00,2.59E-01,-3.12E-03,4.87654321,0.302531646
-7.72E+01,1.91E+01,2.28E+01,1.28E-01,7.38E-01,-6.93E-02,-4.12E+01,-2.10E+02,5.71E+00,-1.95E+00,2.59E-01,-2.86E-03,4.87654321,0.302531646
-7.72E+01,1.91E+01,2.28E+01,1.28E-01,7.39E-01,-6.93E-02,-4.11E+01,-2.10E+02,5.77E+00,-1.95E+00,2.59E-01,-2.59E-03,4.87654321,0.302531646
-7.72E+01,1.91E+01,2.28E+01,1.28E-01,7.39E-01,-6.93E-02,-4.11E+01,-2.10E+02,5.83E+00,-1.95E+00,2.59E-01,-2.32E-03,4.87654321,0.302531646
-7.73E+01,1.91E+01,2.28E+01,1.28E-01,7.39E-01,-6.93E-02,-4.11E+01,-2.10E+02,5.88E+00,-1.95E+00,2.59E-01,-2.03E-03,4.87654321,0.302531646
-7.73E+01,1.91E+01,2.28E+01,1.28E-01,7.39E-01,-6.92E-02,-4.11E+01,-2.10E+02,5.92E+00,-1.95E+00,2.59E-01,-1.77E-03,4.87654321,0.302531646
-7.73E+01,1.91E+01,2.28E+01,1.28E-01,7.39E-01,-6.92E-02,-4.11E+01,-2.10E+02,5.95E+00,-1.95E+00,2.59E-01,-1.50E-03,4.87654321,0.302531646
-7.73E+01,1.92E+01,2.28E+01,1.28E-01,7.39E-01,-6.92E-02,-4.11E+01,-2.10E+02,5.98E+00,-1.95E+00,2.59E-01,-1.27E-03,4.87654321,0.302531646
-7.73E+01,1.92E+01,2.28E+01,1.28E-01,7.39E-01,-6.92E-02,-4.11E+01,-2.10E+02,6.00E+00,-1.95E+00,2.59E-01,-1.06E-03,4.87654321,0.302531646
-7.73E+01,1.92E+01,2.28E+01,1.28E-01,7.39E-01,-6.92E-02,-4.11E+01,-2.10E+02,6.01E+00,-1.95E+00,2.59E-01,-9.07E-04,4.87654321,0.302531646
-7.73E+01,1.92E+01,2.28E+01,1.28E-01,7.39E-01,-6.91E-02,-4.12E+01,-2.10E+02,6.01E+00,-1.95E+00,2.59E-01,-8.37E-04,4.87654321,0.303164557
-7.74E+01,1.91E+01,2.28E+01,1.28E-01,7.39E-01,-6.91E-02,-4.12E+01,-2.10E+02,5.99E+00,-1.95E+00,2.59E-01,-8.73E-04,4.87654321,0.303164557
-7.74E+01,1.91E+01,2.28E+01,1.28E-01,7.39E-01,-6.91E-02,-4.12E+01,-2.10E+02,5.96E+00,-1.95E+00,2.59E-01,-9.59E-04,4.87654321,0.303164557
-7.74E+01,1.91E+01,2.28E+01,1.28E-01,7.39E-01,-6.91E-02,-4.12E+01,-2.10E+02,5.92E+00,-1.95E+00,2.59E-01,-1.11E-03,4.861538462,0.303164557
-7.74E+01,1.91E+01,2.28E+01,1.28E-01,7.39E-01,-6.91E-02,-4.12E+01,-2.10E+02,5.87E+00,-1.95E+00,2.59E-01,-1.33E-03,4.861538462,0.303164557
-7.74E+01,1.91E+01,2.29E+01,1.28E-01,7.39E-01,-6.91E-02,-4.12E+01,-2.10E+02,5.83E+00,-1.95E+00,2.59E-01,-1.61E-03,4.861538462,0.302531646
-7.74E+01,1.91E+01,2.29E+01,1.28E-01,7.38E-01,-6.91E-02,-4.13E+01,-2.10E+02,5.79E+00,-1.95E+00,2.58E-01,-1.84E-03,4.861538462,0.302531646
-7.75E+01,1.91E+01,2.29E+01,1.27E-01,7.38E-01,-6.90E-02,-4.13E+01,-2.10E+02,5.76E+00,-1.94E+00,2.58E-01,-2.09E-03,4.861538462,0.302531646
-7.75E+01,1.91E+01,2.29E+01,1.27E-01,7.38E-01,-6.90E-02,-4.14E+01,-2.10E+02,5.73E+00,-1.94E+00,2.58E-01,-2.37E-03,4.846625767,0.302531646
-7.75E+01,1.91E+01,2.29E+01,1.27E-01,7.38E-01,-6.90E-02,-4.14E+01,-2.10E+02,5.70E+00,-1.94E+00,2.58E-01,-2.67E-03,4.846625767,0.302531646
-7.75E+01,1.91E+01,2.29E+01,1.27E-01,7.37E-01,-6.89E-02,-4.14E+01,-2.10E+02,5.67E+00,-1.94E+00,2.58E-01,-2.92E-03,4.846625767,0.302531646
-7.75E+01,1.91E+01,2.29E+01,1.27E-01,7.37E-01,-6.89E-02,-4.14E+01,-2.10E+02,5.65E+00,-1.94E+00,2.57E-01,-3.20E-03,4.846625767,0.301898734
-7.75E+01,1.91E+01,2.30E+01,1.27E-01,7.37E-01,-6.88E-02,-4.15E+01,-2.10E+02,5.63E+00,-1.94E+00,2.57E-01,-3.42E-03,4.831804281,0.301898734
-7.76E+01,1.91E+01,2.30E+01,1.27E-01,7.37E-01,-6.88E-02,-4.15E+01,-2.10E+02,5.61E+00,-1.94E+00,2.57E-01,-3.61E-03,4.831804281,0.301898734
-7.76E+01,1.91E+01,2.30E+01,1.27E-01,7.36E-01,-6.87E-02,-4.15E+01,-2.10E+02,5.61E+00,-1.94E+00,2.56E-01,-3.78E-03,4.831804281,0.301898734
-7.76E+01,1.92E+01,2.30E+01,1.27E-01,7.36E-01,-6.86E-02,-4.16E+01,-2.10E+02,5.62E+00,-1.94E+00,2.56E-01,-3.96E-03,4.831804281,0.301898734
-7.76E+01,1.92E+01,2.30E+01,1.26E-01,7.36E-01,-6.85E-02,-4.16E+01,-2.10E+02,5.64E+00,-1.94E+00,2.56E-01,-4.03E-03,4.831804281,0.301265823
-7.76E+01,1.92E+01,2.30E+01,1.26E-01,7.36E-01,-6.85E-02,-4.16E+01,-2.10E+02,5.67E+00,-1.94E+00,2.56E-01,-4.05E-03,4.831804281,0.301265823
-7.75E+01,1.92E+01,2.30E+01,1.26E-01,7.36E-01,-6.84E-02,-4.16E+01,-2.10E+02,5.70E+00,-1.94E+00,2.55E-01,-4.01E-03,4.831804281,0.301265823
-7.75E+01,1.92E+01,2.30E+01,1.26E-01,7.36E-01,-6.83E-02,-4.16E+01,-2.10E+02,5.74E+00,-1.94E+00,2.55E-01,-3.92E-03,4.831804281,0.301265823
-7.75E+01,1.92E+01,2.30E+01,1.26E-01,7.36E-01,-6.83E-02,-4.15E+01,-2.10E+02,5.76E+00,-1.94E+00,2.55E-01,-3.78E-03,4.831804281,0.301265823
-7.74E+01,1.92E+01,2.29E+01,1.26E-01,7.36E-01,-6.82E-02,-4.15E+01,-2.10E+02,5.79E+00,-1.94E+00,2.55E-01,-3.61E-03,4.831804281,0.301265823
-7.73E+01,1.92E+01,2.29E+01,1.26E-01,7.36E-01,-6.82E-02,-4.15E+01,-2.10E+02,5.81E+00,-1.94E+00,2.55E-01,-3.37E-03,4.831804281,0.301265823
-7.73E+01,1.92E+01,2.29E+01,1.26E-01,7.36E-01,-6.82E-02,-4.14E+01,-2.10E+02,5.83E+00,-1.94E+00,2.55E-01,-3.11E-03,4.846625767,0.301265823
-7.72E+01,1.92E+01,2.29E+01,1.26E-01,7.36E-01,-6.82E-02,-4.14E+01,-2.10E+02,5.85E+00,-1.94E+00,2.55E-01,-2.85E-03,4.81595092,0.303184713
-7.71E+01,1.91E+01,2.28E+01,1.26E-01,7.36E-01,-6.82E-02,-4.13E+01,-2.09E+02,5.85E+00,-1.94E+00,2.55E-01,-2.56E-03,4.830769231,0.302547771
-7.71E+01,1.91E+01,2.28E+01,1.26E-01,7.37E-01,-6.83E-02,-4.13E+01,-2.09E+02,5.85E+00,-1.94E+00,2.55E-01,-2.29E-03,4.830769231,0.302547771
-7.70E+01,1.91E+01,2.28E+01,1.26E-01,7.37E-01,-6.83E-02,-4.12E+01,-2.09E+02,5.83E+00,-1.94E+00,2.55E-01,-2.06E-03,4.830769231,0.302547771
-7.70E+01,1.91E+01,2.28E+01,1.26E-01,7.37E-01,-6.84E-02,-4.12E+01,-2.09E+02,5.82E+00,-1.94E+00,2.55E-01,-1.86E-03,4.845679012,0.302547771
-7.70E+01,1.90E+01,2.27E+01,1.26E-01,7.37E-01,-6.85E-02,-4.11E+01,-2.09E+02,5.79E+00,-1.94E+00,2.56E-01,-1.70E-03,4.845679012,0.301910828
-7.70E+01,1.90E+01,2.27E+01,1.26E-01,7.37E-01,-6.86E-02,-4.11E+01,-2.09E+02,5.75E+00,-1.94E+00,2.56E-01,-1.58E-03,4.845679012,0.301910828
-7.69E+01,1.90E+01,2.27E+01,1.26E-01,7.37E-01,-6.87E-02,-4.11E+01,-2.08E+02,5.72E+00,-1.94E+00,2.56E-01,-1.51E-03,4.845679012,0.301273885
-7.69E+01,1.89E+01,2.27E+01,1.26E-01,7.38E-01,-6.88E-02,-4.11E+01,-2.08E+02,5.69E+00,-1.94E+00,2.56E-01,-1.49E-03,4.814814815,0.303205128
-7.69E+01,1.89E+01,2.27E+01,1.27E-01,7.38E-01,-6.88E-02,-4.11E+01,-2.08E+02,5.66E+00,-1.94E+00,2.56E-01,-1.55E-03,4.814814815,0.302564103
-7.69E+01,1.89E+01,2.27E+01,1.27E-01,7.38E-01,-6.89E-02,-4.11E+01,-2.08E+02,5.64E+00,-1.94E+00,2.57E-01,-1.68E-03,4.829721362,0.302564103
-7.69E+01,1.89E+01,2.27E+01,1.27E-01,7.38E-01,-6.89E-02,-4.10E+01,-2.08E+02,5.62E+00,-1.94E+00,2.57E-01,-1.87E-03,4.829721362,0.301923077
-7.69E+01,1.89E+01,2.27E+01,1.27E-01,7.38E-01,-6.89E-02,-4.10E+01,-2.07E+02,5.60E+00,-1.94E+00,2.57E-01,-2.09E-03,4.829721362,0.301282051
-7.69E+01,1.89E+01,2.27E+01,1.27E-01,7.38E-01,-6.89E-02,-4.10E+01,-2.07E+02,5.59E+00,-1.94E+00,2.57E-01,-2.36E-03,4.829721362,0.300641026
-7.68E+01,1.89E+01,2.27E+01,1.27E-01,7.38E-01,-6.89E-02,-4.10E+01,-2.07E+02,5.58E+00,-1.94E+00,2.57E-01,-2.63E-03,4.829721362,0.300641026
-7.68E+01,1.89E+01,2.27E+01,1.27E-01,7.38E-01,-6.89E-02,-4.10E+01,-2.07E+02,5.58E+00,-1.94E+00,2.57E-01,-2.93E-03,4.79876161,0.301935484
-7.68E+01,1.89E+01,2.27E+01,1.27E-01,7.39E-01,-6.88E-02,-4.10E+01,-2.07E+02,5.59E+00,-1.94E+00,2.57E-01,-3.20E-03,4.79876161,0.301935484
-7.68E+01,1.89E+01,2.27E+01,1.27E-01,7.39E-01,-6.88E-02,-4.10E+01,-2.07E+02,5.61E+00,-1.95E+00,2.57E-01,-3.45E-03,4.79876161,0.301290323
-7.68E+01,1.89E+01,2.26E+01,1.27E-01,7.39E-01,-6.87E-02,-4.10E+01,-2.07E+02,5.64E+00,-1.95E+00,2.57E-01,-3.68E-03,4.79876161,0.301290323
-7.67E+01,1.89E+01,2.26E+01,1.27E-01,7.39E-01,-6.86E-02,-4.10E+01,-2.06E+02,5.68E+00,-1.95E+00,2.57E-01,-3.86E-03,4.79876161,0.301290323
-7.67E+01,1.89E+01,2.26E+01,1.27E-01,7.39E-01,-6.86E-02,-4.10E+01,-2.06E+02,5.73E+00,-1.95E+00,2.57E-01,-4.00E-03,4.79876161,0.301290323
-7.67E+01,1.90E+01,2.26E+01,1.27E-01,7.39E-01,-6.85E-02,-4.10E+01,-2.06E+02,5.76E+00,-1.95E+00,2.57E-01,-4.13E-03,4.79876161,0.301290323
-7.67E+01,1.90E+01,2.26E+01,1.27E-01,7.39E-01,-6.85E-02,-4.10E+01,-2.06E+02,5.80E+00,-1.95E+00,2.58E-01,-4.20E-03,4.79876161,0.301290323
-7.67E+01,1.90E+01,2.27E+01,1.27E-01,7.39E-01,-6.84E-02,-4.10E+01,-2.07E+02,5.84E+00,-1.95E+00,2.58E-01,-4.32E-03,4.79876161,0.301290323
-7.67E+01,1.90E+01,2.27E+01,1.27E-01,7.39E-01,-6.84E-02,-4.10E+01,-2.07E+02,5.87E+00,-1.95E+00,2.58E-01,-4.37E-03,4.79876161,0.301290323
-7.68E+01,1.91E+01,2.27E+01,1.27E-01,7.39E-01,-6.84E-02,-4.10E+01,-2.07E+02,5.90E+00,-1.95E+00,2.58E-01,-4.39E-03,4.79876161,0.301290323
-7.68E+01,1.91E+01,2.27E+01,1.27E-01,7.39E-01,-6.83E-02,-4.11E+01,-2.07E+02,5.92E+00,-1.95E+00,2.58E-01,-4.40E-03,4.79876161,0.301935484
-7.69E+01,1.91E+01,2.27E+01,1.27E-01,7.39E-01,-6.84E-02,-4.11E+01,-2.07E+02,5.92E+00,-1.95E+00,2.58E-01,-4.38E-03,4.814814815,0.3
-7.69E+01,1.91E+01,2.28E+01,1.27E-01,7.39E-01,-6.84E-02,-4.11E+01,-2.07E+02,5.92E+00,-1.95E+00,2.58E-01,-4.37E-03,4.814814815,0.3
-7.70E+01,1.91E+01,2.28E+01,1.27E-01,7.39E-01,-6.84E-02,-4.12E+01,-2.08E+02,5.89E+00,-1.94E+00,2.58E-01,-4.32E-03,4.814814815,0.300641026
-7.71E+01,1.91E+01,2.28E+01,1.27E-01,7.38E-01,-6.84E-02,-4.13E+01,-2.08E+02,5.86E+00,-1.94E+00,2.58E-01,-4.26E-03,4.8,0.300641026
-7.72E+01,1.91E+01,2.29E+01,1.27E-01,7.38E-01,-6.84E-02,-4.13E+01,-2.08E+02,5.81E+00,-1.94E+00,2.58E-01,-4.18E-03,4.8,0.300641026
-7.73E+01,1.91E+01,2.29E+01,1.27E-01,7.38E-01,-6.84E-02,-4.14E+01,-2.08E+02,5.76E+00,-1.94E+00,2.58E-01,-4.09E-03,4.785276074,0.301282051
-7.73E+01,1.91E+01,2.30E+01,1.27E-01,7.38E-01,-6.84E-02,-4.14E+01,-2.09E+02,5.70E+00,-1.94E+00,2.58E-01,-4.01E-03,4.81595092,0.299363057
-7.74E+01,1.91E+01,2.30E+01,1.27E-01,7.38E-01,-6.84E-02,-4.15E+01,-2.09E+02,5.65E+00,-1.94E+00,2.58E-01,-3.93E-03,4.801223242,0.299363057
-7.75E+01,1.91E+01,2.30E+01,1.27E-01,7.38E-01,-6.84E-02,-4.15E+01,-2.09E+02,5.60E+00,-1.94E+00,2.58E-01,-3.80E-03,4.801223242,0.299363057
-7.75E+01,1.91E+01,2.30E+01,1.27E-01,7.38E-01,-6.84E-02,-4.16E+01,-2.09E+02,5.57E+00,-1.94E+00,2.58E-01,-3.78E-03,4.801223242,0.299363057
-7.75E+01,1.91E+01,2.31E+01,1.27E-01,7.38E-01,-6.84E-02,-4.16E+01,-2.09E+02,5.55E+00,-1.94E+00,2.58E-01,-3.73E-03,4.801223242,0.299363057
-7.75E+01,1.91E+01,2.31E+01,1.27E-01,7.38E-01,-6.84E-02,-4.16E+01,-2.09E+02,5.54E+00,-1.94E+00,2.58E-01,-3.65E-03,4.801223242,0.3
-7.75E+01,1.91E+01,2.31E+01,1.27E-01,7.38E-01,-6.83E-02,-4.16E+01,-2.09E+02,5.53E+00,-1.94E+00,2.58E-01,-3.61E-03,4.801223242,0.3
-7.75E+01,1.91E+01,2.30E+01,1.27E-01,7.38E-01,-6.83E-02,-4.16E+01,-2.09E+02,5.53E+00,-1.94E+00,2.57E-01,-3.60E-03,4.801223242,0.3
-7.75E+01,1.91E+01,2.30E+01,1.27E-01,7.38E-01,-6.83E-02,-4.15E+01,-2.09E+02,5.56E+00,-1.94E+00,2.57E-01,-3.58E-03,4.801223242,0.3
-7.75E+01,1.91E+01,2.30E+01,1.27E-01,7.38E-01,-6.83E-02,-4.15E+01,-2.09E+02,5.60E+00,-1.94E+00,2.57E-01,-3.55E-03,4.801223242,0.300636943
-7.74E+01,1.91E+01,2.30E+01,1.27E-01,7.38E-01,-6.83E-02,-4.15E+01,-2.09E+02,5.66E+00,-1.94E+00,2.57E-01,-3.51E-03,4.81595092,0.300636943
-7.74E+01,1.91E+01,2.30E+01,1.27E-01,7.39E-01,-6.83E-02,-4.14E+01,-2.09E+02,5.74E+00,-1.94E+00,2.57E-01,-3.44E-03,4.81595092,0.300636943
-7.73E+01,1.91E+01,2.29E+01,1.27E-01,7.39E-01,-6.83E-02,-4.13E+01,-2.09E+02,5.82E+00,-1.94E+00,2.57E-01,-3.36E-03,4.81595092,0.301273885
-7.73E+01,1.91E+01,2.29E+01,1.27E-01,7.39E-01,-6.83E-02,-4.13E+01,-2.09E+02,5.91E+00,-1.94E+00,2.57E-01,-3.27E-03,4.830769231,0.301273885
-7.73E+01,1.91E+01,2.29E+01,1.27E-01,7.39E-01,-6.83E-02,-4.12E+01,-2.09E+02,5.99E+00,-1.94E+00,2.57E-01,-3.27E-03,4.830769231,0.301910828
-7.72E+01,1.91E+01,2.28E+01,1.27E-01,7.39E-01,-6.84E-02,-4.12E+01,-2.09E+02,6.06E+00,-1.94E+00,2.57E-01,-3.22E-03,4.845679012,0.301910828
-7.72E+01,1.91E+01,2.28E+01,1.27E-01,7.39E-01,-6.84E-02,-4.11E+01,-2.09E+02,6.11E+00,-1.94E+00,2.57E-01,-3.18E-03,4.845679012,0.301910828
-7.72E+01,1.91E+01,2.28E+01,1.27E-01,7.39E-01,-6.84E-02,-4.11E+01,-2.09E+02,6.16E+00,-1.94E+00,2.58E-01,-3.20E-03,4.845679012,0.301910828
-7.72E+01,1.92E+01,2.28E+01,1.27E-01,7.39E-01,-6.85E-02,-4.11E+01,-2.09E+02,6.19E+00,-1.94E+00,2.58E-01,-3.24E-03,4.845679012,0.301910828
-7.72E+01,1.92E+01,2.28E+01,1.27E-01,7.39E-01,-6.85E-02,-4.11E+01,-2.09E+02,6.20E+00,-1.94E+00,2.58E-01,-3.31E-03,4.845679012,0.301910828
-7.72E+01,1.92E+01,2.28E+01,1.27E-01,7.38E-01,-6.86E-02,-4.11E+01,-2.09E+02,6.21E+00,-1.94E+00,2.58E-01,-3.39E-03,4.845679012,0.301910828
-7.72E+01,1.92E+01,2.28E+01,1.27E-01,7.38E-01,-6.86E-02,-4.11E+01,-2.09E+02,6.19E+00,-1.94E+00,2.58E-01,-3.49E-03,4.845679012,0.301910828
-7.72E+01,1.92E+01,2.28E+01,1.27E-01,7.38E-01,-6.87E-02,-4.11E+01,-2.09E+02,6.14E+00,-1.94E+00,2.58E-01,-3.63E-03,4.845679012,0.301910828
-7.72E+01,1.92E+01,2.28E+01,1.27E-01,7.38E-01,-6.87E-02,-4.11E+01,-2.09E+02,6.07E+00,-1.94E+00,2.58E-01,-3.80E-03,4.845679012,0.301273885
-7.73E+01,1.92E+01,2.28E+01,1.27E-01,7.38E-01,-6.88E-02,-4.12E+01,-2.09E+02,5.99E+00,-1.94E+00,2.58E-01,-3.98E-03,4.845679012,0.301273885
-7.73E+01,1.91E+01,2.29E+01,1.27E-01,7.38E-01,-6.88E-02,-4.12E+01,-2.09E+02,5.90E+00,-1.94E+00,2.58E-01,-4.16E-03,4.845679012,0.301273885
-7.73E+01,1.91E+01,2.29E+01,1.27E-01,7.37E-01,-6.88E-02,-4.12E+01,-2.09E+02,5.81E+00,-1.94E+00,2.58E-01,-4.32E-03,4.830769231,0.301273885
-7.73E+01,1.91E+01,2.29E+01,1.27E-01,7.37E-01,-6.88E-02,-4.13E+01,-2.09E+02,5.72E+00,-1.94E+00,2.58E-01,-4.43E-03,4.830769231,0.301273885
-7.73E+01,1.91E+01,2.29E+01,1.27E-01,7.37E-01,-6.88E-02,-4.13E+01,-2.09E+02,5.64E+00,-1.94E+00,2.58E-01,-4.52E-03,4.830769231,0.301273885
-7.73E+01,1.91E+01,2.29E+01,1.27E-01,7.37E-01,-6.88E-02,-4.14E+01,-2.09E+02,5.56E+00,-1.94E+00,2.58E-01,-4.50E-03,4.81595092,0.301273885
-7.74E+01,1.91E+01,2.30E+01,1.26E-01,7.37E-01,-6.88E-02,-4.14E+01,-2.09E+02,5.50E+00,-1.94E+00,2.58E-01,-4.45E-03,4.81595092,0.301273885
-7.74E+01,1.91E+01,2.30E+01,1.26E-01,7.37E-01,-6.87E-02,-4.14E+01,-2.09E+02,5.44E+00,-1.94E+00,2.57E-01,-4.36E-03,4.81595092,0.301273885
-7.74E+01,1.91E+01,2.30E+01,1.26E-01,7.37E-01,-6.87E-02,-4.15E+01,-2.10E+02,5.40E+00,-1.94E+00,2.57E-01,-4.25E-03,4.81595092,0.301910828
-7.73E+01,1.91E+01,2.30E+01,1.26E-01,7.37E-01,-6.87E-02,-4.15E+01,-2.10E+02,5.37E+00,-1.94E+00,2.57E-01,-4.03E-03,4.831804281,0.3
-7.73E+01,1.91E+01,2.30E+01,1.26E-01,7.37E-01,-6.86E-02,-4.15E+01,-2.10E+02,5.35E+00,-1.94E+00,2.57E-01,-3.84E-03,4.831804281,0.3
-7.73E+01,1.91E+01,2.30E+01,1.26E-01,7.37E-01,-6.86E-02,-4.15E+01,-2.10E+02,5.35E+00,-1.94E+00,2.57E-01,-3.58E-03,4.831804281,0.300632911
-7.73E+01,1.91E+01,2.30E+01,1.26E-01,7.37E-01,-6.86E-02,-4.15E+01,-2.10E+02,5.37E+00,-1.94E+00,2.57E-01,-3.24E-03,4.831804281,0.300632911
-7.73E+01,1.91E+01,2.30E+01,1.26E-01,7.37E-01,-6.86E-02,-4.15E+01,-2.10E+02,5.40E+00,-1.94E+00,2.56E-01,-2.93E-03,4.831804281,0.300632911
-7.73E+01,1.92E+01,2.30E+01,1.26E-01,7.37E-01,-6.85E-02,-4.16E+01,-2.10E+02,5.45E+00,-1.94E+00,2.56E-01,-2.62E-03,4.831804281,0.300632911
-7.73E+01,1.92E+01,2.30E+01,1.26E-01,7.38E-01,-6.85E-02,-4.16E+01,-2.10E+02,5.51E+00,-1.94E+00,2.56E-01,-2.31E-03,4.831804281,0.300632911
-7.73E+01,1.92E+01,2.30E+01,1.26E-01,7.38E-01,-6.85E-02,-4.16E+01,-2.10E+02,5.58E+00,-1.94E+00,2.56E-01,-2.04E-03,4.831804281,0.300632911
-7.73E+01,1.92E+01,2.30E+01,1.26E-01,7.38E-01,-6.85E-02,-4.16E+01,-2.10E+02,5.64E+00,-1.94E+00,2.56E-01,-1.82E-03,4.831804281,0.300632911
-7.73E+01,1.92E+01,2.30E+01,1.26E-01,7.38E-01,-6.85E-02,-4.16E+01,-2.10E+02,5.71E+00,-1.94E+00,2.56E-01,-1.63E-03,4.831804281,0.300632911
-7.72E+01,1.93E+01,2.30E+01,1.26E-01,7.38E-01,-6.85E-02,-4.16E+01,-2.10E+02,5.76E+00,-1.94E+00,2.56E-01,-1.50E-03,4.831804281,0.300632911
-7.72E+01,1.93E+01,2.29E+01,1.27E-01,7.38E-01,-6.85E-02,-4.15E+01,-2.10E+02,5.81E+00,-1.94E+00,2.56E-01,-1.43E-03,4.801223242,0.302547771
-7.72E+01,1.93E+01,2.29E+01,1.27E-01,7.38E-01,-6.85E-02,-4.15E+01,-2.09E+02,5.85E+00,-1.94E+00,2.57E-01,-1.43E-03,4.801223242,0.301910828
-7.72E+01,1.93E+01,2.29E+01,1.27E-01,7.38E-01,-6.86E-02,-4.15E+01,-2.09E+02,5.89E+00,-1.94E+00,2.57E-01,-1.48E-03,4.801223242,0.301910828
-7.71E+01,1.93E+01,2.29E+01,1.27E-01,7.38E-01,-6.86E-02,-4.15E+01,-2.09E+02,5.92E+00,-1.94E+00,2.57E-01,-1.61E-03,4.81595092,0.301273885
-7.71E+01,1.92E+01,2.29E+01,1.27E-01,7.38E-01,-6.86E-02,-4.14E+01,-2.09E+02,5.94E+00,-1.94E+00,2.57E-01,-1.79E-03,4.81595092,0.301273885
-7.70E+01,1.92E+01,2.28E+01,1.27E-01,7.38E-01,-6.87E-02,-4.14E+01,-2.09E+02,5.94E+00,-1.94E+00,2.57E-01,-1.97E-03,4.81595092,0.300636943
-7.70E+01,1.92E+01,2.28E+01,1.27E-01,7.38E-01,-6.88E-02,-4.13E+01,-2.08E+02,5.93E+00,-1.95E+00,2.58E-01,-2.17E-03,4.8,0.302564103
-7.69E+01,1.92E+01,2.28E+01,1.27E-01,7.39E-01,-6.88E-02,-4.13E+01,-2.08E+02,5.90E+00,-1.95E+00,2.58E-01,-2.45E-03,4.8,0.301923077
-7.69E+01,1.91E+01,2.27E+01,1.27E-01,7.39E-01,-6.89E-02,-4.12E+01,-2.08E+02,5.87E+00,-1.95E+00,2.58E-01,-2.72E-03,4.8,0.301923077
-7.68E+01,1.91E+01,2.27E+01,1.27E-01,7.39E-01,-6.89E-02,-4.12E+01,-2.08E+02,5.83E+00,-1.95E+00,2.59E-01,-3.01E-03,4.814814815,0.301282051
-7.68E+01,1.90E+01,2.27E+01,1.28E-01,7.39E-01,-6.90E-02,-4.11E+01,-2.07E+02,5.79E+00,-1.95E+00,2.59E-01,-3.28E-03,4.814814815,0.301282051
-7.67E+01,1.90E+01,2.26E+01,1.28E-01,7.39E-01,-6.91E-02,-4.10E+01,-2.07E+02,5.74E+00,-1.95E+00,2.59E-01,-3.50E-03,4.829721362,0.301282051
-7.67E+01,1.90E+01,2.26E+01,1.28E-01,7.39E-01,-6.92E-02,-4.10E+01,-2.07E+02,5.69E+00,-1.95E+00,2.59E-01,-3.71E-03,4.829721362,0.300641026
-7.67E+01,1.89E+01,2.26E+01,1.28E-01,7.39E-01,-6.92E-02,-4.09E+01,-2.07E+02,5.65E+00,-1.95E+00,2.60E-01,-3.96E-03,4.829721362,0.300641026
-7.67E+01,1.89E+01,2.26E+01,1.28E-01,7.39E-01,-6.93E-02,-4.09E+01,-2.07E+02,5.61E+00,-1.95E+00,2.60E-01,-4.18E-03,4.813664596,0.303225806
-7.67E+01,1.89E+01,2.26E+01,1.28E-01,7.39E-01,-6.93E-02,-4.09E+01,-2.07E+02,5.58E+00,-1.95E+00,2.60E-01,-4.37E-03,4.813664596,0.303225806
-7.67E+01,1.88E+01,2.26E+01,1.28E-01,7.39E-01,-6.93E-02,-4.08E+01,-2.07E+02,5.55E+00,-1.95E+00,2.60E-01,-4.52E-03,4.844720497,0.301282051
-7.67E+01,1.88E+01,2.26E+01,1.28E-01,7.40E-01,-6.94E-02,-4.08E+01,-2.07E+02,5.53E+00,-1.95E+00,2.60E-01,-4.64E-03,4.844720497,0.301282051
-7.67E+01,1.88E+01,2.26E+01,1.28E-01,7.40E-01,-6.94E-02,-4.08E+01,-2.07E+02,5.52E+00,-1.95E+00,2.60E-01,-4.71E-03,4.844720497,0.301923077
-7.67E+01,1.88E+01,2.26E+01,1.28E-01,7.40E-01,-6.93E-02,-4.08E+01,-2.07E+02,5.54E+00,-1.95E+00,2.60E-01,-4.73E-03,4.844720497,0.301923077
-7.68E+01,1.88E+01,2.26E+01,1.28E-01,7.40E-01,-6.93E-02,-4.08E+01,-2.08E+02,5.56E+00,-1.95E+00,2.60E-01,-4.72E-03,4.844720497,0.302564103
-7.68E+01,1.89E+01,2.26E+01,1.28E-01,7.40E-01,-6.92E-02,-4.09E+01,-2.08E+02,5.60E+00,-1.95E+00,2.60E-01,-4.64E-03,4.844720497,0.302564103
-7.69E+01,1.89E+01,2.27E+01,1.28E-01,7.40E-01,-6.92E-02,-4.09E+01,-2.08E+02,5.65E+00,-1.95E+00,2.60E-01,-4.53E-03,4.844720497,0.303205128
-7.69E+01,1.89E+01,2.27E+01,1.28E-01,7.40E-01,-6.91E-02,-4.09E+01,-2.08E+02,5.71E+00,-1.95E+00,2.60E-01,-4.38E-03,4.844720497,0.303205128
-7.70E+01,1.90E+01,2.27E+01,1.28E-01,7.39E-01,-6.90E-02,-4.09E+01,-2.08E+02,5.76E+00,-1.95E+00,2.60E-01,-4.20E-03,4.860681115,0.301910828
-7.70E+01,1.90E+01,2.27E+01,1.28E-01,7.39E-01,-6.89E-02,-4.10E+01,-2.09E+02,5.81E+00,-1.95E+00,2.60E-01,-3.99E-03,4.860681115,0.301910828
-7.70E+01,1.90E+01,2.27E+01,1.28E-01,7.39E-01,-6.89E-02,-4.10E+01,-2.09E+02,5.86E+00,-1.95E+00,2.59E-01,-3.77E-03,4.860681115,0.301910828
-7.71E+01,1.91E+01,2.28E+01,1.28E-01,7.39E-01,-6.88E-02,-4.10E+01,-2.09E+02,5.91E+00,-1.95E+00,2.59E-01,-3.54E-03,4.860681115,0.301910828
-7.71E+01,1.91E+01,2.28E+01,1.28E-01,7.39E-01,-6.87E-02,-4.10E+01,-2.09E+02,5.96E+00,-1.95E+00,2.59E-01,-3.31E-03,4.860681115,0.301910828
-7.71E+01,1.91E+01,2.28E+01,1.28E-01,7.39E-01,-6.87E-02,-4.10E+01,-2.09E+02,5.99E+00,-1.95E+00,2.59E-01,-3.09E-03,4.860681115,0.301910828
-7.71E+01,1.91E+01,2.28E+01,1.28E-01,7.39E-01,-6.87E-02,-4.10E+01,-2.09E+02,6.00E+00,-1.94E+00,2.59E-01,-2.88E-03,4.860681115,0.301910828
-7.71E+01,1.91E+01,2.28E+01,1.27E-01,7.38E-01,-6.86E-02,-4.11E+01,-2.09E+02,6.00E+00,-1.94E+00,2.59E-01,-2.71E-03,4.860681115,0.301910828
-7.72E+01,1.91E+01,2.28E+01,1.27E-01,7.38E-01,-6.86E-02,-4.11E+01,-2.09E+02,5.99E+00,-1.94E+00,2.58E-01,-2.56E-03,4.845679012,0.301910828
-7.72E+01,1.91E+01,2.28E+01,1.27E-01,7.38E-01,-6.86E-02,-4.11E+01,-2.09E+02,5.97E+00,-1.94E+00,2.58E-01,-2.45E-03,4.845679012,0.301910828
-7.72E+01,1.91E+01,2.28E+01,1.27E-01,7.38E-01,-6.86E-02,-4.12E+01,-2.09E+02,5.93E+00,-1.94E+00,2.58E-01,-2.35E-03,4.845679012,0.301910828
-7.73E+01,1.91E+01,2.28E+01,1.27E-01,7.38E-01,-6.86E-02,-4.12E+01,-2.09E+02,5.88E+00,-1.94E+00,2.58E-01,-2.24E-03,4.830769231,0.301910828
-7.73E+01,1.91E+01,2.29E+01,1.27E-01,7.38E-01,-6.87E-02,-4.13E+01,-2.09E+02,5.83E+00,-1.94E+00,2.58E-01,-2.16E-03,4.830769231,0.301910828
-7.73E+01,1.91E+01,2.29E+01,1.27E-01,7.38E-01,-6.87E-02,-4.13E+01,-2.09E+02,5.77E+00,-1.94E+00,2.58E-01,-2.09E-03,4.830769231,0.302547771
-7.74E+01,1.91E+01,2.29E+01,1.27E-01,7.37E-01,-6.87E-02,-4.14E+01,-2.10E+02,5.72E+00,-1.94E+00,2.58E-01,-1.99E-03,4.846625767,0.300632911
-7.74E+01,1.91E+01,2.30E+01,1.27E-01,7.37E-01,-6.87E-02,-4.14E+01,-2.10E+02,5.67E+00,-1.94E+00,2.58E-01,-1.93E-03,4.846625767,0.301265823
-7.75E+01,1.91E+01,2.30E+01,1.27E-01,7.37E-01,-6.86E-02,-4.15E+01,-2.10E+02,5.63E+00,-1.94E+00,2.57E-01,-1.85E-03,4.846625767,0.301265823
-7.75E+01,1.91E+01,2.30E+01,1.27E-01,7.37E-01,-6.86E-02,-4.15E+01,-2.10E+02,5.59E+00,-1.94E+00,2.57E-01,-1.80E-03,4.831804281,0.301898734
-7.76E+01,1.91E+01,2.30E+01,1.27E-01,7.37E-01,-6.86E-02,-4.15E+01,-2.11E+02,5.55E+00,-1.94E+00,2.57E-01,-1.80E-03,4.831804281,0.302531646
-7.76E+01,1.91E+01,2.30E+01,1.27E-01,7.37E-01,-6.86E-02,-4.16E+01,-2.11E+02,5.53E+00,-1.94E+00,2.56E-01,-1.83E-03,4.831804281,0.302531646
-7.76E+01,1.91E+01,2.30E+01,1.26E-01,7.37E-01,-6.85E-02,-4.16E+01,-2.11E+02,5.53E+00,-1.94E+00,2.56E-01,-1.86E-03,4.831804281,0.302531646
-7.76E+01,1.91E+01,2.30E+01,1.26E-01,7.37E-01,-6.85E-02,-4.16E+01,-2.11E+02,5.55E+00,-1.94E+00,2.56E-01,-1.88E-03,4.831804281,0.302531646
-7.76E+01,1.91E+01,2.30E+01,1.26E-01,7.37E-01,-6.84E-02,-4.16E+01,-2.11E+02,5.59E+00,-1.94E+00,2.56E-01,-1.90E-03,4.831804281,0.302531646
-7.76E+01,1.92E+01,2.30E+01,1.26E-01,7.37E-01,-6.84E-02,-4.15E+01,-2.11E+02,5.65E+00,-1.94E+00,2.55E-01,-1.90E-03,4.831804281,0.302531646
-7.75E+01,1.92E+01,2.30E+01,1.26E-01,7.37E-01,-6.84E-02,-4.15E+01,-2.11E+02,5.71E+00,-1.94E+00,2.55E-01,-1.95E-03,4.831804281,0.302531646
-7.75E+01,1.92E+01,2.29E+01,1.26E-01,7.37E-01,-6.83E-02,-4.15E+01,-2.11E+02,5.77E+00,-1.94E+00,2.55E-01,-1.97E-03,4.831804281,0.302531646
-7.75E+01,1.92E+01,2.29E+01,1.26E-01,7.37E-01,-6.83E-02,-4.14E+01,-2.10E+02,5.83E+00,-1.94E+00,2.55E-01,-2.03E-03,4.846625767,0.302531646
-7.74E+01,1.92E+01,2.29E+01,1.26E-01,7.38E-01,-6.83E-02,-4.14E+01,-2.10E+02,5.88E+00,-1.94E+00,2.55E-01,-2.07E-03,4.846625767,0.301898734
-7.74E+01,1.92E+01,2.29E+01,1.26E-01,7.38E-01,-6.83E-02,-4.13E+01,-2.10E+02,5.92E+00,-1.94E+00,2.55E-01,-2.10E-03,4.846625767,0.301898734
-7.74E+01,1.92E+01,2.28E+01,1.26E-01,7.38E-01,-6.83E-02,-4.13E+01,-2.10E+02,5.96E+00,-1.94E+00,2.55E-01,-2.13E-03,4.861538462,0.301898734
-7.73E+01,1.93E+01,2.28E+01,1.26E-01,7.38E-01,-6.83E-02,-4.13E+01,-2.10E+02,5.98E+00,-1.95E+00,2.55E-01,-2.15E-03,4.861538462,0.301898734
-7.73E+01,1.93E+01,2.28E+01,1.26E-01,7.38E-01,-6.84E-02,-4.12E+01,-2.10E+02,6.00E+00,-1.95E+00,2.55E-01,-2.16E-03,4.861538462,0.301898734
-7.73E+01,1.92E+01,2.28E+01,1.26E-01,7.38E-01,-6.84E-02,-4.12E+01,-2.10E+02,5.99E+00,-1.95E+00,2.55E-01,-2.16E-03,4.861538462,0.301898734
-7.73E+01,1.92E+01,2.28E+01,1.26E-01,7.38E-01,-6.85E-02,-4.12E+01,-2.10E+02,5.97E+00,-1.95E+00,2.56E-01,-2.16E-03,4.87654321,0.301898734
-7.73E+01,1.92E+01,2.28E+01,1.26E-01,7.38E-01,-6.85E-02,-4.12E+01,-2.10E+02,5.93E+00,-1.95E+00,2.56E-01,-2.13E-03,4.87654321,0.301898734
-7.73E+01,1.92E+01,2.28E+01,1.26E-01,7.38E-01,-6.86E-02,-4.12E+01,-2.10E+02,5.88E+00,-1.95E+00,2.56E-01,-2.11E-03,4.87654321,0.302531646
-7.73E+01,1.92E+01,2.28E+01,1.26E-01,7.39E-01,-6.87E-02,-4.12E+01,-2.10E+02,5.82E+00,-1.95E+00,2.56E-01,-2.07E-03,4.87654321,0.302531646
-7.73E+01,1.91E+01,2.28E+01,1.26E-01,7.39E-01,-6.87E-02,-4.12E+01,-2.10E+02,5.75E+00,-1.95E+00,2.56E-01,-1.99E-03,4.87654321,0.302531646
-7.74E+01,1.91E+01,2.28E+01,1.26E-01,7.39E-01,-6.88E-02,-4.11E+01,-2.10E+02,5.67E+00,-1.95E+00,2.56E-01,-1.91E-03,4.87654321,0.302531646
-7.74E+01,1.90E+01,2.28E+01,1.26E-01,7.39E-01,-6.88E-02,-4.11E+01,-2.10E+02,5.60E+00,-1.95E+00,2.56E-01,-1.81E-03,4.87654321,0.303164557
-7.74E+01,1.90E+01,2.28E+01,1.26E-01,7.39E-01,-6.89E-02,-4.11E+01,-2.10E+02,5.53E+00,-1.95E+00,2.56E-01,-1.69E-03,4.87654321,0.303164557
-7.74E+01,1.90E+01,2.28E+01,1.26E-01,7.39E-01,-6.89E-02,-4.11E+01,-2.10E+02,5.48E+00,-1.95E+00,2.56E-01,-1.57E-03,4.87654321,0.303164557
-7.74E+01,1.90E+01,2.28E+01,1.26E-01,7.39E-01,-6.89E-02,-4.11E+01,-2.11E+02,5.44E+00,-1.95E+00,2.56E-01,-1.47E-03,4.87654321,0.303797468
-7.74E+01,1.89E+01,2.28E+01,1.26E-01,7.39E-01,-6.89E-02,-4.11E+01,-2.11E+02,5.41E+00,-1.95E+00,2.56E-01,-1.38E-03,4.87654321,0.303797468
-7.74E+01,1.89E+01,2.28E+01,1.26E-01,7.39E-01,-6.89E-02,-4.11E+01,-2.11E+02,5.40E+00,-1.95E+00,2.56E-01,-1.27E-03,4.87654321,0.303797468
-7.74E+01,1.89E+01,2.28E+01,1.26E-01,7.39E-01,-6.89E-02,-4.11E+01,-2.11E+02,5.40E+00,-1.95E+00,2.56E-01,-1.18E-03,4.87654321,0.303797468
-7.74E+01,1.89E+01,2.28E+01,1.26E-01,7.39E-01,-6.89E-02,-4.11E+01,-2.11E+02,5.42E+00,-1.95E+00,2.56E-01,-1.07E-03,4.87654321,0.30443038
-7.74E+01,1.89E+01,2.28E+01,1.26E-01,7.39E-01,-6.88E-02,-4.11E+01,-2.11E+02,5.46E+00,-1.95E+00,2.56E-01,-1.01E-03,4.87654321,0.30443038
-7.73E+01,1.89E+01,2.28E+01,1.26E-01,7.39E-01,-6.88E-02,-4.11E+01,-2.11E+02,5.52E+00,-1.95E+00,2.56E-01,-9.45E-04,4.87654321,0.30443038
-7.73E+01,1.90E+01,2.28E+01,1.26E-01,7.39E-01,-6.88E-02,-4.11E+01,-2.11E+02,5.59E+00,-1.95E+00,2.56E-01,-8.70E-04,4.87654321,0.30443038
-7.73E+01,1.90E+01,2.28E+01,1.26E-01,7.39E-01,-6.87E-02,-4.11E+01,-2.11E+02,5.67E+00,-1.95E+00,2.56E-01,-8.46E-04,4.87654321,0.303797468
-7.73E+01,1.90E+01,2.28E+01,1.27E-01,7.39E-01,-6.87E-02,-4.11E+01,-2.11E+02,5.74E+00,-1.95E+00,2.56E-01,-8.48E-04,4.87654321,0.303797468
-7.72E+01,1.90E+01,2.28E+01,1.27E-01,7.39E-01,-6.87E-02,-4.11E+01,-2.10E+02,5.81E+00,-1.95E+00,2.56E-01,-8.94E-04,4.87654321,0.303797468
-7.72E+01,1.91E+01,2.28E+01,1.27E-01,7.39E-01,-6.87E-02,-4.11E+01,-2.10E+02,5.88E+00,-1.95E+00,2.56E-01,-9.85E-04,4.87654321,0.303164557
-7.72E+01,1.91E+01,2.28E+01,1.27E-01,7.39E-01,-6.87E-02,-4.11E+01,-2.10E+02,5.94E+00,-1.95E+00,2.56E-01,-1.05E-03,4.87654321,0.303164557
-7.72E+01,1.91E+01,2.28E+01,1.27E-01,7.39E-01,-6.87E-02,-4.11E+01,-2.10E+02,5.99E+00,-1.95E+00,2.56E-01,-1.16E-03,4.87654321,0.303164557
-7.72E+01,1.91E+01,2.28E+01,1.27E-01,7.39E-01,-6.87E-02,-4.11E+01,-2.10E+02,6.03E+00,-1.95E+00,2.56E-01,-1.31E-03,4.891640867,0.302531646
-7.72E+01,1.91E+01,2.28E+01,1.27E-01,7.39E-01,-6.87E-02,-4.11E+01,-2.10E+02,6.04E+00,-1.95E+00,2.57E-01,-1.41E-03,4.891640867,0.302531646
-7.72E+01,1.91E+01,2.28E+01,1.27E-01,7.39E-01,-6.87E-02,-4.11E+01,-2.10E+02,6.04E+00,-1.95E+00,2.57E-01,-1.55E-03,4.845679012,0.303821656
-7.72E+01,1.91E+01,2.28E+01,1.27E-01,7.39E-01,-6.88E-02,-4.11E+01,-2.09E+02,6.01E+00,-1.95E+00,2.57E-01,-1.71E-03,4.845679012,0.303821656
-7.72E+01,1.91E+01,2.28E+01,1.27E-01,7.39E-01,-6.88E-02,-4.11E+01,-2.09E+02,5.97E+00,-1.95E+00,2.57E-01,-1.87E-03,4.845679012,0.303184713
-7.72E+01,1.91E+01,2.28E+01,1.27E-01,7.39E-01,-6.88E-02,-4.11E+01,-2.09E+02,5.92E+00,-1.95E+00,2.57E-01,-2.02E-03,4.845679012,0.303184713
-7.72E+01,1.91E+01,2.28E+01,1.27E-01,7.39E-01,-6.88E-02,-4.11E+01,-2.09E+02,5.85E+00,-1.95E+00,2.57E-01,-2.21E-03,4.845679012,0.302547771
-7.73E+01,1.91E+01,2.28E+01,1.27E-01,7.38E-01,-6.88E-02,-4.12E+01,-2.09E+02,5.77E+00,-1.95E+00,2.57E-01,-2.37E-03,4.845679012,0.302547771
-7.73E+01,1.91E+01,2.28E+01,1.27E-01,7.38E-01,-6.88E-02,-4.12E+01,-2.09E+02,5.68E+00,-1.95E+00,2.57E-01,-2.53E-03,4.830769231,0.302547771
-7.73E+01,1.91E+01,2.28E+01,1.27E-01,7.38E-01,-6.88E-02,-4.12E+01,-2.09E+02,5.59E+00,-1.95E+00,2.56E-01,-2.68E-03,4.830769231,0.302547771
-7.73E+01,1.91E+01,2.29E+01,1.27E-01,7.38E-01,-6.88E-02,-4.13E+01,-2.10E+02,5.52E+00,-1.95E+00,2.56E-01,-2.84E-03,4.830769231,0.303184713
-7.74E+01,1.91E+01,2.29E+01,1.27E-01,7.38E-01,-6.88E-02,-4.13E+01,-2.10E+02,5.46E+00,-1.95E+00,2.56E-01,-2.95E-03,4.861538462,0.301265823
-7.74E+01,1.91E+01,2.29E+01,1.27E-01,7.38E-01,-6.87E-02,-4.13E+01,-2.10E+02,5.40E+00,-1.95E+00,2.56E-01,-3.02E-03,4.846625767,0.301898734
-7.74E+01,1.91E+01,2.29E+01,1.27E-01,7.37E-01,-6.87E-02,-4.14E+01,-2.10E+02,5.35E+00,-1.95E+00,2.56E-01,-3.05E-03,4.846625767,0.301898734
-7.75E+01,1.90E+01,2.29E+01,1.26E-01,7.37E-01,-6.86E-02,-4.14E+01,-2.11E+02,5.32E+00,-1.95E+00,2.56E-01,-3.02E-03,4.846625767,0.302531646
-7.75E+01,1.91E+01,2.29E+01,1.26E-01,7.37E-01,-6.85E-02,-4.14E+01,-2.11E+02,5.31E+00,-1.94E+00,2.55E-01,-2.93E-03,4.846625767,0.303164557
-7.75E+01,1.91E+01,2.29E+01,1.26E-01,7.37E-01,-6.85E-02,-4.14E+01,-2.11E+02,5.32E+00,-1.94E+00,2.55E-01,-2.81E-03,4.877300613,0.301886792
-7.75E+01,1.91E+01,2.29E+01,1.26E-01,7.37E-01,-6.84E-02,-4.14E+01,-2.11E+02,5.36E+00,-1.94E+00,2.55E-01,-2.62E-03,4.877300613,0.302515723
-7.75E+01,1.91E+01,2.29E+01,1.26E-01,7.37E-01,-6.84E-02,-4.14E+01,-2.12E+02,5.42E+00,-1.94E+00,2.55E-01,-2.39E-03,4.877300613,0.303144654
-7.75E+01,1.91E+01,2.29E+01,1.26E-01,7.37E-01,-6.83E-02,-4.14E+01,-2.12E+02,5.49E+00,-1.94E+00,2.54E-01,-2.13E-03,4.877300613,0.303773585
-7.75E+01,1.91E+01,2.29E+01,1.26E-01,7.37E-01,-6.83E-02,-4.13E+01,-2.12E+02,5.57E+00,-1.94E+00,2.54E-01,-1.86E-03,4.877300613,0.303773585
-7.75E+01,1.91E+01,2.29E+01,1.26E-01,7.37E-01,-6.83E-02,-4.13E+01,-2.12E+02,5.65E+00,-1.94E+00,2.54E-01,-1.58E-03,4.892307692,0.304402516
-7.75E+01,1.91E+01,2.28E+01,1.26E-01,7.37E-01,-6.82E-02,-4.12E+01,-2.12E+02,5.73E+00,-1.94E+00,2.54E-01,-1.31E-03,4.892307692,0.304402516
-7.75E+01,1.92E+01,2.28E+01,1.26E-01,7.37E-01,-6.82E-02,-4.12E+01,-2.12E+02,5.80E+00,-1.94E+00,2.54E-01,-1.08E-03,4.907407407,0.304402516
-7.75E+01,1.92E+01,2.28E+01,1.26E-01,7.37E-01,-6.83E-02,-4.11E+01,-2.11E+02,5.87E+00,-1.94E+00,2.54E-01,-8.57E-04,4.907407407,0.303773585
-7.75E+01,1.92E+01,2.28E+01,1.26E-01,7.37E-01,-6.83E-02,-4.11E+01,-2.11E+02,5.93E+00,-1.94E+00,2.54E-01,-6.61E-04,4.907407407,0.303773585
-7.75E+01,1.92E+01,2.27E+01,1.26E-01,7.37E-01,-6.84E-02,-4.10E+01,-2.11E+02,5.97E+00,-1.94E+00,2.54E-01,-5.02E-04,4.922600619,0.303773585
-7.75E+01,1.92E+01,2.27E+01,1.26E-01,7.37E-01,-6.84E-02,-4.10E+01,-2.11E+02,6.00E+00,-1.94E+00,2.55E-01,-3.59E-04,4.922600619,0.303773585
-7.75E+01,1.91E+01,2.27E+01,1.26E-01,7.37E-01,-6.85E-02,-4.09E+01,-2.11E+02,6.02E+00,-1.94E+00,2.55E-01,-2.51E-04,4.922600619,0.303773585
-7.75E+01,1.91E+01,2.27E+01,1.26E-01,7.37E-01,-6.86E-02,-4.09E+01,-2.11E+02,6.02E+00,-1.94E+00,2.55E-01,-1.33E-04,4.937888199,0.303773585
-7.75E+01,1.91E+01,2.27E+01,1.26E-01,7.37E-01,-6.86E-02,-4.09E+01,-2.11E+02,6.00E+00,-1.94E+00,2.55E-01,-5.29E-05,4.937888199,0.304402516
-7.76E+01,1.91E+01,2.28E+01,1.26E-01,7.37E-01,-6.87E-02,-4.09E+01,-2.11E+02,5.98E+00,-1.94E+00,2.55E-01,-1.72E-05,4.937888199,0.304402516
-7.76E+01,1.91E+01,2.28E+01,1.26E-01,7.37E-01,-6.88E-02,-4.09E+01,-2.12E+02,5.94E+00,-1.94E+00,2.55E-01,4.05E-05,4.922600619,0.304402516
-7.76E+01,1.91E+01,2.28E+01,1.26E-01,7.37E-01,-6.88E-02,-4.10E+01,-2.12E+02,5.89E+00,-1.94E+00,2.55E-01,1.08E-04,4.922600619,0.304402516
-7.76E+01,1.91E+01,2.28E+01,1.26E-01,7.37E-01,-6.88E-02,-4.10E+01,-2.12E+02,5.85E+00,-1.94E+00,2.55E-01,1.74E-04,4.922600619,0.304402516
-7.76E+01,1.90E+01,2.28E+01,1.26E-01,7.37E-01,-6.88E-02,-4.10E+01,-2.12E+02,5.81E+00,-1.94E+00,2.55E-01,2.44E-04,4.922600619,0.305031447
-7.76E+01,1.90E+01,2.28E+01,1.26E-01,7.37E-01,-6.88E-02,-4.10E+01,-2.12E+02,5.76E+00,-1.94E+00,2.55E-01,2.98E-04,4.922600619,0.305031447
-7.76E+01,1.90E+01,2.28E+01,1.26E-01,7.37E-01,-6.88E-02,-4.11E+01,-2.12E+02,5.72E+00,-1.94E+00,2.55E-01,3.71E-04,4.922600619,0.305031447
-7.76E+01,1.90E+01,2.28E+01,1.26E-01,7.37E-01,-6.88E-02,-4.11E+01,-2.12E+02,5.68E+00,-1.94E+00,2.55E-01,3.99E-04,4.922600619,0.305031447
-7.76E+01,1.90E+01,2.28E+01,1.26E-01,7.37E-01,-6.87E-02,-4.11E+01,-2.12E+02,5.65E+00,-1.94E+00,2.54E-01,4.38E-04,4.907407407,0.305031447
-7.75E+01,1.90E+01,2.28E+01,1.26E-01,7.37E-01,-6.87E-02,-4.11E+01,-2.12E+02,5.62E+00,-1.94E+00,2.54E-01,4.13E-04,4.907407407,0.304402516
-7.75E+01,1.90E+01,2.28E+01,1.26E-01,7.37E-01,-6.86E-02,-4.11E+01,-2.12E+02,5.60E+00,-1.94E+00,2.54E-01,4.14E-04,4.907407407,0.304402516
-7.75E+01,1.90E+01,2.28E+01,1.26E-01,7.37E-01,-6.86E-02,-4.11E+01,-2.12E+02,5.60E+00,-1.94E+00,2.53E-01,3.63E-04,4.907407407,0.304402516
-7.74E+01,1.90E+01,2.28E+01,1.26E-01,7.37E-01,-6.85E-02,-4.11E+01,-2.11E+02,5.62E+00,-1.94E+00,2.53E-01,3.32E-04,4.907407407,0.303773585
-7.74E+01,1.90E+01,2.28E+01,1.26E-01,7.37E-01,-6.84E-02,-4.11E+01,-2.11E+02,5.65E+00,-1.94E+00,2.53E-01,2.49E-04,4.907407407,0.303773585
-7.73E+01,1.90E+01,2.28E+01,1.26E-01,7.37E-01,-6.84E-02,-4.11E+01,-2.11E+02,5.69E+00,-1.94E+00,2.53E-01,2.19E-04,4.922600619,0.303773585
-7.73E+01,1.91E+01,2.28E+01,1.26E-01,7.37E-01,-6.83E-02,-4.11E+01,-2.11E+02,5.74E+00,-1.94E+00,2.53E-01,1.54E-04,4.922600619,0.303144654
-7.73E+01,1.91E+01,2.28E+01,1.26E-01,7.37E-01,-6.83E-02,-4.11E+01,-2.11E+02,5.78E+00,-1.94E+00,2.52E-01,6.67E-05,4.907407407,0.303144654
-7.73E+01,1.91E+01,2.28E+01,1.26E-01,7.37E-01,-6.82E-02,-4.11E+01,-2.11E+02,5.82E+00,-1.94E+00,2.52E-01,-1.62E-05,4.87654321,0.305063291
-7.73E+01,1.92E+01,2.28E+01,1.26E-01,7.36E-01,-6.82E-02,-4.11E+01,-2.11E+02,5.86E+00,-1.94E+00,2.52E-01,-9.81E-05,4.87654321,0.305063291
-7.73E+01,1.92E+01,2.28E+01,1.25E-01,7.36E-01,-6.82E-02,-4.11E+01,-2.11E+02,5.90E+00,-1.94E+00,2.52E-01,-2.14E-04,4.87654321,0.305063291
-7.73E+01,1.92E+01,2.28E+01,1.25E-01,7.36E-01,-6.82E-02,-4.11E+01,-2.11E+02,5.94E+00,-1.94E+00,2.52E-01,-3.17E-04,4.907407407,0.303144654
-7.73E+01,1.92E+01,2.28E+01,1.25E-01,7.36E-01,-6.81E-02,-4.12E+01,-2.11E+02,5.96E+00,-1.94E+00,2.52E-01,-4.10E-04,4.907407407,0.303144654
-7.73E+01,1.92E+01,2.28E+01,1.25E-01,7.36E-01,-6.81E-02,-4.12E+01,-2.11E+02,5.96E+00,-1.94E+00,2.52E-01,-4.95E-04,4.907407407,0.303144654
-7.74E+01,1.92E+01,2.28E+01,1.25E-01,7.36E-01,-6.81E-02,-4.12E+01,-2.11E+02,5.94E+00,-1.94E+00,2.52E-01,-5.79E-04,4.892307692,0.303144654
-7.74E+01,1.92E+01,2.29E+01,1.25E-01,7.36E-01,-6.82E-02,-4.12E+01,-2.11E+02,5.90E+00,-1.94E+00,2.52E-01,-6.37E-04,4.892307692,0.303773585
-7.74E+01,1.92E+01,2.29E+01,1.25E-01,7.36E-01,-6.82E-02,-4.13E+01,-2.12E+02,5.85E+00,-1.94E+00,2.52E-01,-6.76E-04,4.892307692,0.303773585
-7.74E+01,1.92E+01,2.29E+01,1.25E-01,7.36E-01,-6.82E-02,-4.13E+01,-2.12E+02,5.79E+00,-1.94E+00,2.52E-01,-6.94E-04,4.892307692,0.303773585
-7.74E+01,1.92E+01,2.29E+01,1.25E-01,7.36E-01,-6.82E-02,-4.13E+01,-2.12E+02,5.71E+00,-1.94E+00,2.52E-01,-6.68E-04,4.892307692,0.303773585
-7.74E+01,1.91E+01,2.29E+01,1.25E-01,7.36E-01,-6.82E-02,-4.13E+01,-2.12E+02,5.62E+00,-1.94E+00,2.52E-01,-6.16E-04,4.892307692,0.303773585
-7.74E+01,1.91E+01,2.29E+01,1.25E-01,7.36E-01,-6.82E-02,-4.13E+01,-2.12E+02,5.53E+00,-1.94E+00,2.52E-01,-5.55E-04,4.892307692,0.303773585
-7.74E+01,1.91E+01,2.29E+01,1.25E-01,7.36E-01,-6.82E-02,-4.13E+01,-2.12E+02,5.45E+00,-1.94E+00,2.52E-01,-4.13E-04,4.892307692,0.303773585
-7.74E+01,1.90E+01,2.29E+01,1.25E-01,7.36E-01,-6.83E-02,-4.13E+01,-2.12E+02,5.38E+00,-1.94E+00,2.51E-01,-3.76E-04,4.892307692,0.303773585
-7.74E+01,1.90E+01,2.29E+01,1.25E-01,7.36E-01,-6.83E-02,-4.12E+01,-2.12E+02,5.32E+00,-1.94E+00,2.51E-01,-2.91E-04,4.892307692,0.304402516
-7.74E+01,1.90E+01,2.28E+01,1.25E-01,7.36E-01,-6.83E-02,-4.12E+01,-2.12E+02,5.27E+00,-1.94E+00,2.51E-01,-2.00E-04,4.892307692,0.304402516
-7.73E+01,1.89E+01,2.28E+01,1.25E-01,7.36E-01,-6.83E-02,-4.12E+01,-2.12E+02,5.23E+00,-1.94E+00,2.51E-01,-1.04E-04,4.907407407,0.304402516
-7.73E+01,1.89E+01,2.28E+01,1.25E-01,7.36E-01,-6.83E-02,-4.11E+01,-2.12E+02,5.21E+00,-1.94E+00,2.51E-01,-2.01E-05,4.907407407,0.304402516
-7.73E+01,1.89E+01,2.28E+01,1.25E-01,7.37E-01,-6.84E-02,-4.11E+01,-2.12E+02,5.21E+00,-1.94E+00,2.51E-01,6.22E-05,4.907407407,0.304402516
-7.73E+01,1.89E+01,2.28E+01,1.25E-01,7.37E-01,-6.84E-02,-4.10E+01,-2.11E+02,5.23E+00,-1.94E+00,2.51E-01,1.38E-04,4.922600619,0.304402516
-7.73E+01,1.89E+01,2.28E+01,1.25E-01,7.37E-01,-6.84E-02,-4.10E+01,-2.11E+02,5.28E+00,-1.94E+00,2.51E-01,2.18E-04,4.922600619,0.304402516
-7.73E+01,1.89E+01,2.27E+01,1.25E-01,7.37E-01,-6.84E-02,-4.10E+01,-2.11E+02,5.34E+00,-1.94E+00,2.51E-01,2.85E-04,4.922600619,0.304402516
-7.72E+01,1.89E+01,2.27E+01,1.25E-01,7.37E-01,-6.83E-02,-4.09E+01,-2.11E+02,5.42E+00,-1.94E+00,2.51E-01,3.51E-04,4.922600619,0.304402516
-7.72E+01,1.89E+01,2.27E+01,1.25E-01,7.37E-01,-6.83E-02,-4.09E+01,-2.11E+02,5.50E+00,-1.94E+00,2.51E-01,4.13E-04,4.937888199,0.304402516
-7.72E+01,1.90E+01,2.27E+01,1.25E-01,7.37E-01,-6.83E-02,-4.09E+01,-2.11E+02,5.58E+00,-1.94E+00,2.51E-01,4.61E-04,4.937888199,0.304402516
-7.72E+01,1.90E+01,2.27E+01,1.25E-01,7.37E-01,-6.83E-02,-4.09E+01,-2.11E+02,5.66E+00,-1.94E+00,2.51E-01,4.96E-04,4.937888199,0.304402516
-7.72E+01,1.90E+01,2.27E+01,1.25E-01,7.37E-01,-6.82E-02,-4.08E+01,-2.11E+02,5.73E+00,-1.94E+00,2.51E-01,4.95E-04,4.937888199,0.304402516
-7.73E+01,1.90E+01,2.27E+01,1.25E-01,7.37E-01,-6.82E-02,-4.08E+01,-2.11E+02,5.79E+00,-1.94E+00,2.51E-01,4.67E-04,4.937888199,0.304402516
-7.73E+01,1.90E+01,2.27E+01,1.25E-01,7.37E-01,-6.82E-02,-4.08E+01,-2.11E+02,5.85E+00,-1.94E+00,2.51E-01,4.10E-04,4.937888199,0.304402516
-7.73E+01,1.91E+01,2.27E+01,1.25E-01,7.36E-01,-6.82E-02,-4.08E+01,-2.11E+02,5.88E+00,-1.94E+00,2.51E-01,3.61E-04,4.937888199,0.305031447
-7.73E+01,1.91E+01,2.27E+01,1.25E-01,7.36E-01,-6.82E-02,-4.08E+01,-2.11E+02,5.90E+00,-1.94E+00,2.51E-01,3.15E-04,4.937888199,0.305031447
-7.73E+01,1.91E+01,2.27E+01,1.25E-01,7.36E-01,-6.82E-02,-4.08E+01,-2.11E+02,5.90E+00,-1.94E+00,2.52E-01,2.78E-04,4.953271028,0.305031447
-7.73E+01,1.91E+01,2.27E+01,1.25E-01,7.36E-01,-6.82E-02,-4.08E+01,-2.11E+02,5.87E+00,-1.94E+00,2.52E-01,2.19E-04,4.953271028,0.305031447
-7.72E+01,1.90E+01,2.27E+01,1.25E-01,7.36E-01,-6.82E-02,-4.08E+01,-2.11E+02,5.84E+00,-1.94E+00,2.52E-01,1.56E-04,4.953271028,0.305031447
-7.72E+01,1.90E+01,2.27E+01,1.25E-01,7.36E-01,-6.83E-02,-4.08E+01,-2.11E+02,5.79E+00,-1.94E+00,2.52E-01,5.92E-05,4.953271028,0.305031447
-7.72E+01,1.90E+01,2.27E+01,1.25E-01,7.36E-01,-6.83E-02,-4.08E+01,-2.11E+02,5.73E+00,-1.94E+00,2.52E-01,-4.40E-05,4.937888199,0.305031447
-7.72E+01,1.90E+01,2.27E+01,1.25E-01,7.35E-01,-6.83E-02,-4.08E+01,-2.11E+02,5.66E+00,-1.94E+00,2.52E-01,-1.40E-04,4.937888199,0.305031447
-7.72E+01,1.90E+01,2.27E+01,1.25E-01,7.35E-01,-6.83E-02,-4.08E+01,-2.11E+02,5.60E+00,-1.94E+00,2.52E-01,-1.99E-04,4.937888199,0.305031447
-7.72E+01,1.89E+01,2.27E+01,1.25E-01,7.35E-01,-6.84E-02,-4.08E+01,-2.11E+02,5.55E+00,-1.94E+00,2.52E-01,-2.58E-04,4.937888199,0.305031447
-7.72E+01,1.89E+01,2.27E+01,1.25E-01,7.35E-01,-6.84E-02,-4.08E+01,-2.12E+02,5.51E+00,-1.94E+00,2.52E-01,-2.96E-04,4.937888199,0.305660377
-7.72E+01,1.89E+01,2.27E+01,1.25E-01,7.35E-01,-6.84E-02,-4.09E+01,-2.12E+02,5.47E+00,-1.94E+00,2.52E-01,-3.61E-04,4.937888199,0.305660377
-7.72E+01,1.89E+01,2.27E+01,1.25E-01,7.35E-01,-6.84E-02,-4.09E+01,-2.12E+02,5.44E+00,-1.94E+00,2.52E-01,-4.08E-04,4.937888199,0.305660377
-7.72E+01,1.89E+01,2.27E+01,1.26E-01,7.35E-01,-6.84E-02,-4.09E+01,-2.12E+02,5.41E+00,-1.94E+00,2.52E-01,-4.56E-04,4.937888199,0.305660377
-7.72E+01,1.89E+01,2.27E+01,1.26E-01,7.35E-01,-6.83E-02,-4.09E+01,-2.12E+02,5.39E+00,-1.94E+00,2.52E-01,-5.01E-04,4.937888199,0.305660377
-7.72E+01,1.89E+01,2.27E+01,1.26E-01,7.35E-01,-6.83E-02,-4.09E+01,-2.12E+02,5.39E+00,-1.94E+00,2.52E-01,-5.50E-04,4.937888199,0.305660377
-7.72E+01,1.89E+01,2.27E+01,1.26E-01,7.34E-01,-6.83E-02,-4.09E+01,-2.12E+02,5.40E+00,-1.94E+00,2.52E-01,-5.53E-04,4.937888199,0.305031447
-7.72E+01,1.89E+01,2.27E+01,1.26E-01,7.34E-01,-6.82E-02,-4.09E+01,-2.12E+02,5.43E+00,-1.94E+00,2.52E-01,-5.60E-04,4.937888199,0.305031447
-7.72E+01,1.89E+01,2.27E+01,1.25E-01,7.34E-01,-6.82E-02,-4.09E+01,-2.12E+02,5.47E+00,-1.94E+00,2.51E-01,-5.53E-04,4.937888199,0.305031447
-7.72E+01,1.90E+01,2.27E+01,1.25E-01,7.34E-01,-6.81E-02,-4.09E+01,-2.12E+02,5.51E+00,-1.94E+00,2.51E-01,-5.02E-04,4.922600619,0.305031447
-7.72E+01,1.90E+01,2.27E+01,1.25E-01,7.34E-01,-6.80E-02,-4.09E+01,-2.12E+02,5.57E+00,-1.94E+00,2.51E-01,-4.31E-04,4.922600619,0.305031447
-7.72E+01,1.90E+01,2.27E+01,1.25E-01,7.34E-01,-6.80E-02,-4.10E+01,-2.12E+02,5.62E+00,-1.94E+00,2.51E-01,-3.72E-04,4.922600619,0.305031447
-7.72E+01,1.90E+01,2.27E+01,1.25E-01,7.34E-01,-6.79E-02,-4.10E+01,-2.12E+02,5.69E+00,-1.94E+00,2.51E-01,-2.97E-04,4.922600619,0.304402516
-7.72E+01,1.91E+01,2.28E+01,1.25E-01,7.34E-01,-6.79E-02,-4.10E+01,-2.12E+02,5.75E+00,-1.94E+00,2.51E-01,-1.85E-04,4.922600619,0.304402516
-7.72E+01,1.91E+01,2.28E+01,1.25E-01,7.34E-01,-6.78E-02,-4.10E+01,-2.11E+02,5.80E+00,-1.94E+00,2.50E-01,-6.74E-05,4.922600619,0.304402516
-7.72E+01,1.91E+01,2.28E+01,1.25E-01,7.34E-01,-6.78E-02,-4.10E+01,-2.11E+02,5.85E+00,-1.94E+00,2.50E-01,6.26E-05,4.922600619,0.304402516
-7.72E+01,1.91E+01,2.28E+01,1.25E-01,7.34E-01,-6.78E-02,-4.10E+01,-2.11E+02,5.89E+00,-1.94E+00,2.50E-01,1.87E-04,4.922600619,0.304402516
-7.72E+01,1.91E+01,2.28E+01,1.25E-01,7.34E-01,-6.78E-02,-4.10E+01,-2.11E+02,5.92E+00,-1.94E+00,2.50E-01,3.13E-04,4.922600619,0.304402516
-7.72E+01,1.91E+01,2.28E+01,1.25E-01,7.34E-01,-6.77E-02,-4.10E+01,-2.11E+02,5.94E+00,-1.94E+00,2.50E-01,4.53E-04,4.922600619,0.304402516
-7.72E+01,1.91E+01,2.28E+01,1.25E-01,7.34E-01,-6.77E-02,-4.10E+01,-2.11E+02,5.95E+00,-1.94E+00,2.50E-01,5.77E-04,4.922600619,0.304402516
-7.72E+01,1.91E+01,2.28E+01,1.25E-01,7.34E-01,-6.77E-02,-4.10E+01,-2.11E+02,5.94E+00,-1.94E+00,2.50E-01,7.17E-04,4.922600619,0.304402516
-7.73E+01,1.91E+01,2.28E+01,1.25E-01,7.34E-01,-6.77E-02,-4.10E+01,-2.12E+02,5.92E+00,-1.94E+00,2.50E-01,8.68E-04,4.922600619,0.304402516
-7.73E+01,1.91E+01,2.28E+01,1.25E-01,7.34E-01,-6.77E-02,-4.10E+01,-2.12E+02,5.88E+00,-1.94E+00,2.50E-01,9.76E-04,4.922600619,0.304402516
-7.73E+01,1.91E+01,2.28E+01,1.25E-01,7.34E-01,-6.77E-02,-4.10E+01,-2.12E+02,5.83E+00,-1.94E+00,2.50E-01,1.13E-03,4.922600619,0.304402516
-7.73E+01,1.90E+01,2.28E+01,1.25E-01,7.34E-01,-6.77E-02,-4.10E+01,-2.12E+02,5.77E+00,-1.94E+00,2.50E-01,1.24E-03,4.922600619,0.305031447
-7.73E+01,1.90E+01,2.28E+01,1.25E-01,7.34E-01,-6.78E-02,-4.10E+01,-2.12E+02,5.71E+00,-1.94E+00,2.50E-01,1.36E-03,4.922600619,0.305031447
-7.73E+01,1.90E+01,2.28E+01,1.25E-01,7.35E-01,-6.78E-02,-4.10E+01,-2.12E+02,5.65E+00,-1.94E+00,2.50E-01,1.46E-03,4.922600619,0.305031447
-7.73E+01,1.90E+01,2.28E+01,1.25E-01,7.35E-01,-6.78E-02,-4.10E+01,-2.12E+02,5.60E+00,-1.94E+00,2.50E-01,1.56E-03,4.922600619,0.305031447
-7.73E+01,1.89E+01,2.27E+01,1.25E-01,7.35E-01,-6.78E-02,-4.10E+01,-2.12E+02,5.54E+00,-1.94E+00,2.49E-01,1.60E-03,4.922600619,0.305031447
-7.73E+01,1.89E+01,2.27E+01,1.25E-01,7.35E-01,-6.78E-02,-4.10E+01,-2.12E+02,5.49E+00,-1.94E+00,2.49E-01,1.63E-03,4.922600619,0.305031447
-7.73E+01,1.89E+01,2.27E+01,1.25E-01,7.35E-01,-6.78E-02,-4.10E+01,-2.12E+02,5.44E+00,-1.94E+00,2.49E-01,1.63E-03,4.922600619,0.305031447
-7.73E+01,1.89E+01,2.27E+01,1.25E-01,7.35E-01,-6.77E-02,-4.10E+01,-2.12E+02,5.42E+00,-1.94E+00,2.49E-01,1.63E-03,4.922600619,0.305031447
-7.73E+01,1.89E+01,2.27E+01,1.25E-01,7.35E-01,-6.77E-02,-4.10E+01,-2.12E+02,5.41E+00,-1.94E+00,2.49E-01,1.63E-03,4.922600619,0.305031447
-7.73E+01,1.89E+01,2.27E+01,1.25E-01,7.35E-01,-6.77E-02,-4.09E+01,-2.11E+02,5.42E+00,-1.94E+00,2.49E-01,1.57E-03,4.922600619,0.305031447
-7.72E+01,1.89E+01,2.27E+01,1.25E-01,7.35E-01,-6.77E-02,-4.09E+01,-2.11E+02,5.45E+00,-1.94E+00,2.49E-01,1.51E-03,4.937888199,0.305031447
-7.72E+01,1.89E+01,2.27E+01,1.25E-01,7.35E-01,-6.76E-02,-4.09E+01,-2.11E+02,5.50E+00,-1.94E+00,2.49E-01,1.46E-03,4.937888199,0.305031447
-7.72E+01,1.89E+01,2.27E+01,1.25E-01,7.35E-01,-6.76E-02,-4.09E+01,-2.11E+02,5.55E+00,-1.94E+00,2.49E-01,1.42E-03,4.937888199,0.305031447
-7.72E+01,1.90E+01,2.27E+01,1.25E-01,7.35E-01,-6.75E-02,-4.09E+01,-2.11E+02,5.62E+00,-1.94E+00,2.48E-01,1.37E-03,4.937888199,0.305031447
-7.72E+01,1.90E+01,2.27E+01,1.25E-01,7.36E-01,-6.75E-02,-4.08E+01,-2.11E+02,5.68E+00,-1.94E+00,2.48E-01,1.33E-03,4.937888199,0.305031447
-7.72E+01,1.90E+01,2.26E+01,1.25E-01,7.36E-01,-6.75E-02,-4.08E+01,-2.11E+02,5.73E+00,-1.94E+00,2.48E-01,1.30E-03,4.937888199,0.304402516
-7.71E+01,1.90E+01,2.26E+01,1.25E-01,7.36E-01,-6.75E-02,-4.08E+01,-2.11E+02,5.78E+00,-1.94E+00,2.48E-01,1.25E-03,4.953271028,0.304402516
-7.71E+01,1.90E+01,2.26E+01,1.25E-01,7.36E-01,-6.75E-02,-4.08E+01,-2.11E+02,5.83E+00,-1.94E+00,2.49E-01,1.18E-03,4.953271028,0.304402516
-7.71E+01,1.90E+01,2.26E+01,1.25E-01,7.36E-01,-6.76E-02,-4.07E+01,-2.11E+02,5.86E+00,-1.94E+00,2.49E-01,1.09E-03,4.953271028,0.304402516
-7.71E+01,1.90E+01,2.26E+01,1.25E-01,7.36E-01,-6.76E-02,-4.07E+01,-2.11E+02,5.88E+00,-1.94E+00,2.49E-01,1.02E-03,4.92211838,0.306329114
-7.71E+01,1.90E+01,2.26E+01,1.25E-01,7.36E-01,-6.77E-02,-4.07E+01,-2.11E+02,5.87E+00,-1.94E+00,2.49E-01,9.39E-04,4.92211838,0.306329114
-7.71E+01,1.90E+01,2.26E+01,1.25E-01,7.36E-01,-6.78E-02,-4.07E+01,-2.11E+02,5.84E+00,-1.94E+00,2.49E-01,9.00E-04,4.92211838,0.306329114
-7.71E+01,1.90E+01,2.26E+01,1.25E-01,7.35E-01,-6.78E-02,-4.07E+01,-2.11E+02,5.80E+00,-1.94E+00,2.50E-01,8.12E-04,4.9375,0.306329114
-7.72E+01,1.89E+01,2.26E+01,1.25E-01,7.35E-01,-6.79E-02,-4.07E+01,-2.11E+02,5.75E+00,-1.94E+00,2.50E-01,7.72E-04,4.9375,0.306329114
-7.72E+01,1.89E+01,2.26E+01,1.25E-01,7.35E-01,-6.80E-02,-4.07E+01,-2.11E+02,5.69E+00,-1.94E+00,2.50E-01,7.49E-04,4.92211838,0.306329114
-7.72E+01,1.89E+01,2.26E+01,1.25E-01,7.36E-01,-6.81E-02,-4.07E+01,-2.11E+02,5.63E+00,-1.94E+00,2.50E-01,7.50E-04,4.92211838,0.306329114
-7.73E+01,1.89E+01,2.27E+01,1.25E-01,7.36E-01,-6.81E-02,-4.07E+01,-2.11E+02,5.57E+00,-1.94E+00,2.50E-01,7.70E-04,4.953271028,0.303773585
-7.73E+01,1.89E+01,2.27E+01,1.25E-01,7.36E-01,-6.82E-02,-4.08E+01,-2.11E+02,5.50E+00,-1.94E+00,2.50E-01,8.09E-04,4.953271028,0.303773585
-7.73E+01,1.89E+01,2.27E+01,1.25E-01,7.36E-01,-6.82E-02,-4.08E+01,-2.11E+02,5.44E+00,-1.94E+00,2.50E-01,8.77E-04,4.953271028,0.303773585
-7.73E+01,1.89E+01,2.27E+01,1.25E-01,7.36E-01,-6.82E-02,-4.08E+01,-2.11E+02,5.39E+00,-1.94E+00,2.50E-01,9.92E-04,4.937888199,0.303773585
-7.73E+01,1.89E+01,2.27E+01,1.25E-01,7.36E-01,-6.82E-02,-4.08E+01,-2.11E+02,5.35E+00,-1.94E+00,2.50E-01,1.09E-03,4.937888199,0.303773585
-7.74E+01,1.89E+01,2.27E+01,1.25E-01,7.36E-01,-6.82E-02,-4.09E+01,-2.11E+02,5.32E+00,-1.94E+00,2.50E-01,1.20E-03,4.937888199,0.303773585
-7.74E+01,1.89E+01,2.28E+01,1.25E-01,7.36E-01,-6.81E-02,-4.09E+01,-2.11E+02,5.31E+00,-1.94E+00,2.50E-01,1.29E-03,4.937888199,0.303773585
-7.74E+01,1.89E+01,2.28E+01,1.25E-01,7.36E-01,-6.81E-02,-4.09E+01,-2.11E+02,5.31E+00,-1.94E+00,2.50E-01,1.41E-03,4.922600619,0.303773585
-7.74E+01,1.89E+01,2.28E+01,1.25E-01,7.36E-01,-6.80E-02,-4.10E+01,-2.11E+02,5.34E+00,-1.94E+00,2.50E-01,1.48E-03,4.922600619,0.303144654
-7.74E+01,1.89E+01,2.28E+01,1.25E-01,7.36E-01,-6.80E-02,-4.10E+01,-2.11E+02,5.38E+00,-1.94E+00,2.49E-01,1.56E-03,4.922600619,0.303144654
-7.73E+01,1.90E+01,2.28E+01,1.25E-01,7.36E-01,-6.79E-02,-4.10E+01,-2.11E+02,5.45E+00,-1.94E+00,2.49E-01,1.61E-03,4.922600619,0.303144654
-7.73E+01,1.90E+01,2.28E+01,1.24E-01,7.36E-01,-6.78E-02,-4.10E+01,-2.11E+02,5.53E+00,-1.94E+00,2.49E-01,1.58E-03,4.922600619,0.302515723
-7.73E+01,1.90E+01,2.28E+01,1.24E-01,7.36E-01,-6.78E-02,-4.11E+01,-2.11E+02,5.61E+00,-1.94E+00,2.49E-01,1.60E-03,4.891640867,0.30443038
-7.73E+01,1.91E+01,2.28E+01,1.24E-01,7.36E-01,-6.77E-02,-4.11E+01,-2.11E+02,5.70E+00,-1.94E+00,2.49E-01,1.56E-03,4.87654321,0.30443038
-7.73E+01,1.91E+01,2.28E+01,1.24E-01,7.36E-01,-6.77E-02,-4.11E+01,-2.11E+02,5.79E+00,-1.94E+00,2.49E-01,1.49E-03,4.87654321,0.30443038
-7.73E+01,1.92E+01,2.28E+01,1.24E-01,7.36E-01,-6.76E-02,-4.11E+01,-2.11E+02,5.87E+00,-1.94E+00,2.49E-01,1.40E-03,4.87654321,0.30443038
-7.73E+01,1.92E+01,2.28E+01,1.24E-01,7.36E-01,-6.76E-02,-4.11E+01,-2.11E+02,5.95E+00,-1.94E+00,2.49E-01,1.30E-03,4.87654321,0.303797468
-7.73E+01,1.92E+01,2.28E+01,1.24E-01,7.36E-01,-6.76E-02,-4.11E+01,-2.11E+02,6.02E+00,-1.94E+00,2.49E-01,1.22E-03,4.87654321,0.303797468
-7.73E+01,1.93E+01,2.28E+01,1.24E-01,7.36E-01,-6.76E-02,-4.12E+01,-2.11E+02,6.07E+00,-1.94E+00,2.49E-01,1.09E-03,4.87654321,0.303797468
-7.73E+01,1.93E+01,2.29E+01,1.24E-01,7.36E-01,-6.76E-02,-4.12E+01,-2.11E+02,6.09E+00,-1.94E+00,2.49E-01,9.40E-04,4.87654321,0.303797468
-7.73E+01,1.93E+01,2.29E+01,1.24E-01,7.36E-01,-6.76E-02,-4.12E+01,-2.11E+02,6.10E+00,-1.94E+00,2.49E-01,7.70E-04,4.87654321,0.303797468
-7.73E+01,1.93E+01,2.29E+01,1.25E-01,7.36E-01,-6.76E-02,-4.12E+01,-2.11E+02,6.08E+00,-1.94E+00,2.49E-01,6.28E-04,4.861538462,0.303797468
-7.73E+01,1.93E+01,2.29E+01,1.25E-01,7.36E-01,-6.76E-02,-4.12E+01,-2.11E+02,6.03E+00,-1.94E+00,2.49E-01,4.45E-04,4.861538462,0.303797468
-7.73E+01,1.92E+01,2.29E+01,1.25E-01,7.35E-01,-6.76E-02,-4.13E+01,-2.11E+02,5.95E+00,-1.94E+00,2.49E-01,2.83E-04,4.861538462,0.303797468
-7.73E+01,1.92E+01,2.29E+01,1.25E-01,7.35E-01,-6.76E-02,-4.13E+01,-2.11E+02,5.86E+00,-1.94E+00,2.49E-01,1.29E-04,4.861538462,0.303797468
-7.73E+01,1.92E+01,2.29E+01,1.25E-01,7.35E-01,-6.76E-02,-4.13E+01,-2.11E+02,5.76E+00,-1.94E+00,2.49E-01,-3.49E-05,4.892307692,0.301886792
-7.73E+01,1.91E+01,2.29E+01,1.25E-01,7.35E-01,-6.76E-02,-4.13E+01,-2.11E+02,5.67E+00,-1.94E+00,2.49E-01,-1.09E-04,4.892307692,0.301886792
-7.73E+01,1.91E+01,2.29E+01,1.25E-01,7.35E-01,-6.76E-02,-4.13E+01,-2.11E+02,5.57E+00,-1.94E+00,2.49E-01,-2.72E-04,4.892307692,0.301886792
-7.73E+01,1.91E+01,2.29E+01,1.25E-01,7.35E-01,-6.76E-02,-4.13E+01,-2.11E+02,5.48E+00,-1.94E+00,2.49E-01,-4.07E-04,4.861538462,0.303797468
-7.73E+01,1.90E+01,2.29E+01,1.25E-01,7.35E-01,-6.76E-02,-4.13E+01,-2.11E+02,5.40E+00,-1.94E+00,2.49E-01,-5.15E-04,4.861538462,0.303797468
-7.72E+01,1.90E+01,2.29E+01,1.25E-01,7.35E-01,-6.76E-02,-4.13E+01,-2.11E+02,5.33E+00,-1.94E+00,2.49E-01,-5.35E-04,4.861538462,0.303797468
-7.72E+01,1.90E+01,2.29E+01,1.25E-01,7.35E-01,-6.76E-02,-4.13E+01,-2.11E+02,5.27E+00,-1.94E+00,2.49E-01,-6.18E-04,4.861538462,0.303797468
-7.71E+01,1.90E+01,2.29E+01,1.25E-01,7.35E-01,-6.76E-02,-4.12E+01,-2.11E+02,5.24E+00,-1.94E+00,2.49E-01,-6.38E-04,4.861538462,0.303797468
-7.71E+01,1.89E+01,2.28E+01,1.25E-01,7.35E-01,-6.76E-02,-4.12E+01,-2.11E+02,5.24E+00,-1.94E+00,2.49E-01,-6.15E-04,4.87654321,0.303797468
-7.70E+01,1.89E+01,2.28E+01,1.25E-01,7.35E-01,-6.76E-02,-4.11E+01,-2.10E+02,5.26E+00,-1.94E+00,2.50E-01,-5.65E-04,4.87654321,0.303164557
-7.70E+01,1.89E+01,2.28E+01,1.25E-01,7.35E-01,-6.76E-02,-4.11E+01,-2.10E+02,5.31E+00,-1.94E+00,2.50E-01,-4.74E-04,4.87654321,0.303164557
-7.69E+01,1.89E+01,2.27E+01,1.25E-01,7.35E-01,-6.76E-02,-4.10E+01,-2.10E+02,5.37E+00,-1.94E+00,2.50E-01,-3.70E-04,4.891640867,0.303164557
-7.69E+01,1.89E+01,2.27E+01,1.25E-01,7.35E-01,-6.76E-02,-4.10E+01,-2.10E+02,5.44E+00,-1.94E+00,2.50E-01,-2.05E-04,4.891640867,0.303164557
-7.68E+01,1.89E+01,2.27E+01,1.25E-01,7.35E-01,-6.76E-02,-4.09E+01,-2.10E+02,5.51E+00,-1.94E+00,2.50E-01,-9.67E-05,4.891640867,0.303164557
-7.68E+01,1.90E+01,2.27E+01,1.25E-01,7.35E-01,-6.76E-02,-4.09E+01,-2.10E+02,5.59E+00,-1.94E+00,2.50E-01,3.83E-05,4.906832298,0.303164557
-7.67E+01,1.90E+01,2.27E+01,1.25E-01,7.35E-01,-6.77E-02,-4.09E+01,-2.10E+02,5.66E+00,-1.94E+00,2.51E-01,1.85E-04,4.906832298,0.303164557
-7.67E+01,1.90E+01,2.26E+01,1.26E-01,7.35E-01,-6.77E-02,-4.08E+01,-2.10E+02,5.72E+00,-1.94E+00,2.51E-01,3.40E-04,4.875776398,0.305095541
-7.67E+01,1.90E+01,2.26E+01,1.26E-01,7.35E-01,-6.78E-02,-4.08E+01,-2.10E+02,5.77E+00,-1.94E+00,2.51E-01,4.78E-04,4.875776398,0.304458599
-7.67E+01,1.90E+01,2.26E+01,1.26E-01,7.35E-01,-6.78E-02,-4.08E+01,-2.09E+02,5.80E+00,-1.94E+00,2.51E-01,5.92E-04,4.890965732,0.304458599
-7.67E+01,1.90E+01,2.26E+01,1.26E-01,7.36E-01,-6.79E-02,-4.08E+01,-2.09E+02,5.82E+00,-1.94E+00,2.52E-01,7.04E-04,4.890965732,0.304458599
-7.67E+01,1.90E+01,2.26E+01,1.26E-01,7.35E-01,-6.79E-02,-4.08E+01,-2.09E+02,5.82E+00,-1.94E+00,2.52E-01,8.11E-04,4.890965732,0.304458599
-7.67E+01,1.90E+01,2.26E+01,1.26E-01,7.35E-01,-6.80E-02,-4.08E+01,-2.09E+02,5.79E+00,-1.94E+00,2.52E-01,9.02E-04,4.890965732,0.304458599
-7.67E+01,1.90E+01,2.26E+01,1.26E-01,7.35E-01,-6.80E-02,-4.08E+01,-2.09E+02,5.75E+00,-1.94E+00,2.52E-01,9.72E-04,4.890965732,0.303821656
-7.68E+01,1.90E+01,2.26E+01,1.26E-01,7.35E-01,-6.81E-02,-4.08E+01,-2.09E+02,5.70E+00,-1.94E+00,2.52E-01,1.02E-03,4.875776398,0.303821656
-7.68E+01,1.89E+01,2.27E+01,1.26E-01,7.35E-01,-6.81E-02,-4.08E+01,-2.09E+02,5.63E+00,-1.94E+00,2.53E-01,1.05E-03,4.875776398,0.303821656
-7.68E+01,1.89E+01,2.27E+01,1.26E-01,7.35E-01,-6.82E-02,-4.08E+01,-2.09E+02,5.55E+00,-1.94E+00,2.53E-01,1.07E-03,4.875776398,0.303821656
-7.68E+01,1.89E+01,2.27E+01,1.26E-01,7.35E-01,-6.82E-02,-4.09E+01,-2.09E+02,5.48E+00,-1.94E+00,2.53E-01,1.07E-03,4.875776398,0.303821656
-7.69E+01,1.89E+01,2.27E+01,1.26E-01,7.35E-01,-6.82E-02,-4.09E+01,-2.09E+02,5.41E+00,-1.94E+00,2.53E-01,1.04E-03,4.875776398,0.303184713
-7.69E+01,1.89E+01,2.27E+01,1.26E-01,7.35E-01,-6.82E-02,-4.09E+01,-2.09E+02,5.36E+00,-1.94E+00,2.53E-01,9.74E-04,4.875776398,0.303184713
-7.69E+01,1.89E+01,2.27E+01,1.26E-01,7.35E-01,-6.82E-02,-4.09E+01,-2.09E+02,5.31E+00,-1.94E+00,2.53E-01,8.24E-04,4.875776398,0.303184713
-7.69E+01,1.88E+01,2.27E+01,1.26E-01,7.35E-01,-6.82E-02,-4.09E+01,-2.09E+02,5.28E+00,-1.94E+00,2.53E-01,6.15E-04,4.875776398,0.303184713
-7.69E+01,1.88E+01,2.27E+01,1.26E-01,7.35E-01,-6.82E-02,-4.09E+01,-2.09E+02,5.25E+00,-1.94E+00,2.53E-01,3.55E-04,4.875776398,0.302547771
-7.69E+01,1.88E+01,2.27E+01,1.26E-01,7.35E-01,-6.82E-02,-4.09E+01,-2.09E+02,5.24E+00,-1.94E+00,2.53E-01,1.16E-04,4.875776398,0.302547771
-7.68E+01,1.88E+01,2.27E+01,1.26E-01,7.35E-01,-6.82E-02,-4.09E+01,-2.09E+02,5.26E+00,-1.94E+00,2.53E-01,-1.34E-04,4.875776398,0.302547771
-7.68E+01,1.88E+01,2.27E+01,1.26E-01,7.35E-01,-6.81E-02,-4.09E+01,-2.09E+02,5.29E+00,-1.94E+00,2.53E-01,-3.86E-04,4.875776398,0.302547771
-7.68E+01,1.89E+01,2.27E+01,1.26E-01,7.35E-01,-6.81E-02,-4.09E+01,-2.09E+02,5.35E+00,-1.94E+00,2.53E-01,-5.61E-04,4.875776398,0.302547771
-7.68E+01,1.89E+01,2.26E+01,1.26E-01,7.35E-01,-6.80E-02,-4.09E+01,-2.09E+02,5.41E+00,-1.94E+00,2.53E-01,-7.61E-04,4.875776398,0.302547771
-7.68E+01,1.89E+01,2.26E+01,1.26E-01,7.35E-01,-6.80E-02,-4.09E+01,-2.09E+02,5.48E+00,-1.94E+00,2.53E-01,-8.87E-04,4.875776398,0.302547771
-7.68E+01,1.89E+01,2.26E+01,1.26E-01,7.35E-01,-6.79E-02,-4.09E+01,-2.09E+02,5.55E+00,-1.94E+00,2.53E-01,-9.76E-04,4.875776398,0.302547771
-7.68E+01,1.89E+01,2.26E+01,1.26E-01,7.35E-01,-6.79E-02,-4.09E+01,-2.09E+02,5.61E+00,-1.94E+00,2.53E-01,-1.03E-03,4.875776398,0.302547771
-7.68E+01,1.90E+01,2.27E+01,1.26E-01,7.35E-01,-6.79E-02,-4.09E+01,-2.09E+02,5.68E+00,-1.94E+00,2.52E-01,-1.04E-03,4.875776398,0.302547771
-7.68E+01,1.90E+01,2.27E+01,1.26E-01,7.35E-01,-6.78E-02,-4.09E+01,-2.09E+02,5.73E+00,-1.94E+00,2.52E-01,-9.96E-04,4.860681115,0.303184713
-7.68E+01,1.90E+01,2.27E+01,1.26E-01,7.35E-01,-6.78E-02,-4.10E+01,-2.09E+02,5.78E+00,-1.94E+00,2.52E-01,-9.78E-04,4.860681115,0.303184713
-7.69E+01,1.90E+01,2.27E+01,1.26E-01,7.35E-01,-6.78E-02,-4.10E+01,-2.09E+02,5.81E+00,-1.94E+00,2.52E-01,-8.73E-04,4.860681115,0.303184713
-7.69E+01,1.90E+01,2.27E+01,1.26E-01,7.36E-01,-6.77E-02,-4.10E+01,-2.09E+02,5.83E+00,-1.94E+00,2.52E-01,-7.91E-04,4.860681115,0.303184713
-7.70E+01,1.91E+01,2.28E+01,1.26E-01,7.36E-01,-6.77E-02,-4.11E+01,-2.09E+02,5.83E+00,-1.94E+00,2.52E-01,-7.02E-04,4.860681115,0.303184713
-7.70E+01,1.91E+01,2.28E+01,1.26E-01,7.36E-01,-6.77E-02,-4.11E+01,-2.09E+02,5.82E+00,-1.94E+00,2.52E-01,-6.53E-04,4.845679012,0.303184713
-7.70E+01,1.90E+01,2.28E+01,1.26E-01,7.36E-01,-6.77E-02,-4.11E+01,-2.09E+02,5.78E+00,-1.94E+00,2.52E-01,-5.83E-04,4.845679012,0.303184713
-7.70E+01,1.90E+01,2.28E+01,1.26E-01,7.36E-01,-6.77E-02,-4.12E+01,-2.09E+02,5.73E+00,-1.94E+00,2.52E-01,-5.32E-04,4.845679012,0.302547771
-7.71E+01,1.90E+01,2.28E+01,1.26E-01,7.36E-01,-6.77E-02,-4.12E+01,-2.09E+02,5.67E+00,-1.94E+00,2.52E-01,-5.73E-04,4.845679012,0.302547771
-7.71E+01,1.90E+01,2.29E+01,1.26E-01,7.36E-01,-6.77E-02,-4.12E+01,-2.09E+02,5.60E+00,-1.94E+00,2.52E-01,-6.34E-04,4.830769231,0.301910828
-7.71E+01,1.90E+01,2.29E+01,1.26E-01,7.36E-01,-6.77E-02,-4.12E+01,-2.09E+02,5.52E+00,-1.94E+00,2.52E-01,-7.17E-04,4.830769231,0.301910828
-7.71E+01,1.90E+01,2.29E+01,1.26E-01,7.36E-01,-6.77E-02,-4.12E+01,-2.09E+02,5.46E+00,-1.94E+00,2.52E-01,-8.36E-04,4.830769231,0.301273885
-7.70E+01,1.89E+01,2.29E+01,1.26E-01,7.36E-01,-6.77E-02,-4.12E+01,-2.09E+02,5.40E+00,-1.94E+00,2.52E-01,-9.65E-04,4.830769231,0.300636943
-7.70E+01,1.89E+01,2.29E+01,1.26E-01,7.36E-01,-6.77E-02,-4.12E+01,-2.08E+02,5.35E+00,-1.94E+00,2.52E-01,-1.11E-03,4.814814815,0.301923077
-7.70E+01,1.89E+01,2.28E+01,1.26E-01,7.36E-01,-6.77E-02,-4.12E+01,-2.08E+02,5.31E+00,-1.94E+00,2.53E-01,-1.27E-03,4.814814815,0.300641026
-7.70E+01,1.89E+01,2.28E+01,1.26E-01,7.36E-01,-6.76E-02,-4.11E+01,-2.07E+02,5.28E+00,-1.94E+00,2.53E-01,-1.43E-03,4.814814815,0.3
-7.69E+01,1.89E+01,2.28E+01,1.26E-01,7.36E-01,-6.76E-02,-4.11E+01,-2.07E+02,5.26E+00,-1.94E+00,2.53E-01,-1.61E-03,4.814814815,0.299358974
-7.69E+01,1.89E+01,2.28E+01,1.26E-01,7.36E-01,-6.76E-02,-4.11E+01,-2.07E+02,5.25E+00,-1.94E+00,2.53E-01,-1.77E-03,4.783950617,0.300645161
-7.69E+01,1.89E+01,2.28E+01,1.26E-01,7.36E-01,-6.76E-02,-4.10E+01,-2.06E+02,5.26E+00,-1.94E+00,2.53E-01,-1.94E-03,4.79876161,0.3
-7.68E+01,1.89E+01,2.27E+01,1.26E-01,7.36E-01,-6.76E-02,-4.10E+01,-2.06E+02,5.29E+00,-1.94E+00,2.53E-01,-2.09E-03,4.79876161,0.3
-7.68E+01,1.89E+01,2.27E+01,1.26E-01,7.36E-01,-6.76E-02,-4.10E+01,-2.06E+02,5.33E+00,-1.94E+00,2.53E-01,-2.24E-03,4.79876161,0.299354839
-7.68E+01,1.89E+01,2.27E+01,1.26E-01,7.36E-01,-6.76E-02,-4.10E+01,-2.06E+02,5.38E+00,-1.94E+00,2.53E-01,-2.40E-03,4.79876161,0.299354839
-7.67E+01,1.89E+01,2.27E+01,1.26E-01,7.36E-01,-6.75E-02,-4.09E+01,-2.06E+02,5.44E+00,-1.94E+00,2.53E-01,-2.55E-03,4.79876161,0.299354839
-7.67E+01,1.89E+01,2.27E+01,1.26E-01,7.36E-01,-6.75E-02,-4.09E+01,-2.06E+02,5.50E+00,-1.94E+00,2.53E-01,-2.70E-03,4.79876161,0.299354839
-7.67E+01,1.89E+01,2.27E+01,1.26E-01,7.36E-01,-6.75E-02,-4.09E+01,-2.06E+02,5.56E+00,-1.94E+00,2.53E-01,-2.85E-03,4.79876161,0.3
-7.67E+01,1.90E+01,2.27E+01,1.26E-01,7.36E-01,-6.75E-02,-4.10E+01,-2.06E+02,5.62E+00,-1.94E+00,2.53E-01,-3.01E-03,4.79876161,0.3
-7.67E+01,1.90E+01,2.27E+01,1.26E-01,7.36E-01,-6.74E-02,-4.10E+01,-2.06E+02,5.67E+00,-1.94E+00,2.53E-01,-3.17E-03,4.79876161,0.300645161
-7.67E+01,1.90E+01,2.27E+01,1.26E-01,7.36E-01,-6.74E-02,-4.10E+01,-2.07E+02,5.71E+00,-1.94E+00,2.53E-01,-3.33E-03,4.79876161,0.301290323
-7.67E+01,1.90E+01,2.27E+01,1.26E-01,7.36E-01,-6.74E-02,-4.10E+01,-2.07E+02,5.74E+00,-1.94E+00,2.53E-01,-3.46E-03,4.79876161,0.301290323
-7.67E+01,1.90E+01,2.27E+01,1.26E-01,7.36E-01,-6.74E-02,-4.10E+01,-2.07E+02,5.76E+00,-1.94E+00,2.53E-01,-3.55E-03,4.829721362,0.3
-7.67E+01,1.90E+01,2.27E+01,1.26E-01,7.36E-01,-6.74E-02,-4.10E+01,-2.07E+02,5.77E+00,-1.94E+00,2.53E-01,-3.68E-03,4.829721362,0.3
-7.67E+01,1.90E+01,2.27E+01,1.26E-01,7.36E-01,-6.75E-02,-4.10E+01,-2.07E+02,5.77E+00,-1.94E+00,2.53E-01,-3.81E-03,4.829721362,0.3
-7.67E+01,1.90E+01,2.27E+01,1.26E-01,7.36E-01,-6.75E-02,-4.10E+01,-2.07E+02,5.75E+00,-1.94E+00,2.54E-01,-3.97E-03,4.829721362,0.300641026
-7.67E+01,1.90E+01,2.27E+01,1.26E-01,7.36E-01,-6.75E-02,-4.10E+01,-2.07E+02,5.72E+00,-1.93E+00,2.54E-01,-4.01E-03,4.829721362,0.300641026
-7.67E+01,1.90E+01,2.27E+01,1.26E-01,7.36E-01,-6.76E-02,-4.10E+01,-2.07E+02,5.68E+00,-1.93E+00,2.54E-01,-4.09E-03,4.829721362,0.3
-7.67E+01,1.90E+01,2.27E+01,1.26E-01,7.36E-01,-6.76E-02,-4.10E+01,-2.07E+02,5.63E+00,-1.93E+00,2.54E-01,-4.17E-03,4.829721362,0.3
-7.67E+01,1.90E+01,2.27E+01,1.26E-01,7.36E-01,-6.77E-02,-4.10E+01,-2.07E+02,5.58E+00,-1.93E+00,2.54E-01,-4.22E-03,4.829721362,0.3
-7.67E+01,1.89E+01,2.27E+01,1.26E-01,7.35E-01,-6.77E-02,-4.11E+01,-2.07E+02,5.53E+00,-1.93E+00,2.54E-01,-4.30E-03,4.79876161,0.301290323
-7.67E+01,1.89E+01,2.27E+01,1.26E-01,7.35E-01,-6.78E-02,-4.11E+01,-2.07E+02,5.49E+00,-1.93E+00,2.55E-01,-4.41E-03,4.79876161,0.300645161
-7.67E+01,1.89E+01,2.27E+01,1.26E-01,7.35E-01,-6.78E-02,-4.11E+01,-2.06E+02,5.45E+00,-1.93E+00,2.55E-01,-4.49E-03,4.79876161,0.3
-7.67E+01,1.89E+01,2.28E+01,1.26E-01,7.35E-01,-6.79E-02,-4.11E+01,-2.06E+02,5.41E+00,-1.93E+00,2.55E-01,-4.56E-03,4.783950617,0.3
-7.67E+01,1.89E+01,2.28E+01,1.26E-01,7.35E-01,-6.79E-02,-4.11E+01,-2.06E+02,5.38E+00,-1.93E+00,2.55E-01,-4.58E-03,4.783950617,0.299354839
-7.67E+01,1.90E+01,2.28E+01,1.26E-01,7.35E-01,-6.79E-02,-4.11E+01,-2.06E+02,5.35E+00,-1.93E+00,2.56E-01,-4.65E-03,4.783950617,0.298709677
-7.67E+01,1.90E+01,2.28E+01,1.26E-01,7.35E-01,-6.79E-02,-4.11E+01,-2.06E+02,5.33E+00,-1.93E+00,2.56E-01,-4.72E-03,4.783950617,0.298064516
-7.67E+01,1.90E+01,2.28E+01,1.26E-01,7.35E-01,-6.79E-02,-4.11E+01,-2.06E+02,5.32E+00,-1.93E+00,2.56E-01,-4.75E-03,4.75308642,0.3
-7.67E+01,1.90E+01,2.28E+01,1.26E-01,7.35E-01,-6.79E-02,-4.12E+01,-2.06E+02,5.31E+00,-1.93E+00,2.56E-01,-4.77E-03,4.75308642,0.299350649
-7.67E+01,1.90E+01,2.28E+01,1.26E-01,7.35E-01,-6.79E-02,-4.12E+01,-2.06E+02,5.33E+00,-1.93E+00,2.56E-01,-4.74E-03,4.75308642,0.299350649
-7.68E+01,1.90E+01,2.28E+01,1.26E-01,7.35E-01,-6.79E-02,-4.12E+01,-2.06E+02,5.35E+00,-1.93E+00,2.56E-01,-4.64E-03,4.738461538,0.299350649
-7.68E+01,1.91E+01,2.29E+01,1.26E-01,7.35E-01,-6.79E-02,-4.13E+01,-2.06E+02,5.39E+00,-1.93E+00,2.57E-01,-4.55E-03,4.769230769,0.297419355
-7.68E+01,1.91E+01,2.29E+01,1.26E-01,7.35E-01,-6.78E-02,-4.13E+01,-2.06E+02,5.43E+00,-1.93E+00,2.57E-01,-4.42E-03,4.769230769,0.297419355
-7.68E+01,1.91E+01,2.29E+01,1.26E-01,7.35E-01,-6.78E-02,-4.13E+01,-2.06E+02,5.46E+00,-1.93E+00,2.57E-01,-4.27E-03,4.769230769,0.298064516
-7.68E+01,1.91E+01,2.29E+01,1.26E-01,7.35E-01,-6.78E-02,-4.14E+01,-2.06E+02,5.51E+00,-1.93E+00,2.57E-01,-4.08E-03,4.754601227,0.298064516
-7.68E+01,1.91E+01,2.29E+01,1.26E-01,7.36E-01,-6.77E-02,-4.14E+01,-2.06E+02,5.56E+00,-1.93E+00,2.57E-01,-3.89E-03,4.754601227,0.298064516
-7.68E+01,1.91E+01,2.29E+01,1.26E-01,7.36E-01,-6.77E-02,-4.14E+01,-2.06E+02,5.62E+00,-1.93E+00,2.57E-01,-3.68E-03,4.754601227,0.298709677
-7.67E+01,1.91E+01,2.29E+01,1.26E-01,7.36E-01,-6.77E-02,-4.14E+01,-2.06E+02,5.67E+00,-1.93E+00,2.57E-01,-3.57E-03,4.754601227,0.298709677
-7.67E+01,1.91E+01,2.29E+01,1.26E-01,7.36E-01,-6.77E-02,-4.13E+01,-2.06E+02,5.71E+00,-1.93E+00,2.57E-01,-3.47E-03,4.769230769,0.298709677
-7.67E+01,1.91E+01,2.28E+01,1.26E-01,7.36E-01,-6.78E-02,-4.13E+01,-2.06E+02,5.74E+00,-1.93E+00,2.57E-01,-3.40E-03,4.769230769,0.298709677
-7.66E+01,1.91E+01,2.28E+01,1.26E-01,7.36E-01,-6.78E-02,-4.13E+01,-2.06E+02,5.76E+00,-1.93E+00,2.57E-01,-3.36E-03,4.769230769,0.298709677
-7.66E+01,1.91E+01,2.28E+01,1.27E-01,7.36E-01,-6.79E-02,-4.12E+01,-2.06E+02,5.76E+00,-1.93E+00,2.57E-01,-3.40E-03,4.769230769,0.299354839
-7.66E+01,1.90E+01,2.28E+01,1.27E-01,7.36E-01,-6.80E-02,-4.12E+01,-2.06E+02,5.76E+00,-1.94E+00,2.57E-01,-3.48E-03,4.783950617,0.299354839
-7.66E+01,1.90E+01,2.27E+01,1.27E-01,7.36E-01,-6.81E-02,-4.11E+01,-2.06E+02,5.75E+00,-1.94E+00,2.58E-01,-3.62E-03,4.783950617,0.299354839
-7.66E+01,1.90E+01,2.27E+01,1.27E-01,7.36E-01,-6.82E-02,-4.11E+01,-2.06E+02,5.72E+00,-1.94E+00,2.58E-01,-3.78E-03,4.783950617,0.299354839
-7.66E+01,1.89E+01,2.27E+01,1.27E-01,7.36E-01,-6.82E-02,-4.11E+01,-2.06E+02,5.67E+00,-1.94E+00,2.58E-01,-3.95E-03,4.783950617,0.299354839
-7.66E+01,1.89E+01,2.27E+01,1.27E-01,7.36E-01,-6.83E-02,-4.11E+01,-2.06E+02,5.63E+00,-1.94E+00,2.58E-01,-4.15E-03,4.783950617,0.299354839
-7.66E+01,1.89E+01,2.27E+01,1.27E-01,7.36E-01,-6.84E-02,-4.11E+01,-2.06E+02,5.58E+00,-1.94E+00,2.59E-01,-4.37E-03,4.79876161,0.3
-7.66E+01,1.89E+01,2.27E+01,1.27E-01,7.36E-01,-6.85E-02,-4.11E+01,-2.06E+02,5.54E+00,-1.94E+00,2.59E-01,-4.59E-03,4.79876161,0.3
-7.67E+01,1.89E+01,2.27E+01,1.27E-01,7.36E-01,-6.86E-02,-4.11E+01,-2.06E+02,5.51E+00,-1.94E+00,2.59E-01,-4.78E-03,4.79876161,0.3
-7.67E+01,1.89E+01,2.27E+01,1.27E-01,7.36E-01,-6.86E-02,-4.11E+01,-2.06E+02,5.48E+00,-1.94E+00,2.59E-01,-4.90E-03,4.79876161,0.3
-7.68E+01,1.89E+01,2.27E+01,1.27E-01,7.36E-01,-6.86E-02,-4.11E+01,-2.06E+02,5.44E+00,-1.94E+00,2.59E-01,-5.02E-03,4.783950617,0.3
-7.68E+01,1.89E+01,2.28E+01,1.27E-01,7.36E-01,-6.87E-02,-4.11E+01,-2.06E+02,5.42E+00,-1.94E+00,2.59E-01,-5.14E-03,4.783950617,0.3
-7.68E+01,1.89E+01,2.28E+01,1.27E-01,7.36E-01,-6.87E-02,-4.11E+01,-2.07E+02,5.41E+00,-1.94E+00,2.59E-01,-5.23E-03,4.783950617,0.3
-7.69E+01,1.89E+01,2.28E+01,1.27E-01,7.36E-01,-6.87E-02,-4.11E+01,-2.07E+02,5.41E+00,-1.94E+00,2.59E-01,-5.28E-03,4.783950617,0.3
-7.69E+01,1.89E+01,2.28E+01,1.27E-01,7.36E-01,-6.87E-02,-4.11E+01,-2.07E+02,5.44E+00,-1.94E+00,2.59E-01,-5.30E-03,4.783950617,0.3
-7.69E+01,1.90E+01,2.28E+01,1.27E-01,7.36E-01,-6.86E-02,-4.12E+01,-2.07E+02,5.48E+00,-1.94E+00,2.59E-01,-5.28E-03,4.783950617,0.3
-7.69E+01,1.90E+01,2.28E+01,1.27E-01,7.36E-01,-6.86E-02,-4.12E+01,-2.07E+02,5.52E+00,-1.94E+00,2.59E-01,-5.26E-03,4.783950617,0.300645161
-7.69E+01,1.90E+01,2.28E+01,1.27E-01,7.36E-01,-6.85E-02,-4.12E+01,-2.07E+02,5.57E+00,-1.94E+00,2.59E-01,-5.19E-03,4.783950617,0.300645161
-7.69E+01,1.91E+01,2.28E+01,1.27E-01,7.36E-01,-6.85E-02,-4.12E+01,-2.07E+02,5.62E+00,-1.94E+00,2.59E-01,-5.14E-03,4.783950617,0.300645161
-7.69E+01,1.91E+01,2.28E+01,1.27E-01,7.36E-01,-6.85E-02,-4.12E+01,-2.07E+02,5.67E+00,-1.94E+00,2.59E-01,-5.08E-03,4.769230769,0.300645161
-7.69E+01,1.91E+01,2.28E+01,1.27E-01,7.36E-01,-6.84E-02,-4.12E+01,-2.07E+02,5.71E+00,-1.94E+00,2.59E-01,-4.98E-03,4.8,0.298717949
-7.69E+01,1.91E+01,2.28E+01,1.27E-01,7.36E-01,-6.84E-02,-4.12E+01,-2.07E+02,5.76E+00,-1.94E+00,2.59E-01,-4.88E-03,4.8,0.299358974
-7.69E+01,1.92E+01,2.28E+01,1.27E-01,7.36E-01,-6.84E-02,-4.12E+01,-2.07E+02,5.80E+00,-1.94E+00,2.59E-01,-4.75E-03,4.8,0.299358974
-7.69E+01,1.92E+01,2.28E+01,1.27E-01,7.36E-01,-6.84E-02,-4.12E+01,-2.07E+02,5.82E+00,-1.94E+00,2.59E-01,-4.64E-03,4.8,0.299358974
-7.69E+01,1.92E+01,2.28E+01,1.27E-01,7.36E-01,-6.84E-02,-4.12E+01,-2.07E+02,5.83E+00,-1.94E+00,2.59E-01,-4.54E-03,4.8,0.299358974
-7.69E+01,1.92E+01,2.28E+01,1.27E-01,7.36E-01,-6.84E-02,-4.12E+01,-2.07E+02,5.82E+00,-1.94E+00,2.59E-01,-4.43E-03,4.8,0.3
-7.69E+01,1.92E+01,2.28E+01,1.27E-01,7.36E-01,-6.85E-02,-4.12E+01,-2.07E+02,5.80E+00,-1.94E+00,2.59E-01,-4.35E-03,4.8,0.3
-7.69E+01,1.92E+01,2.28E+01,1.27E-01,7.36E-01,-6.85E-02,-4.13E+01,-2.07E+02,5.77E+00,-1.94E+00,2.59E-01,-4.27E-03,4.8,0.3
-7.69E+01,1.92E+01,2.28E+01,1.27E-01,7.36E-01,-6.86E-02,-4.13E+01,-2.08E+02,5.72E+00,-1.94E+00,2.59E-01,-4.24E-03,4.8,0.3
-7.70E+01,1.91E+01,2.28E+01,1.27E-01,7.36E-01,-6.86E-02,-4.13E+01,-2.08E+02,5.67E+00,-1.94E+00,2.59E-01,-4.22E-03,4.8,0.3
-7.70E+01,1.91E+01,2.28E+01,1.27E-01,7.36E-01,-6.87E-02,-4.13E+01,-2.08E+02,5.60E+00,-1.94E+00,2.59E-01,-4.19E-03,4.8,0.3
-7.70E+01,1.91E+01,2.29E+01,1.27E-01,7.36E-01,-6.88E-02,-4.13E+01,-2.08E+02,5.54E+00,-1.94E+00,2.59E-01,-4.18E-03,4.8,0.300641026
-7.70E+01,1.91E+01,2.29E+01,1.27E-01,7.36E-01,-6.88E-02,-4.13E+01,-2.08E+02,5.48E+00,-1.94E+00,2.59E-01,-4.17E-03,4.785276074,0.300641026
-7.70E+01,1.90E+01,2.29E+01,1.27E-01,7.36E-01,-6.89E-02,-4.13E+01,-2.08E+02,5.43E+00,-1.94E+00,2.60E-01,-4.16E-03,4.785276074,0.300641026
-7.70E+01,1.90E+01,2.29E+01,1.27E-01,7.36E-01,-6.89E-02,-4.13E+01,-2.08E+02,5.38E+00,-1.94E+00,2.60E-01,-4.17E-03,4.785276074,0.300641026
-7.70E+01,1.90E+01,2.29E+01,1.27E-01,7.37E-01,-6.89E-02,-4.13E+01,-2.08E+02,5.34E+00,-1.94E+00,2.60E-01,-4.15E-03,4.785276074,0.301282051
-7.70E+01,1.90E+01,2.28E+01,1.27E-01,7.37E-01,-6.90E-02,-4.13E+01,-2.08E+02,5.31E+00,-1.94E+00,2.60E-01,-4.12E-03,4.8,0.301282051
-7.70E+01,1.90E+01,2.28E+01,1.27E-01,7.37E-01,-6.90E-02,-4.13E+01,-2.08E+02,5.30E+00,-1.94E+00,2.60E-01,-4.11E-03,4.8,0.301282051
-7.70E+01,1.90E+01,2.28E+01,1.27E-01,7.37E-01,-6.91E-02,-4.13E+01,-2.08E+02,5.31E+00,-1.94E+00,2.60E-01,-4.11E-03,4.8,0.301923077
-7.70E+01,1.90E+01,2.28E+01,1.27E-01,7.37E-01,-6.91E-02,-4.13E+01,-2.08E+02,5.35E+00,-1.94E+00,2.60E-01,-4.07E-03,4.8,0.301923077
-7.70E+01,1.90E+01,2.28E+01,1.27E-01,7.37E-01,-6.91E-02,-4.13E+01,-2.08E+02,5.40E+00,-1.94E+00,2.60E-01,-4.02E-03,4.8,0.301923077
-7.70E+01,1.90E+01,2.28E+01,1.27E-01,7.37E-01,-6.91E-02,-4.12E+01,-2.08E+02,5.48E+00,-1.94E+00,2.60E-01,-3.97E-03,4.830769231,0.300636943
-7.70E+01,1.90E+01,2.28E+01,1.28E-01,7.37E-01,-6.91E-02,-4.12E+01,-2.08E+02,5.57E+00,-1.94E+00,2.60E-01,-3.93E-03,4.830769231,0.300636943
-7.70E+01,1.90E+01,2.28E+01,1.28E-01,7.37E-01,-6.91E-02,-4.12E+01,-2.08E+02,5.68E+00,-1.94E+00,2.60E-01,-3.90E-03,4.830769231,0.300636943
-7.70E+01,1.91E+01,2.28E+01,1.28E-01,7.37E-01,-6.91E-02,-4.12E+01,-2.09E+02,5.78E+00,-1.94E+00,2.60E-01,-3.89E-03,4.830769231,0.301273885
-7.70E+01,1.91E+01,2.28E+01,1.28E-01,7.37E-01,-6.91E-02,-4.12E+01,-2.09E+02,5.87E+00,-1.94E+00,2.60E-01,-3.91E-03,4.845679012,0.301273885
-7.70E+01,1.91E+01,2.28E+01,1.28E-01,7.37E-01,-6.91E-02,-4.12E+01,-2.09E+02,5.95E+00,-1.94E+00,2.60E-01,-3.95E-03,4.845679012,0.301273885
-7.70E+01,1.92E+01,2.28E+01,1.28E-01,7.37E-01,-6.91E-02,-4.12E+01,-2.09E+02,6.01E+00,-1.94E+00,2.60E-01,-3.99E-03,4.845679012,0.301273885
-7.71E+01,1.92E+01,2.28E+01,1.28E-01,7.37E-01,-6.91E-02,-4.12E+01,-2.09E+02,6.05E+00,-1.94E+00,2.60E-01,-4.06E-03,4.845679012,0.301273885
-7.71E+01,1.92E+01,2.28E+01,1.28E-01,7.37E-01,-6.90E-02,-4.12E+01,-2.09E+02,6.07E+00,-1.94E+00,2.60E-01,-4.14E-03,4.845679012,0.301273885
-7.71E+01,1.92E+01,2.28E+01,1.28E-01,7.37E-01,-6.90E-02,-4.12E+01,-2.09E+02,6.06E+00,-1.94E+00,2.60E-01,-4.23E-03,4.845679012,0.301273885
-7.71E+01,1.92E+01,2.28E+01,1.28E-01,7.37E-01,-6.91E-02,-4.12E+01,-2.09E+02,6.03E+00,-1.94E+00,2.60E-01,-4.34E-03,4.845679012,0.301273885
-7.72E+01,1.92E+01,2.28E+01,1.28E-01,7.37E-01,-6.91E-02,-4.12E+01,-2.09E+02,5.97E+00,-1.94E+00,2.60E-01,-4.45E-03,4.845679012,0.301273885
-7.72E+01,1.91E+01,2.28E+01,1.28E-01,7.37E-01,-6.91E-02,-4.12E+01,-2.09E+02,5.89E+00,-1.94E+00,2.60E-01,-4.54E-03,4.845679012,0.301273885
-7.72E+01,1.91E+01,2.28E+01,1.28E-01,7.37E-01,-6.91E-02,-4.12E+01,-2.09E+02,5.80E+00,-1.94E+00,2.60E-01,-4.58E-03,4.845679012,0.301273885
-7.72E+01,1.91E+01,2.28E+01,1.28E-01,7.37E-01,-6.91E-02,-4.12E+01,-2.09E+02,5.69E+00,-1.94E+00,2.60E-01,-4.60E-03,4.830769231,0.301273885
-7.73E+01,1.91E+01,2.29E+01,1.28E-01,7.37E-01,-6.91E-02,-4.12E+01,-2.09E+02,5.58E+00,-1.94E+00,2.60E-01,-4.58E-03,4.830769231,0.301273885
-7.73E+01,1.90E+01,2.29E+01,1.28E-01,7.37E-01,-6.91E-02,-4.13E+01,-2.09E+02,5.48E+00,-1.94E+00,2.60E-01,-4.53E-03,4.830769231,0.301273885
-7.73E+01,1.90E+01,2.29E+01,1.27E-01,7.37E-01,-6.91E-02,-4.13E+01,-2.09E+02,5.39E+00,-1.94E+00,2.59E-01,-4.46E-03,4.830769231,0.301273885
-7.73E+01,1.90E+01,2.29E+01,1.27E-01,7.37E-01,-6.90E-02,-4.13E+01,-2.09E+02,5.30E+00,-1.94E+00,2.59E-01,-4.35E-03,4.830769231,0.301273885
-7.74E+01,1.90E+01,2.29E+01,1.27E-01,7.37E-01,-6.90E-02,-4.13E+01,-2.09E+02,5.24E+00,-1.94E+00,2.59E-01,-4.24E-03,4.81595092,0.301273885
-7.74E+01,1.90E+01,2.29E+01,1.27E-01,7.37E-01,-6.90E-02,-4.14E+01,-2.09E+02,5.19E+00,-1.94E+00,2.59E-01,-4.07E-03,4.81595092,0.301273885
-7.74E+01,1.90E+01,2.29E+01,1.27E-01,7.37E-01,-6.90E-02,-4.14E+01,-2.09E+02,5.17E+00,-1.94E+00,2.59E-01,-3.93E-03,4.81595092,0.301273885
-7.74E+01,1.90E+01,2.30E+01,1.27E-01,7.37E-01,-6.89E-02,-4.14E+01,-2.09E+02,5.16E+00,-1.94E+00,2.59E-01,-3.76E-03,4.81595092,0.301910828
-7.74E+01,1.90E+01,2.30E+01,1.27E-01,7.37E-01,-6.89E-02,-4.14E+01,-2.09E+02,5.18E+00,-1.94E+00,2.58E-01,-3.63E-03,4.81595092,0.301910828
-7.74E+01,1.90E+01,2.30E+01,1.27E-01,7.37E-01,-6.89E-02,-4.15E+01,-2.10E+02,5.23E+00,-1.94E+00,2.58E-01,-3.44E-03,4.81595092,0.301910828
-7.74E+01,1.90E+01,2.30E+01,1.27E-01,7.37E-01,-6.88E-02,-4.15E+01,-2.10E+02,5.31E+00,-1.94E+00,2.58E-01,-3.32E-03,4.81595092,0.301910828
-7.74E+01,1.91E+01,2.30E+01,1.27E-01,7.37E-01,-6.88E-02,-4.15E+01,-2.10E+02,5.41E+00,-1.94E+00,2.58E-01,-3.21E-03,4.81595092,0.301910828
-7.74E+01,1.91E+01,2.29E+01,1.27E-01,7.37E-01,-6.88E-02,-4.14E+01,-2.10E+02,5.51E+00,-1.94E+00,2.58E-01,-3.07E-03,4.81595092,0.301910828
-7.74E+01,1.91E+01,2.29E+01,1.27E-01,7.37E-01,-6.88E-02,-4.14E+01,-2.10E+02,5.62E+00,-1.94E+00,2.58E-01,-2.95E-03,4.81595092,0.302547771
-7.74E+01,1.92E+01,2.29E+01,1.27E-01,7.37E-01,-6.88E-02,-4.14E+01,-2.10E+02,5.73E+00,-1.94E+00,2.58E-01,-2.86E-03,4.81595092,0.301910828
-7.74E+01,1.92E+01,2.29E+01,1.27E-01,7.37E-01,-6.87E-02,-4.14E+01,-2.09E+02,5.83E+00,-1.94E+00,2.58E-01,-2.80E-03,4.81595092,0.301910828
-7.74E+01,1.92E+01,2.29E+01,1.27E-01,7.37E-01,-6.87E-02,-4.14E+01,-2.09E+02,5.92E+00,-1.94E+00,2.58E-01,-2.77E-03,4.81595092,0.301910828
-7.74E+01,1.92E+01,2.29E+01,1.27E-01,7.38E-01,-6.87E-02,-4.13E+01,-2.09E+02,5.99E+00,-1.94E+00,2.58E-01,-2.77E-03,4.830769231,0.301910828
-7.73E+01,1.92E+01,2.29E+01,1.27E-01,7.38E-01,-6.87E-02,-4.13E+01,-2.09E+02,6.04E+00,-1.94E+00,2.58E-01,-2.85E-03,4.830769231,0.301910828
-7.73E+01,1.92E+01,2.29E+01,1.27E-01,7.38E-01,-6.87E-02,-4.13E+01,-2.09E+02,6.08E+00,-1.94E+00,2.58E-01,-2.92E-03,4.830769231,0.301273885
-7.73E+01,1.92E+01,2.28E+01,1.27E-01,7.38E-01,-6.87E-02,-4.13E+01,-2.09E+02,6.10E+00,-1.94E+00,2.58E-01,-3.03E-03,4.830769231,0.301273885
-7.73E+01,1.92E+01,2.28E+01,1.27E-01,7.38E-01,-6.87E-02,-4.12E+01,-2.09E+02,6.10E+00,-1.94E+00,2.58E-01,-3.18E-03,4.830769231,0.300636943
-7.73E+01,1.92E+01,2.28E+01,1.27E-01,7.37E-01,-6.88E-02,-4.12E+01,-2.08E+02,6.08E+00,-1.94E+00,2.58E-01,-3.36E-03,4.830769231,0.300636943
-7.73E+01,1.92E+01,2.28E+01,1.27E-01,7.37E-01,-6.88E-02,-4.12E+01,-2.08E+02,6.04E+00,-1.94E+00,2.58E-01,-3.59E-03,4.8,0.301923077
-7.73E+01,1.92E+01,2.28E+01,1.27E-01,7.37E-01,-6.88E-02,-4.12E+01,-2.08E+02,5.97E+00,-1.94E+00,2.58E-01,-3.83E-03,4.8,0.301923077
-7.72E+01,1.92E+01,2.28E+01,1.27E-01,7.37E-01,-6.88E-02,-4.12E+01,-2.08E+02,5.90E+00,-1.94E+00,2.58E-01,-4.07E-03,4.8,0.301282051
-7.72E+01,1.91E+01,2.28E+01,1.27E-01,7.37E-01,-6.89E-02,-4.12E+01,-2.08E+02,5.81E+00,-1.94E+00,2.58E-01,-4.27E-03,4.8,0.301282051
-7.72E+01,1.91E+01,2.28E+01,1.27E-01,7.37E-01,-6.89E-02,-4.12E+01,-2.08E+02,5.73E+00,-1.94E+00,2.58E-01,-4.43E-03,4.8,0.300641026
-7.72E+01,1.91E+01,2.28E+01,1.27E-01,7.37E-01,-6.89E-02,-4.13E+01,-2.08E+02,5.66E+00,-1.94E+00,2.59E-01,-4.56E-03,4.8,0.300641026
-7.72E+01,1.91E+01,2.29E+01,1.27E-01,7.37E-01,-6.89E-02,-4.13E+01,-2.08E+02,5.59E+00,-1.94E+00,2.59E-01,-4.64E-03,4.8,0.3
-7.72E+01,1.91E+01,2.29E+01,1.27E-01,7.37E-01,-6.89E-02,-4.13E+01,-2.08E+02,5.54E+00,-1.94E+00,2.59E-01,-4.66E-03,4.8,0.3
-7.72E+01,1.90E+01,2.29E+01,1.27E-01,7.37E-01,-6.89E-02,-4.13E+01,-2.08E+02,5.50E+00,-1.94E+00,2.59E-01,-4.69E-03,4.8,0.3
-7.71E+01,1.90E+01,2.29E+01,1.27E-01,7.37E-01,-6.88E-02,-4.13E+01,-2.08E+02,5.47E+00,-1.94E+00,2.59E-01,-4.68E-03,4.785276074,0.3
-7.71E+01,1.90E+01,2.29E+01,1.27E-01,7.37E-01,-6.88E-02,-4.14E+01,-2.08E+02,5.46E+00,-1.94E+00,2.59E-01,-4.64E-03,4.785276074,0.3
-7.71E+01,1.91E+01,2.29E+01,1.27E-01,7.37E-01,-6.88E-02,-4.14E+01,-2.08E+02,5.47E+00,-1.94E+00,2.59E-01,-4.56E-03,4.785276074,0.3
-7.71E+01,1.91E+01,2.29E+01,1.27E-01,7.37E-01,-6.87E-02,-4.14E+01,-2.08E+02,5.49E+00,-1.94E+00,2.59E-01,-4.43E-03,4.785276074,0.300641026
-7.71E+01,1.91E+01,2.29E+01,1.27E-01,7.37E-01,-6.87E-02,-4.14E+01,-2.08E+02,5.54E+00,-1.94E+00,2.59E-01,-4.30E-03,4.785276074,0.300641026
-7.71E+01,1.91E+01,2.29E+01,1.27E-01,7.37E-01,-6.86E-02,-4.14E+01,-2.08E+02,5.60E+00,-1.94E+00,2.59E-01,-4.14E-03,4.785276074,0.300641026
-7.71E+01,1.91E+01,2.29E+01,1.27E-01,7.37E-01,-6.86E-02,-4.14E+01,-2.08E+02,5.67E+00,-1.94E+00,2.58E-01,-4.00E-03,4.785276074,0.300641026
-7.71E+01,1.92E+01,2.29E+01,1.27E-01,7.37E-01,-6.85E-02,-4.14E+01,-2.08E+02,5.75E+00,-1.94E+00,2.58E-01,-3.82E-03,4.785276074,0.301282051
-7.71E+01,1.92E+01,2.29E+01,1.27E-01,7.37E-01,-6.85E-02,-4.14E+01,-2.08E+02,5.82E+00,-1.94E+00,2.59E-01,-3.69E-03,4.785276074,0.301282051
-7.72E+01,1.92E+01,2.29E+01,1.27E-01,7.37E-01,-6.84E-02,-4.14E+01,-2.08E+02,5.89E+00,-1.94E+00,2.59E-01,-3.54E-03,4.785276074,0.301282051
-7.72E+01,1.92E+01,2.29E+01,1.27E-01,7.38E-01,-6.84E-02,-4.14E+01,-2.08E+02,5.95E+00,-1.94E+00,2.59E-01,-3.39E-03,4.785276074,0.301282051
-7.72E+01,1.92E+01,2.29E+01,1.28E-01,7.38E-01,-6.83E-02,-4.14E+01,-2.08E+02,5.99E+00,-1.94E+00,2.59E-01,-3.30E-03,4.785276074,0.301282051
-7.71E+01,1.92E+01,2.29E+01,1.28E-01,7.38E-01,-6.83E-02,-4.14E+01,-2.08E+02,6.03E+00,-1.94E+00,2.59E-01,-3.23E-03,4.785276074,0.301282051
-7.71E+01,1.92E+01,2.29E+01,1.28E-01,7.38E-01,-6.83E-02,-4.13E+01,-2.08E+02,6.04E+00,-1.94E+00,2.59E-01,-3.21E-03,4.8,0.301282051
-7.71E+01,1.92E+01,2.29E+01,1.28E-01,7.38E-01,-6.83E-02,-4.13E+01,-2.08E+02,6.04E+00,-1.94E+00,2.59E-01,-3.19E-03,4.8,0.301282051
-7.71E+01,1.92E+01,2.29E+01,1.28E-01,7.38E-01,-6.83E-02,-4.13E+01,-2.08E+02,6.02E+00,-1.94E+00,2.59E-01,-3.21E-03,4.8,0.300641026
-7.71E+01,1.92E+01,2.29E+01,1.28E-01,7.38E-01,-6.84E-02,-4.13E+01,-2.08E+02,5.98E+00,-1.94E+00,2.59E-01,-3.24E-03,4.8,0.300641026
-7.71E+01,1.91E+01,2.29E+01,1.28E-01,7.38E-01,-6.84E-02,-4.13E+01,-2.08E+02,5.94E+00,-1.94E+00,2.60E-01,-3.29E-03,4.8,0.300641026
-7.71E+01,1.91E+01,2.29E+01,1.28E-01,7.38E-01,-6.85E-02,-4.13E+01,-2.08E+02,5.88E+00,-1.94E+00,2.60E-01,-3.36E-03,4.8,0.300641026
-7.71E+01,1.91E+01,2.29E+01,1.28E-01,7.38E-01,-6.85E-02,-4.13E+01,-2.08E+02,5.81E+00,-1.94E+00,2.60E-01,-3.39E-03,4.8,0.300641026
-7.72E+01,1.91E+01,2.29E+01,1.28E-01,7.38E-01,-6.86E-02,-4.13E+01,-2.08E+02,5.74E+00,-1.94E+00,2.60E-01,-3.40E-03,4.8,0.301282051
-7.72E+01,1.90E+01,2.29E+01,1.28E-01,7.38E-01,-6.86E-02,-4.13E+01,-2.08E+02,5.67E+00,-1.94E+00,2.60E-01,-3.41E-03,4.785276074,0.301282051
-7.72E+01,1.90E+01,2.29E+01,1.28E-01,7.38E-01,-6.87E-02,-4.14E+01,-2.08E+02,5.61E+00,-1.94E+00,2.60E-01,-3.41E-03,4.81595092,0.299363057
-7.72E+01,1.90E+01,2.29E+01,1.28E-01,7.38E-01,-6.87E-02,-4.14E+01,-2.09E+02,5.56E+00,-1.94E+00,2.60E-01,-3.44E-03,4.81595092,0.3
-7.73E+01,1.90E+01,2.30E+01,1.28E-01,7.38E-01,-6.87E-02,-4.14E+01,-2.09E+02,5.52E+00,-1.94E+00,2.60E-01,-3.42E-03,4.81595092,0.3
-7.73E+01,1.90E+01,2.30E+01,1.28E-01,7.38E-01,-6.87E-02,-4.14E+01,-2.09E+02,5.49E+00,-1.94E+00,2.60E-01,-3.40E-03,4.81595092,0.300636943
-7.73E+01,1.90E+01,2.30E+01,1.28E-01,7.38E-01,-6.87E-02,-4.15E+01,-2.09E+02,5.48E+00,-1.94E+00,2.60E-01,-3.39E-03,4.81595092,0.300636943
-7.73E+01,1.90E+01,2.30E+01,1.28E-01,7.37E-01,-6.87E-02,-4.15E+01,-2.09E+02,5.47E+00,-1.94E+00,2.60E-01,-3.41E-03,4.801223242,0.300636943
-7.74E+01,1.90E+01,2.30E+01,1.28E-01,7.37E-01,-6.87E-02,-4.15E+01,-2.09E+02,5.47E+00,-1.94E+00,2.60E-01,-3.44E-03,4.801223242,0.300636943
-7.74E+01,1.91E+01,2.30E+01,1.28E-01,7.37E-01,-6.87E-02,-4.15E+01,-2.09E+02,5.48E+00,-1.94E+00,2.60E-01,-3.50E-03,4.801223242,0.300636943
-7.74E+01,1.91E+01,2.30E+01,1.28E-01,7.37E-01,-6.87E-02,-4.15E+01,-2.09E+02,5.50E+00,-1.94E+00,2.60E-01,-3.54E-03,4.801223242,0.300636943
-7.74E+01,1.91E+01,2.30E+01,1.28E-01,7.37E-01,-6.87E-02,-4.15E+01,-2.09E+02,5.54E+00,-1.94E+00,2.59E-01,-3.57E-03,4.801223242,0.300636943
-7.74E+01,1.91E+01,2.30E+01,1.28E-01,7.37E-01,-6.86E-02,-4.15E+01,-2.09E+02,5.58E+00,-1.94E+00,2.59E-01,-3.61E-03,4.801223242,0.300636943
-7.74E+01,1.92E+01,2.30E+01,1.28E-01,7.37E-01,-6.86E-02,-4.15E+01,-2.09E+02,5.63E+00,-1.94E+00,2.59E-01,-3.64E-03,4.801223242,0.300636943
-7.73E+01,1.92E+01,2.30E+01,1.28E-01,7.37E-01,-6.85E-02,-4.15E+01,-2.09E+02,5.67E+00,-1.94E+00,2.59E-01,-3.65E-03,4.801223242,0.300636943
-7.73E+01,1.92E+01,2.30E+01,1.28E-01,7.37E-01,-6.85E-02,-4.15E+01,-2.09E+02,5.71E+00,-1.94E+00,2.59E-01,-3.63E-03,4.81595092,0.300636943
-7.73E+01,1.92E+01,2.29E+01,1.27E-01,7.37E-01,-6.85E-02,-4.14E+01,-2.09E+02,5.74E+00,-1.94E+00,2.59E-01,-3.61E-03,4.81595092,0.3
-7.72E+01,1.92E+01,2.29E+01,1.27E-01,7.37E-01,-6.85E-02,-4.14E+01,-2.09E+02,5.77E+00,-1.94E+00,2.59E-01,-3.58E-03,4.81595092,0.3
-7.71E+01,1.92E+01,2.29E+01,1.27E-01,7.37E-01,-6.85E-02,-4.14E+01,-2.09E+02,5.79E+00,-1.94E+00,2.58E-01,-3.53E-03,4.81595092,0.3
-7.71E+01,1.92E+01,2.29E+01,1.27E-01,7.37E-01,-6.85E-02,-4.13E+01,-2.08E+02,5.80E+00,-1.94E+00,2.58E-01,-3.48E-03,4.81595092,0.3
-7.71E+01,1.92E+01,2.29E+01,1.27E-01,7.37E-01,-6.85E-02,-4.13E+01,-2.08E+02,5.80E+00,-1.94E+00,2.58E-01,-3.41E-03,4.8,0.301923077
-7.70E+01,1.92E+01,2.28E+01,1.27E-01,7.37E-01,-6.85E-02,-4.13E+01,-2.08E+02,5.79E+00,-1.94E+00,2.58E-01,-3.30E-03,4.8,0.301923077
-7.70E+01,1.92E+01,2.28E+01,1.27E-01,7.37E-01,-6.85E-02,-4.13E+01,-2.08E+02,5.77E+00,-1.94E+00,2.58E-01,-3.23E-03,4.8,0.301282051
-7.70E+01,1.91E+01,2.28E+01,1.27E-01,7.37E-01,-6.85E-02,-4.12E+01,-2.08E+02,5.74E+00,-1.94E+00,2.58E-01,-3.14E-03,4.8,0.301282051
-7.69E+01,1.91E+01,2.28E+01,1.27E-01,7.37E-01,-6.86E-02,-4.12E+01,-2.08E+02,5.70E+00,-1.94E+00,2.59E-01,-3.06E-03,4.8,0.301282051
-7.69E+01,1.91E+01,2.28E+01,1.27E-01,7.38E-01,-6.86E-02,-4.12E+01,-2.08E+02,5.66E+00,-1.94E+00,2.59E-01,-2.96E-03,4.8,0.301282051
-7.70E+01,1.91E+01,2.28E+01,1.27E-01,7.38E-01,-6.87E-02,-4.12E+01,-2.08E+02,5.62E+00,-1.94E+00,2.59E-01,-2.87E-03,4.8,0.301282051
-7.70E+01,1.90E+01,2.28E+01,1.27E-01,7.38E-01,-6.87E-02,-4.12E+01,-2.08E+02,5.58E+00,-1.94E+00,2.59E-01,-2.79E-03,4.8,0.301282051
-7.70E+01,1.90E+01,2.28E+01,1.27E-01,7.38E-01,-6.87E-02,-4.12E+01,-2.08E+02,5.55E+00,-1.94E+00,2.59E-01,-2.70E-03,4.8,0.301282051
-7.70E+01,1.90E+01,2.28E+01,1.27E-01,7.38E-01,-6.88E-02,-4.12E+01,-2.08E+02,5.53E+00,-1.94E+00,2.59E-01,-2.61E-03,4.8,0.301282051
-7.70E+01,1.90E+01,2.28E+01,1.27E-01,7.38E-01,-6.88E-02,-4.13E+01,-2.08E+02,5.51E+00,-1.94E+00,2.59E-01,-2.50E-03,4.8,0.301282051
-7.70E+01,1.90E+01,2.28E+01,1.27E-01,7.38E-01,-6.88E-02,-4.13E+01,-2.08E+02,5.49E+00,-1.94E+00,2.59E-01,-2.38E-03,4.8,0.301282051
-7.70E+01,1.90E+01,2.28E+01,1.27E-01,7.38E-01,-6.88E-02,-4.13E+01,-2.08E+02,5.49E+00,-1.94E+00,2.59E-01,-2.31E-03,4.8,0.301282051
-7.71E+01,1.90E+01,2.29E+01,1.27E-01,7.38E-01,-6.89E-02,-4.13E+01,-2.08E+02,5.49E+00,-1.94E+00,2.59E-01,-2.22E-03,4.8,0.301282051
-7.71E+01,1.90E+01,2.29E+01,1.27E-01,7.38E-01,-6.89E-02,-4.13E+01,-2.08E+02,5.49E+00,-1.94E+00,2.59E-01,-2.18E-03,4.8,0.301282051
-7.71E+01,1.90E+01,2.29E+01,1.27E-01,7.38E-01,-6.88E-02,-4.13E+01,-2.08E+02,5.51E+00,-1.94E+00,2.59E-01,-2.15E-03,4.8,0.301282051
-7.71E+01,1.90E+01,2.29E+01,1.27E-01,7.38E-01,-6.88E-02,-4.13E+01,-2.08E+02,5.55E+00,-1.94E+00,2.59E-01,-2.11E-03,4.8,0.301282051
-7.71E+01,1.90E+01,2.29E+01,1.27E-01,7.38E-01,-6.88E-02,-4.13E+01,-2.08E+02,5.59E+00,-1.94E+00,2.59E-01,-2.08E-03,4.8,0.301282051
-7.71E+01,1.90E+01,2.29E+01,1.27E-01,7.38E-01,-6.88E-02,-4.13E+01,-2.08E+02,5.65E+00,-1.94E+00,2.59E-01,-2.06E-03,4.8,0.300641026
-7.71E+01,1.91E+01,2.29E+01,1.27E-01,7.38E-01,-6.87E-02,-4.13E+01,-2.08E+02,5.71E+00,-1.94E+00,2.59E-01,-2.05E-03,4.8,0.300641026
-7.71E+01,1.91E+01,2.29E+01,1.27E-01,7.38E-01,-6.87E-02,-4.13E+01,-2.08E+02,5.78E+00,-1.94E+00,2.59E-01,-2.06E-03,4.8,0.300641026
-7.71E+01,1.91E+01,2.29E+01,1.27E-01,7.38E-01,-6.87E-02,-4.13E+01,-2.08E+02,5.86E+00,-1.94E+00,2.59E-01,-2.11E-03,4.8,0.300641026
-7.71E+01,1.91E+01,2.28E+01,1.27E-01,7.38E-01,-6.86E-02,-4.13E+01,-2.08E+02,5.93E+00,-1.94E+00,2.58E-01,-2.20E-03,4.8,0.300641026
-7.70E+01,1.91E+01,2.28E+01,1.27E-01,7.38E-01,-6.86E-02,-4.12E+01,-2.08E+02,5.99E+00,-1.94E+00,2.58E-01,-2.32E-03,4.8,0.300641026
-7.70E+01,1.91E+01,2.28E+01,1.27E-01,7.38E-01,-6.86E-02,-4.12E+01,-2.08E+02,6.03E+00,-1.94E+00,2.58E-01,-2.48E-03,4.8,0.300641026
-7.70E+01,1.91E+01,2.28E+01,1.27E-01,7.38E-01,-6.86E-02,-4.12E+01,-2.08E+02,6.06E+00,-1.94E+00,2.58E-01,-2.64E-03,4.8,0.300641026
-7.69E+01,1.91E+01,2.28E+01,1.27E-01,7.38E-01,-6.86E-02,-4.12E+01,-2.07E+02,6.08E+00,-1.94E+00,2.58E-01,-2.88E-03,4.814814815,0.300641026
-7.69E+01,1.91E+01,2.28E+01,1.27E-01,7.38E-01,-6.85E-02,-4.12E+01,-2.07E+02,6.09E+00,-1.94E+00,2.58E-01,-3.09E-03,4.814814815,0.300641026
-7.69E+01,1.91E+01,2.28E+01,1.27E-01,7.38E-01,-6.86E-02,-4.11E+01,-2.07E+02,6.08E+00,-1.94E+00,2.58E-01,-3.32E-03,4.814814815,0.300641026
-7.69E+01,1.91E+01,2.28E+01,1.27E-01,7.38E-01,-6.86E-02,-4.11E+01,-2.07E+02,6.04E+00,-1.94E+00,2.58E-01,-3.58E-03,4.814814815,0.300641026
-7.69E+01,1.91E+01,2.28E+01,1.27E-01,7.38E-01,-6.86E-02,-4.12E+01,-2.07E+02,5.99E+00,-1.94E+00,2.58E-01,-3.82E-03,4.814814815,0.300641026
-7.69E+01,1.91E+01,2.28E+01,1.27E-01,7.38E-01,-6.86E-02,-4.12E+01,-2.07E+02,5.92E+00,-1.94E+00,2.58E-01,-4.02E-03,4.814814815,0.300641026
-7.69E+01,1.91E+01,2.28E+01,1.27E-01,7.38E-01,-6.87E-02,-4.12E+01,-2.07E+02,5.84E+00,-1.94E+00,2.58E-01,-4.21E-03,4.814814815,0.3
-7.69E+01,1.91E+01,2.28E+01,1.27E-01,7.38E-01,-6.87E-02,-4.12E+01,-2.07E+02,5.75E+00,-1.94E+00,2.58E-01,-4.32E-03,4.8,0.3
-7.70E+01,1.90E+01,2.28E+01,1.27E-01,7.38E-01,-6.87E-02,-4.12E+01,-2.07E+02,5.65E+00,-1.94E+00,2.58E-01,-4.39E-03,4.8,0.3
-7.70E+01,1.90E+01,2.28E+01,1.27E-01,7.37E-01,-6.87E-02,-4.13E+01,-2.08E+02,5.56E+00,-1.94E+00,2.58E-01,-4.44E-03,4.8,0.3
-7.70E+01,1.90E+01,2.29E+01,1.27E-01,7.37E-01,-6.87E-02,-4.13E+01,-2.08E+02,5.48E+00,-1.94E+00,2.58E-01,-4.44E-03,4.8,0.3
-7.70E+01,1.90E+01,2.29E+01,1.27E-01,7.37E-01,-6.87E-02,-4.13E+01,-2.08E+02,5.41E+00,-1.94E+00,2.58E-01,-4.43E-03,4.785276074,0.3
-7.71E+01,1.90E+01,2.29E+01,1.27E-01,7.37E-01,-6.87E-02,-4.14E+01,-2.08E+02,5.36E+00,-1.94E+00,2.58E-01,-4.35E-03,4.785276074,0.3
-7.71E+01,1.90E+01,2.29E+01,1.27E-01,7.37E-01,-6.87E-02,-4.14E+01,-2.08E+02,5.32E+00,-1.94E+00,2.58E-01,-4.25E-03,4.785276074,0.3
-7.71E+01,1.90E+01,2.29E+01,1.27E-01,7.37E-01,-6.87E-02,-4.14E+01,-2.08E+02,5.30E+00,-1.94E+00,2.58E-01,-4.12E-03,4.785276074,0.3
-7.71E+01,1.90E+01,2.29E+01,1.27E-01,7.37E-01,-6.87E-02,-4.14E+01,-2.08E+02,5.30E+00,-1.94E+00,2.58E-01,-3.99E-03,4.785276074,0.300641026
-7.70E+01,1.90E+01,2.29E+01,1.27E-01,7.37E-01,-6.86E-02,-4.14E+01,-2.08E+02,5.33E+00,-1.94E+00,2.58E-01,-3.87E-03,4.785276074,0.300641026
-7.70E+01,1.90E+01,2.29E+01,1.27E-01,7.37E-01,-6.86E-02,-4.14E+01,-2.08E+02,5.38E+00,-1.94E+00,2.58E-01,-3.74E-03,4.785276074,0.300641026
-7.70E+01,1.91E+01,2.29E+01,1.27E-01,7.37E-01,-6.86E-02,-4.14E+01,-2.08E+02,5.45E+00,-1.94E+00,2.58E-01,-3.58E-03,4.785276074,0.300641026
-7.70E+01,1.91E+01,2.29E+01,1.27E-01,7.37E-01,-6.86E-02,-4.13E+01,-2.08E+02,5.54E+00,-1.94E+00,2.58E-01,-3.43E-03,4.8,0.300641026
-7.69E+01,1.91E+01,2.28E+01,1.27E-01,7.38E-01,-6.85E-02,-4.13E+01,-2.08E+02,5.64E+00,-1.94E+00,2.58E-01,-3.27E-03,4.8,0.301282051
-7.69E+01,1.91E+01,2.28E+01,1.27E-01,7.38E-01,-6.85E-02,-4.12E+01,-2.08E+02,5.73E+00,-1.94E+00,2.58E-01,-3.18E-03,4.8,0.301282051
-7.69E+01,1.91E+01,2.28E+01,1.27E-01,7.38E-01,-6.85E-02,-4.12E+01,-2.08E+02,5.81E+00,-1.94E+00,2.59E-01,-3.07E-03,4.814814815,0.301282051
-7.68E+01,1.91E+01,2.27E+01,1.27E-01,7.38E-01,-6.85E-02,-4.11E+01,-2.08E+02,5.89E+00,-1.94E+00,2.59E-01,-2.98E-03,4.814814815,0.301282051
-7.68E+01,1.91E+01,2.27E+01,1.27E-01,7.38E-01,-6.86E-02,-4.11E+01,-2.08E+02,5.95E+00,-1.94E+00,2.59E-01,-2.90E-03,4.814814815,0.301923077
-7.68E+01,1.91E+01,2.27E+01,1.27E-01,7.38E-01,-6.86E-02,-4.10E+01,-2.08E+02,6.01E+00,-1.94E+00,2.59E-01,-2.85E-03,4.829721362,0.301923077
-7.68E+01,1.91E+01,2.27E+01,1.27E-01,7.38E-01,-6.86E-02,-4.10E+01,-2.08E+02,6.04E+00,-1.94E+00,2.60E-01,-2.80E-03,4.829721362,0.301923077
-7.68E+01,1.91E+01,2.27E+01,1.28E-01,7.38E-01,-6.87E-02,-4.10E+01,-2.08E+02,6.05E+00,-1.94E+00,2.60E-01,-2.76E-03,4.829721362,0.301923077
-7.68E+01,1.91E+01,2.27E+01,1.28E-01,7.38E-01,-6.87E-02,-4.09E+01,-2.08E+02,6.05E+00,-1.94E+00,2.60E-01,-2.72E-03,4.829721362,0.301923077
-7.68E+01,1.91E+01,2.27E+01,1.28E-01,7.38E-01,-6.88E-02,-4.10E+01,-2.08E+02,6.03E+00,-1.94E+00,2.60E-01,-2.69E-03,4.829721362,0.302564103
-7.69E+01,1.91E+01,2.27E+01,1.28E-01,7.38E-01,-6.88E-02,-4.10E+01,-2.08E+02,5.99E+00,-1.94E+00,2.60E-01,-2.66E-03,4.829721362,0.302564103
-7.69E+01,1.90E+01,2.28E+01,1.28E-01,7.38E-01,-6.89E-02,-4.10E+01,-2.08E+02,5.93E+00,-1.94E+00,2.61E-01,-2.62E-03,4.829721362,0.302564103
-7.70E+01,1.90E+01,2.28E+01,1.28E-01,7.38E-01,-6.89E-02,-4.11E+01,-2.08E+02,5.86E+00,-1.94E+00,2.61E-01,-2.58E-03,4.845679012,0.300636943
-7.71E+01,1.90E+01,2.28E+01,1.28E-01,7.38E-01,-6.89E-02,-4.11E+01,-2.09E+02,5.79E+00,-1.94E+00,2.61E-01,-2.53E-03,4.845679012,0.301273885
-7.71E+01,1.90E+01,2.29E+01,1.28E-01,7.38E-01,-6.89E-02,-4.12E+01,-2.09E+02,5.72E+00,-1.94E+00,2.61E-01,-2.43E-03,4.845679012,0.301273885
-7.72E+01,1.90E+01,2.29E+01,1.28E-01,7.38E-01,-6.89E-02,-4.12E+01,-2.09E+02,5.65E+00,-1.94E+00,2.61E-01,-2.38E-03,4.830769231,0.301273885
-7.72E+01,1.90E+01,2.29E+01,1.28E-01,7.38E-01,-6.89E-02,-4.13E+01,-2.09E+02,5.60E+00,-1.94E+00,2.60E-01,-2.31E-03,4.830769231,0.301273885
-7.73E+01,1.90E+01,2.29E+01,1.28E-01,7.38E-01,-6.88E-02,-4.13E+01,-2.09E+02,5.56E+00,-1.94E+00,2.60E-01,-2.30E-03,4.830769231,0.301910828
-7.73E+01,1.90E+01,2.30E+01,1.28E-01,7.38E-01,-6.88E-02,-4.14E+01,-2.10E+02,5.53E+00,-1.94E+00,2.60E-01,-2.27E-03,4.81595092,0.301910828
-7.73E+01,1.90E+01,2.30E+01,1.28E-01,7.38E-01,-6.87E-02,-4.14E+01,-2.10E+02,5.51E+00,-1.94E+00,2.60E-01,-2.25E-03,4.81595092,0.301910828
-7.74E+01,1.90E+01,2.30E+01,1.28E-01,7.38E-01,-6.87E-02,-4.14E+01,-2.10E+02,5.51E+00,-1.94E+00,2.59E-01,-2.22E-03,4.846625767,0.3
-7.74E+01,1.90E+01,2.30E+01,1.28E-01,7.38E-01,-6.86E-02,-4.14E+01,-2.10E+02,5.53E+00,-1.94E+00,2.59E-01,-2.25E-03,4.846625767,0.300632911
-7.74E+01,1.90E+01,2.30E+01,1.28E-01,7.38E-01,-6.85E-02,-4.14E+01,-2.10E+02,5.57E+00,-1.94E+00,2.59E-01,-2.27E-03,4.846625767,0.300632911
-7.74E+01,1.91E+01,2.30E+01,1.27E-01,7.37E-01,-6.85E-02,-4.15E+01,-2.10E+02,5.62E+00,-1.94E+00,2.59E-01,-2.29E-03,4.846625767,0.300632911
-7.74E+01,1.91E+01,2.30E+01,1.27E-01,7.37E-01,-6.84E-02,-4.15E+01,-2.10E+02,5.68E+00,-1.94E+00,2.58E-01,-2.34E-03,4.846625767,0.300632911
-7.74E+01,1.91E+01,2.30E+01,1.27E-01,7.37E-01,-6.84E-02,-4.15E+01,-2.10E+02,5.74E+00,-1.94E+00,2.58E-01,-2.40E-03,4.846625767,0.301265823
-7.74E+01,1.92E+01,2.30E+01,1.27E-01,7.37E-01,-6.83E-02,-4.14E+01,-2.10E+02,5.79E+00,-1.94E+00,2.58E-01,-2.48E-03,4.846625767,0.301265823
-7.74E+01,1.92E+01,2.30E+01,1.27E-01,7.37E-01,-6.83E-02,-4.14E+01,-2.10E+02,5.84E+00,-1.94E+00,2.58E-01,-2.58E-03,4.846625767,0.301265823
-7.74E+01,1.92E+01,2.29E+01,1.27E-01,7.37E-01,-6.82E-02,-4.14E+01,-2.10E+02,5.88E+00,-1.94E+00,2.57E-01,-2.69E-03,4.846625767,0.301265823
-7.74E+01,1.92E+01,2.29E+01,1.27E-01,7.36E-01,-6.82E-02,-4.14E+01,-2.10E+02,5.91E+00,-1.94E+00,2.57E-01,-2.76E-03,4.846625767,0.301265823
-7.74E+01,1.92E+01,2.29E+01,1.27E-01,7.36E-01,-6.82E-02,-4.14E+01,-2.10E+02,5.92E+00,-1.94E+00,2.57E-01,-2.83E-03,4.846625767,0.301265823
-7.74E+01,1.92E+01,2.29E+01,1.27E-01,7.36E-01,-6.81E-02,-4.14E+01,-2.10E+02,5.91E+00,-1.94E+00,2.57E-01,-2.90E-03,4.846625767,0.301265823
-7.74E+01,1.92E+01,2.29E+01,1.27E-01,7.36E-01,-6.81E-02,-4.14E+01,-2.10E+02,5.90E+00,-1.94E+00,2.57E-01,-2.96E-03,4.846625767,0.301265823
-7.74E+01,1.92E+01,2.29E+01,1.27E-01,7.36E-01,-6.81E-02,-4.14E+01,-2.10E+02,5.87E+00,-1.94E+00,2.57E-01,-2.97E-03,4.846625767,0.301265823
-7.74E+01,1.92E+01,2.29E+01,1.27E-01,7.36E-01,-6.81E-02,-4.14E+01,-2.10E+02,5.83E+00,-1.94E+00,2.57E-01,-2.96E-03,4.846625767,0.301265823
-7.75E+01,1.92E+01,2.29E+01,1.27E-01,7.36E-01,-6.82E-02,-4.14E+01,-2.10E+02,5.78E+00,-1.94E+00,2.57E-01,-2.91E-03,4.846625767,0.301265823
-7.75E+01,1.92E+01,2.29E+01,1.27E-01,7.36E-01,-6.82E-02,-4.14E+01,-2.10E+02,5.72E+00,-1.94E+00,2.57E-01,-2.85E-03,4.846625767,0.301265823
-7.75E+01,1.91E+01,2.29E+01,1.27E-01,7.36E-01,-6.82E-02,-4.14E+01,-2.10E+02,5.65E+00,-1.94E+00,2.57E-01,-2.76E-03,4.846625767,0.301265823
-7.75E+01,1.91E+01,2.29E+01,1.27E-01,7.36E-01,-6.83E-02,-4.14E+01,-2.10E+02,5.59E+00,-1.94E+00,2.57E-01,-2.66E-03,4.846625767,0.301265823
-7.74E+01,1.91E+01,2.29E+01,1.27E-01,7.36E-01,-6.84E-02,-4.13E+01,-2.10E+02,5.52E+00,-1.94E+00,2.57E-01,-2.58E-03,4.846625767,0.301265823
-7.74E+01,1.90E+01,2.29E+01,1.27E-01,7.36E-01,-6.84E-02,-4.13E+01,-2.10E+02,5.47E+00,-1.94E+00,2.57E-01,-2.47E-03,4.861538462,0.301265823
-7.74E+01,1.90E+01,2.29E+01,1.27E-01,7.36E-01,-6.85E-02,-4.13E+01,-2.10E+02,5.43E+00,-1.94E+00,2.57E-01,-2.36E-03,4.861538462,0.301265823
-7.74E+01,1.90E+01,2.29E+01,1.27E-01,7.36E-01,-6.85E-02,-4.13E+01,-2.10E+02,5.40E+00,-1.94E+00,2.57E-01,-2.23E-03,4.861538462,0.300632911
-7.74E+01,1.90E+01,2.29E+01,1.27E-01,7.37E-01,-6.86E-02,-4.13E+01,-2.10E+02,5.39E+00,-1.94E+00,2.57E-01,-2.10E-03,4.861538462,0.300632911
-7.74E+01,1.89E+01,2.29E+01,1.27E-01,7.37E-01,-6.86E-02,-4.13E+01,-2.10E+02,5.39E+00,-1.94E+00,2.58E-01,-2.00E-03,4.861538462,0.300632911
-7.74E+01,1.89E+01,2.29E+01,1.27E-01,7.37E-01,-6.87E-02,-4.13E+01,-2.10E+02,5.41E+00,-1.94E+00,2.58E-01,-1.90E-03,4.830769231,0.302547771
-7.73E+01,1.89E+01,2.29E+01,1.27E-01,7.37E-01,-6.87E-02,-4.12E+01,-2.10E+02,5.43E+00,-1.94E+00,2.58E-01,-1.81E-03,4.830769231,0.302547771
-7.73E+01,1.89E+01,2.29E+01,1.27E-01,7.37E-01,-6.87E-02,-4.12E+01,-2.10E+02,5.45E+00,-1.94E+00,2.58E-01,-1.73E-03,4.830769231,0.302547771
-7.73E+01,1.90E+01,2.29E+01,1.27E-01,7.37E-01,-6.88E-02,-4.12E+01,-2.10E+02,5.49E+00,-1.94E+00,2.58E-01,-1.66E-03,4.830769231,0.302547771
-7.73E+01,1.90E+01,2.29E+01,1.27E-01,7.37E-01,-6.88E-02,-4.12E+01,-2.09E+02,5.54E+00,-1.94E+00,2.58E-01,-1.62E-03,4.830769231,0.302547771
-7.73E+01,1.90E+01,2.29E+01,1.27E-01,7.37E-01,-6.88E-02,-4.12E+01,-2.09E+02,5.60E+00,-1.94E+00,2.58E-01,-1.58E-03,4.830769231,0.302547771
-7.73E+01,1.90E+01,2.29E+01,1.27E-01,7.37E-01,-6.87E-02,-4.12E+01,-2.09E+02,5.66E+00,-1.94E+00,2.58E-01,-1.57E-03,4.830769231,0.302547771
-7.73E+01,1.91E+01,2.29E+01,1.27E-01,7.38E-01,-6.87E-02,-4.13E+01,-2.09E+02,5.73E+00,-1.94E+00,2.57E-01,-1.53E-03,4.830769231,0.302547771
-7.73E+01,1.91E+01,2.29E+01,1.27E-01,7.38E-01,-6.87E-02,-4.13E+01,-2.09E+02,5.79E+00,-1.94E+00,2.57E-01,-1.51E-03,4.830769231,0.302547771
-7.73E+01,1.91E+01,2.29E+01,1.27E-01,7.38E-01,-6.87E-02,-4.13E+01,-2.09E+02,5.84E+00,-1.94E+00,2.57E-01,-1.50E-03,4.830769231,0.301910828
-7.73E+01,1.91E+01,2.29E+01,1.27E-01,7.38E-01,-6.87E-02,-4.13E+01,-2.09E+02,5.88E+00,-1.94E+00,2.57E-01,-1.48E-03,4.830769231,0.301910828
-7.73E+01,1.92E+01,2.29E+01,1.27E-01,7.38E-01,-6.86E-02,-4.13E+01,-2.09E+02,5.91E+00,-1.94E+00,2.57E-01,-1.40E-03,4.830769231,0.301910828
-7.73E+01,1.92E+01,2.29E+01,1.26E-01,7.38E-01,-6.86E-02,-4.13E+01,-2.09E+02,5.95E+00,-1.94E+00,2.57E-01,-1.44E-03,4.830769231,0.301910828
-7.73E+01,1.92E+01,2.29E+01,1.26E-01,7.38E-01,-6.86E-02,-4.13E+01,-2.09E+02,5.98E+00,-1.94E+00,2.57E-01,-1.48E-03,4.830769231,0.301910828
-7.73E+01,1.92E+01,2.29E+01,1.26E-01,7.38E-01,-6.86E-02,-4.13E+01,-2.09E+02,5.99E+00,-1.94E+00,2.57E-01,-1.50E-03,4.830769231,0.301273885
-7.72E+01,1.92E+01,2.28E+01,1.26E-01,7.38E-01,-6.86E-02,-4.13E+01,-2.09E+02,6.00E+00,-1.94E+00,2.57E-01,-1.54E-03,4.830769231,0.301273885
-7.72E+01,1.92E+01,2.28E+01,1.26E-01,7.38E-01,-6.86E-02,-4.13E+01,-2.09E+02,5.99E+00,-1.94E+00,2.57E-01,-1.64E-03,4.830769231,0.301273885
-7.72E+01,1.92E+01,2.28E+01,1.26E-01,7.38E-01,-6.86E-02,-4.13E+01,-2.09E+02,5.96E+00,-1.94E+00,2.57E-01,-1.76E-03,4.830769231,0.300636943
-7.71E+01,1.92E+01,2.28E+01,1.26E-01,7.38E-01,-6.86E-02,-4.12E+01,-2.08E+02,5.93E+00,-1.94E+00,2.57E-01,-1.86E-03,4.830769231,0.300636943
-7.71E+01,1.91E+01,2.28E+01,1.26E-01,7.38E-01,-6.86E-02,-4.12E+01,-2.08E+02,5.90E+00,-1.94E+00,2.57E-01,-2.01E-03,4.8,0.302564103
-7.71E+01,1.91E+01,2.28E+01,1.26E-01,7.38E-01,-6.87E-02,-4.12E+01,-2.08E+02,5.86E+00,-1.94E+00,2.57E-01,-2.18E-03,4.8,0.301923077
-7.71E+01,1.91E+01,2.28E+01,1.26E-01,7.38E-01,-6.87E-02,-4.12E+01,-2.08E+02,5.82E+00,-1.94E+00,2.57E-01,-2.37E-03,4.8,0.301923077
-7.71E+01,1.91E+01,2.28E+01,1.26E-01,7.38E-01,-6.87E-02,-4.12E+01,-2.08E+02,5.77E+00,-1.94E+00,2.57E-01,-2.56E-03,4.8,0.301282051
-7.71E+01,1.91E+01,2.28E+01,1.26E-01,7.37E-01,-6.87E-02,-4.12E+01,-2.08E+02,5.72E+00,-1.94E+00,2.57E-01,-2.78E-03,4.8,0.301282051
-7.71E+01,1.90E+01,2.28E+01,1.26E-01,7.37E-01,-6.87E-02,-4.12E+01,-2.08E+02,5.67E+00,-1.94E+00,2.57E-01,-3.00E-03,4.8,0.301282051
-7.70E+01,1.90E+01,2.28E+01,1.26E-01,7.37E-01,-6.87E-02,-4.12E+01,-2.08E+02,5.63E+00,-1.94E+00,2.58E-01,-3.24E-03,4.8,0.300641026
-7.70E+01,1.90E+01,2.28E+01,1.26E-01,7.37E-01,-6.88E-02,-4.12E+01,-2.08E+02,5.59E+00,-1.94E+00,2.58E-01,-3.45E-03,4.8,0.300641026
-7.70E+01,1.90E+01,2.28E+01,1.26E-01,7.37E-01,-6.88E-02,-4.12E+01,-2.07E+02,5.56E+00,-1.94E+00,2.58E-01,-3.64E-03,4.814814815,0.300641026
-7.70E+01,1.90E+01,2.28E+01,1.26E-01,7.37E-01,-6.88E-02,-4.12E+01,-2.07E+02,5.54E+00,-1.94E+00,2.58E-01,-3.81E-03,4.814814815,0.300641026
-7.70E+01,1.90E+01,2.28E+01,1.26E-01,7.37E-01,-6.88E-02,-4.12E+01,-2.07E+02,5.54E+00,-1.94E+00,2.58E-01,-3.95E-03,4.814814815,0.300641026
-7.70E+01,1.90E+01,2.28E+01,1.26E-01,7.37E-01,-6.88E-02,-4.12E+01,-2.07E+02,5.55E+00,-1.94E+00,2.58E-01,-4.08E-03,4.814814815,0.300641026
-7.70E+01,1.90E+01,2.28E+01,1.26E-01,7.36E-01,-6.87E-02,-4.12E+01,-2.07E+02,5.58E+00,-1.94E+00,2.58E-01,-4.15E-03,4.814814815,0.3
-7.70E+01,1.90E+01,2.28E+01,1.26E-01,7.36E-01,-6.87E-02,-4.12E+01,-2.07E+02,5.63E+00,-1.94E+00,2.57E-01,-4.21E-03,4.814814815,0.3
-7.70E+01,1.90E+01,2.28E+01,1.26E-01,7.36E-01,-6.87E-02,-4.12E+01,-2.07E+02,5.69E+00,-1.94E+00,2.57E-01,-4.25E-03,4.814814815,0.3
-7.70E+01,1.90E+01,2.28E+01,1.26E-01,7.37E-01,-6.86E-02,-4.12E+01,-2.07E+02,5.76E+00,-1.94E+00,2.57E-01,-4.24E-03,4.814814815,0.3
-7.70E+01,1.91E+01,2.28E+01,1.26E-01,7.37E-01,-6.86E-02,-4.12E+01,-2.07E+02,5.82E+00,-1.94E+00,2.57E-01,-4.25E-03,4.814814815,0.3
-7.70E+01,1.91E+01,2.28E+01,1.26E-01,7.37E-01,-6.86E-02,-4.12E+01,-2.07E+02,5.88E+00,-1.94E+00,2.57E-01,-4.24E-03,4.814814815,0.3
-7.70E+01,1.91E+01,2.28E+01,1.26E-01,7.37E-01,-6.85E-02,-4.12E+01,-2.07E+02,5.93E+00,-1.94E+00,2.57E-01,-4.24E-03,4.814814815,0.300641026
-7.70E+01,1.91E+01,2.28E+01,1.26E-01,7.37E-01,-6.85E-02,-4.11E+01,-2.07E+02,5.97E+00,-1.94E+00,2.57E-01,-4.23E-03,4.814814815,0.300641026
-7.69E+01,1.91E+01,2.28E+01,1.26E-01,7.37E-01,-6.85E-02,-4.11E+01,-2.07E+02,6.01E+00,-1.94E+00,2.57E-01,-4.19E-03,4.814814815,0.300641026
-7.69E+01,1.91E+01,2.28E+01,1.26E-01,7.37E-01,-6.84E-02,-4.11E+01,-2.08E+02,6.03E+00,-1.94E+00,2.57E-01,-4.19E-03,4.814814815,0.300641026
-7.69E+01,1.91E+01,2.28E+01,1.26E-01,7.37E-01,-6.84E-02,-4.11E+01,-2.08E+02,6.03E+00,-1.94E+00,2.57E-01,-4.15E-03,4.814814815,0.300641026
-7.69E+01,1.91E+01,2.28E+01,1.26E-01,7.37E-01,-6.84E-02,-4.11E+01,-2.08E+02,6.01E+00,-1.94E+00,2.57E-01,-4.12E-03,4.814814815,0.300641026
-7.69E+01,1.91E+01,2.28E+01,1.26E-01,7.37E-01,-6.84E-02,-4.11E+01,-2.08E+02,5.98E+00,-1.94E+00,2.57E-01,-3.98E-03,4.814814815,0.3
-7.69E+01,1.91E+01,2.28E+01,1.26E-01,7.37E-01,-6.85E-02,-4.12E+01,-2.08E+02,5.93E+00,-1.94E+00,2.57E-01,-3.89E-03,4.814814815,0.3
-7.69E+01,1.91E+01,2.28E+01,1.26E-01,7.37E-01,-6.85E-02,-4.12E+01,-2.08E+02,5.87E+00,-1.94E+00,2.57E-01,-3.75E-03,4.814814815,0.3
-7.69E+01,1.91E+01,2.28E+01,1.26E-01,7.37E-01,-6.85E-02,-4.12E+01,-2.08E+02,5.80E+00,-1.94E+00,2.57E-01,-3.67E-03,4.814814815,0.3
-7.70E+01,1.91E+01,2.28E+01,1.26E-01,7.37E-01,-6.85E-02,-4.12E+01,-2.08E+02,5.73E+00,-1.94E+00,2.58E-01,-3.58E-03,4.8,0.3
-7.70E+01,1.90E+01,2.29E+01,1.26E-01,7.37E-01,-6.86E-02,-4.12E+01,-2.08E+02,5.65E+00,-1.94E+00,2.58E-01,-3.50E-03,4.8,0.3
-7.70E+01,1.90E+01,2.29E+01,1.26E-01,7.37E-01,-6.86E-02,-4.13E+01,-2.08E+02,5.58E+00,-1.94E+00,2.58E-01,-3.39E-03,4.8,0.3
-7.70E+01,1.90E+01,2.29E+01,1.26E-01,7.37E-01,-6.86E-02,-4.13E+01,-2.08E+02,5.52E+00,-1.94E+00,2.58E-01,-3.30E-03,4.8,0.3
-7.70E+01,1.90E+01,2.29E+01,1.26E-01,7.37E-01,-6.86E-02,-4.13E+01,-2.08E+02,5.48E+00,-1.94E+00,2.58E-01,-3.24E-03,4.8,0.3
-7.71E+01,1.90E+01,2.29E+01,1.26E-01,7.36E-01,-6.86E-02,-4.13E+01,-2.08E+02,5.46E+00,-1.94E+00,2.58E-01,-3.22E-03,4.785276074,0.300641026
-7.71E+01,1.90E+01,2.29E+01,1.26E-01,7.36E-01,-6.86E-02,-4.14E+01,-2.08E+02,5.45E+00,-1.94E+00,2.57E-01,-3.17E-03,4.785276074,0.300641026
-7.71E+01,1.90E+01,2.29E+01,1.26E-01,7.36E-01,-6.86E-02,-4.14E+01,-2.08E+02,5.47E+00,-1.94E+00,2.57E-01,-3.16E-03,4.785276074,0.300641026
-7.72E+01,1.91E+01,2.29E+01,1.26E-01,7.36E-01,-6.86E-02,-4.14E+01,-2.08E+02,5.50E+00,-1.94E+00,2.57E-01,-3.15E-03,4.785276074,0.301282051
-7.72E+01,1.91E+01,2.29E+01,1.26E-01,7.36E-01,-6.86E-02,-4.14E+01,-2.08E+02,5.55E+00,-1.94E+00,2.57E-01,-3.15E-03,4.81595092,0.299363057
-7.72E+01,1.91E+01,2.29E+01,1.26E-01,7.36E-01,-6.85E-02,-4.14E+01,-2.08E+02,5.61E+00,-1.94E+00,2.57E-01,-3.17E-03,4.81595092,0.299363057
-7.72E+01,1.91E+01,2.29E+01,1.26E-01,7.36E-01,-6.85E-02,-4.14E+01,-2.09E+02,5.70E+00,-1.94E+00,2.57E-01,-3.20E-03,4.81595092,0.3
-7.72E+01,1.92E+01,2.29E+01,1.26E-01,7.36E-01,-6.84E-02,-4.14E+01,-2.09E+02,5.78E+00,-1.94E+00,2.56E-01,-3.24E-03,4.81595092,0.3
-7.72E+01,1.92E+01,2.29E+01,1.26E-01,7.36E-01,-6.84E-02,-4.14E+01,-2.09E+02,5.86E+00,-1.94E+00,2.56E-01,-3.33E-03,4.81595092,0.300636943
-7.71E+01,1.92E+01,2.29E+01,1.26E-01,7.36E-01,-6.83E-02,-4.13E+01,-2.09E+02,5.93E+00,-1.94E+00,2.56E-01,-3.39E-03,4.830769231,0.300636943
-7.71E+01,1.92E+01,2.28E+01,1.26E-01,7.36E-01,-6.83E-02,-4.13E+01,-2.09E+02,5.98E+00,-1.94E+00,2.56E-01,-3.48E-03,4.830769231,0.300636943
-7.71E+01,1.92E+01,2.28E+01,1.26E-01,7.36E-01,-6.83E-02,-4.13E+01,-2.09E+02,6.02E+00,-1.94E+00,2.56E-01,-3.62E-03,4.830769231,0.301273885
-7.71E+01,1.92E+01,2.28E+01,1.26E-01,7.36E-01,-6.82E-02,-4.12E+01,-2.09E+02,6.06E+00,-1.94E+00,2.56E-01,-3.75E-03,4.830769231,0.301273885
-7.71E+01,1.92E+01,2.28E+01,1.26E-01,7.36E-01,-6.82E-02,-4.12E+01,-2.09E+02,6.08E+00,-1.94E+00,2.56E-01,-3.91E-03,4.845679012,0.301273885
-7.71E+01,1.92E+01,2.28E+01,1.26E-01,7.36E-01,-6.82E-02,-4.12E+01,-2.09E+02,6.09E+00,-1.94E+00,2.56E-01,-4.09E-03,4.845679012,0.301273885
-7.71E+01,1.92E+01,2.28E+01,1.26E-01,7.36E-01,-6.82E-02,-4.11E+01,-2.09E+02,6.07E+00,-1.94E+00,2.56E-01,-4.26E-03,4.845679012,0.301273885
-7.71E+01,1.91E+01,2.28E+01,1.26E-01,7.35E-01,-6.83E-02,-4.11E+01,-2.09E+02,6.03E+00,-1.94E+00,2.56E-01,-4.47E-03,4.845679012,0.301273885
-7.71E+01,1.91E+01,2.28E+01,1.26E-01,7.35E-01,-6.83E-02,-4.11E+01,-2.09E+02,5.98E+00,-1.94E+00,2.56E-01,-4.65E-03,4.845679012,0.301273885
-7.71E+01,1.91E+01,2.28E+01,1.26E-01,7.35E-01,-6.83E-02,-4.11E+01,-2.09E+02,5.92E+00,-1.94E+00,2.56E-01,-4.82E-03,4.845679012,0.301273885
-7.72E+01,1.91E+01,2.28E+01,1.26E-01,7.35E-01,-6.84E-02,-4.11E+01,-2.09E+02,5.85E+00,-1.94E+00,2.56E-01,-4.98E-03,4.845679012,0.301910828
-7.72E+01,1.90E+01,2.28E+01,1.26E-01,7.35E-01,-6.84E-02,-4.12E+01,-2.09E+02,5.77E+00,-1.94E+00,2.56E-01,-5.10E-03,4.845679012,0.301910828
-7.73E+01,1.90E+01,2.29E+01,1.26E-01,7.35E-01,-6.84E-02,-4.12E+01,-2.09E+02,5.69E+00,-1.94E+00,2.56E-01,-5.17E-03,4.845679012,0.301910828
-7.73E+01,1.90E+01,2.29E+01,1.26E-01,7.35E-01,-6.84E-02,-4.12E+01,-2.09E+02,5.62E+00,-1.94E+00,2.56E-01,-5.21E-03,4.830769231,0.301910828
-7.73E+01,1.90E+01,2.29E+01,1.26E-01,7.35E-01,-6.84E-02,-4.13E+01,-2.09E+02,5.55E+00,-1.94E+00,2.56E-01,-5.17E-03,4.830769231,0.301910828
-7.74E+01,1.90E+01,2.29E+01,1.26E-01,7.35E-01,-6.84E-02,-4.13E+01,-2.09E+02,5.49E+00,-1.94E+00,2.56E-01,-5.14E-03,4.830769231,0.301910828
-7.74E+01,1.89E+01,2.29E+01,1.26E-01,7.35E-01,-6.84E-02,-4.13E+01,-2.09E+02,5.44E+00,-1.94E+00,2.56E-01,-5.08E-03,4.830769231,0.301910828
-7.74E+01,1.89E+01,2.29E+01,1.26E-01,7.35E-01,-6.84E-02,-4.13E+01,-2.10E+02,5.40E+00,-1.94E+00,2.56E-01,-4.97E-03,4.830769231,0.301910828
-7.74E+01,1.89E+01,2.29E+01,1.26E-01,7.35E-01,-6.84E-02,-4.13E+01,-2.10E+02,5.37E+00,-1.94E+00,2.56E-01,-4.85E-03,4.830769231,0.302547771
-7.74E+01,1.89E+01,2.29E+01,1.26E-01,7.35E-01,-6.84E-02,-4.13E+01,-2.10E+02,5.36E+00,-1.94E+00,2.56E-01,-4.71E-03,4.830769231,0.302547771
-7.74E+01,1.89E+01,2.29E+01,1.26E-01,7.35E-01,-6.84E-02,-4.13E+01,-2.10E+02,5.36E+00,-1.94E+00,2.56E-01,-4.55E-03,4.830769231,0.302547771
-7.74E+01,1.89E+01,2.29E+01,1.26E-01,7.35E-01,-6.84E-02,-4.13E+01,-2.10E+02,5.37E+00,-1.94E+00,2.56E-01,-4.40E-03,4.830769231,0.302547771
-7.74E+01,1.90E+01,2.29E+01,1.26E-01,7.35E-01,-6.83E-02,-4.13E+01,-2.10E+02,5.40E+00,-1.94E+00,2.56E-01,-4.24E-03,4.830769231,0.302547771
-7.74E+01,1.90E+01,2.29E+01,1.26E-01,7.35E-01,-6.83E-02,-4.13E+01,-2.10E+02,5.45E+00,-1.94E+00,2.56E-01,-4.10E-03,4.830769231,0.302547771
-7.74E+01,1.90E+01,2.29E+01,1.26E-01,7.35E-01,-6.83E-02,-4.13E+01,-2.09E+02,5.51E+00,-1.94E+00,2.56E-01,-3.93E-03,4.830769231,0.302547771
-7.74E+01,1.90E+01,2.29E+01,1.26E-01,7.35E-01,-6.82E-02,-4.13E+01,-2.09E+02,5.57E+00,-1.94E+00,2.56E-01,-3.82E-03,4.830769231,0.301910828
-7.73E+01,1.90E+01,2.29E+01,1.26E-01,7.35E-01,-6.82E-02,-4.12E+01,-2.09E+02,5.63E+00,-1.94E+00,2.56E-01,-3.72E-03,4.830769231,0.301910828
-7.73E+01,1.91E+01,2.29E+01,1.26E-01,7.35E-01,-6.82E-02,-4.12E+01,-2.09E+02,5.69E+00,-1.94E+00,2.56E-01,-3.65E-03,4.830769231,0.301910828
-7.73E+01,1.91E+01,2.28E+01,1.26E-01,7.36E-01,-6.82E-02,-4.12E+01,-2.09E+02,5.75E+00,-1.94E+00,2.56E-01,-3.57E-03,4.830769231,0.301910828
-7.73E+01,1.91E+01,2.28E+01,1.26E-01,7.36E-01,-6.82E-02,-4.12E+01,-2.09E+02,5.81E+00,-1.94E+00,2.56E-01,-3.52E-03,4.845679012,0.301910828
-7.72E+01,1.91E+01,2.28E+01,1.26E-01,7.36E-01,-6.82E-02,-4.12E+01,-2.09E+02,5.86E+00,-1.94E+00,2.56E-01,-3.53E-03,4.845679012,0.301273885
-7.72E+01,1.91E+01,2.28E+01,1.26E-01,7.36E-01,-6.82E-02,-4.12E+01,-2.09E+02,5.91E+00,-1.94E+00,2.56E-01,-3.59E-03,4.845679012,0.301273885
-7.72E+01,1.91E+01,2.28E+01,1.26E-01,7.36E-01,-6.83E-02,-4.12E+01,-2.09E+02,5.94E+00,-1.94E+00,2.56E-01,-3.61E-03,4.845679012,0.301273885
-7.72E+01,1.91E+01,2.28E+01,1.26E-01,7.36E-01,-6.83E-02,-4.12E+01,-2.09E+02,5.95E+00,-1.94E+00,2.56E-01,-3.68E-03,4.845679012,0.300636943
-7.72E+01,1.91E+01,2.28E+01,1.26E-01,7.36E-01,-6.84E-02,-4.12E+01,-2.08E+02,5.95E+00,-1.94E+00,2.57E-01,-3.75E-03,4.845679012,0.300636943
-7.72E+01,1.91E+01,2.28E+01,1.26E-01,7.36E-01,-6.84E-02,-4.12E+01,-2.08E+02,5.94E+00,-1.94E+00,2.57E-01,-3.85E-03,4.845679012,0.300636943
-7.72E+01,1.91E+01,2.28E+01,1.26E-01,7.36E-01,-6.85E-02,-4.12E+01,-2.08E+02,5.92E+00,-1.94E+00,2.57E-01,-3.95E-03,4.814814815,0.302564103
-7.72E+01,1.91E+01,2.28E+01,1.26E-01,7.36E-01,-6.85E-02,-4.12E+01,-2.08E+02,5.88E+00,-1.94E+00,2.57E-01,-4.06E-03,4.814814815,0.301923077
-7.72E+01,1.91E+01,2.28E+01,1.26E-01,7.36E-01,-6.86E-02,-4.12E+01,-2.08E+02,5.84E+00,-1.94E+00,2.57E-01,-4.17E-03,4.8,0.301923077
-7.71E+01,1.91E+01,2.28E+01,1.26E-01,7.36E-01,-6.86E-02,-4.12E+01,-2.08E+02,5.80E+00,-1.94E+00,2.57E-01,-4.28E-03,4.8,0.301923077
-7.71E+01,1.91E+01,2.28E+01,1.26E-01,7.36E-01,-6.86E-02,-4.12E+01,-2.08E+02,5.75E+00,-1.94E+00,2.58E-01,-4.38E-03,4.8,0.301923077
-7.71E+01,1.91E+01,2.28E+01,1.26E-01,7.36E-01,-6.87E-02,-4.12E+01,-2.08E+02,5.71E+00,-1.94E+00,2.58E-01,-4.44E-03,4.8,0.301923077
-7.71E+01,1.90E+01,2.28E+01,1.26E-01,7.36E-01,-6.87E-02,-4.12E+01,-2.08E+02,5.67E+00,-1.94E+00,2.58E-01,-4.48E-03,4.8,0.301923077
-7.71E+01,1.90E+01,2.28E+01,1.26E-01,7.36E-01,-6.87E-02,-4.12E+01,-2.08E+02,5.64E+00,-1.94E+00,2.58E-01,-4.50E-03,4.8,0.301923077
-7.71E+01,1.90E+01,2.28E+01,1.27E-01,7.36E-01,-6.87E-02,-4.12E+01,-2.08E+02,5.61E+00,-1.94E+00,2.58E-01,-4.53E-03,4.8,0.301923077
-7.71E+01,1.90E+01,2.28E+01,1.27E-01,7.36E-01,-6.87E-02,-4.12E+01,-2.08E+02,5.58E+00,-1.94E+00,2.58E-01,-4.55E-03,4.8,0.301923077
-7.70E+01,1.90E+01,2.28E+01,1.27E-01,7.36E-01,-6.87E-02,-4.12E+01,-2.08E+02,5.57E+00,-1.94E+00,2.58E-01,-4.58E-03,4.8,0.301923077
-7.70E+01,1.90E+01,2.28E+01,1.27E-01,7.36E-01,-6.87E-02,-4.12E+01,-2.08E+02,5.56E+00,-1.94E+00,2.58E-01,-4.58E-03,4.814814815,0.301923077
-7.70E+01,1.90E+01,2.28E+01,1.27E-01,7.37E-01,-6.87E-02,-4.12E+01,-2.08E+02,5.57E+00,-1.94E+00,2.58E-01,-4.58E-03,4.814814815,0.301923077
-7.70E+01,1.90E+01,2.28E+01,1.27E-01,7.37E-01,-6.87E-02,-4.12E+01,-2.08E+02,5.60E+00,-1.94E+00,2.58E-01,-4.58E-03,4.814814815,0.301923077
-7.70E+01,1.90E+01,2.27E+01,1.27E-01,7.37E-01,-6.87E-02,-4.12E+01,-2.08E+02,5.64E+00,-1.94E+00,2.58E-01,-4.54E-03,4.814814815,0.301923077
-7.70E+01,1.90E+01,2.27E+01,1.27E-01,7.37E-01,-6.87E-02,-4.11E+01,-2.08E+02,5.68E+00,-1.94E+00,2.58E-01,-4.50E-03,4.814814815,0.301923077
-7.70E+01,1.90E+01,2.27E+01,1.27E-01,7.37E-01,-6.88E-02,-4.11E+01,-2.08E+02,5.74E+00,-1.94E+00,2.58E-01,-4.43E-03,4.814814815,0.301923077
-7.70E+01,1.90E+01,2.27E+01,1.27E-01,7.37E-01,-6.88E-02,-4.11E+01,-2.08E+02,5.80E+00,-1.94E+00,2.58E-01,-4.37E-03,4.814814815,0.301923077
-7.71E+01,1.91E+01,2.28E+01,1.27E-01,7.37E-01,-6.88E-02,-4.11E+01,-2.08E+02,5.86E+00,-1.94E+00,2.59E-01,-4.31E-03,4.814814815,0.301923077
-7.71E+01,1.91E+01,2.28E+01,1.27E-01,7.37E-01,-6.88E-02,-4.11E+01,-2.08E+02,5.92E+00,-1.94E+00,2.59E-01,-4.22E-03,4.814814815,0.301923077
-7.71E+01,1.91E+01,2.28E+01,1.27E-01,7.37E-01,-6.88E-02,-4.11E+01,-2.08E+02,5.97E+00,-1.94E+00,2.59E-01,-4.12E-03,4.814814815,0.301923077
-7.72E+01,1.91E+01,2.28E+01,1.27E-01,7.38E-01,-6.88E-02,-4.11E+01,-2.08E+02,6.02E+00,-1.94E+00,2.59E-01,-4.03E-03,4.814814815,0.301923077
-7.72E+01,1.91E+01,2.28E+01,1.27E-01,7.38E-01,-6.88E-02,-4.11E+01,-2.08E+02,6.07E+00,-1.94E+00,2.59E-01,-3.93E-03,4.814814815,0.301923077
-7.72E+01,1.91E+01,2.28E+01,1.27E-01,7.38E-01,-6.89E-02,-4.11E+01,-2.08E+02,6.09E+00,-1.94E+00,2.59E-01,-3.84E-03,4.814814815,0.301923077
-7.72E+01,1.91E+01,2.28E+01,1.27E-01,7.38E-01,-6.89E-02,-4.11E+01,-2.08E+02,6.11E+00,-1.94E+00,2.59E-01,-3.74E-03,4.814814815,0.301923077
-7.73E+01,1.91E+01,2.28E+01,1.27E-01,7.38E-01,-6.89E-02,-4.11E+01,-2.08E+02,6.10E+00,-1.94E+00,2.59E-01,-3.64E-03,4.814814815,0.301923077
-7.73E+01,1.91E+01,2.28E+01,1.27E-01,7.38E-01,-6.89E-02,-4.11E+01,-2.08E+02,6.08E+00,-1.94E+00,2.59E-01,-3.54E-03,4.845679012,0.3
-7.73E+01,1.91E+01,2.28E+01,1.27E-01,7.38E-01,-6.89E-02,-4.11E+01,-2.08E+02,6.03E+00,-1.94E+00,2.59E-01,-3.44E-03,4.845679012,0.300636943
-7.73E+01,1.91E+01,2.29E+01,1.27E-01,7.38E-01,-6.90E-02,-4.12E+01,-2.09E+02,5.97E+00,-1.94E+00,2.59E-01,-3.36E-03,4.845679012,0.300636943
-7.73E+01,1.91E+01,2.29E+01,1.27E-01,7.38E-01,-6.90E-02,-4.12E+01,-2.09E+02,5.89E+00,-1.94E+00,2.59E-01,-3.28E-03,4.830769231,0.300636943
-7.73E+01,1.91E+01,2.29E+01,1.27E-01,7.38E-01,-6.90E-02,-4.12E+01,-2.09E+02,5.81E+00,-1.94E+00,2.59E-01,-3.22E-03,4.830769231,0.300636943
-7.74E+01,1.91E+01,2.29E+01,1.27E-01,7.38E-01,-6.90E-02,-4.13E+01,-2.09E+02,5.73E+00,-1.94E+00,2.59E-01,-3.19E-03,4.830769231,0.300636943
-7.74E+01,1.91E+01,2.29E+01,1.27E-01,7.38E-01,-6.90E-02,-4.13E+01,-2.09E+02,5.67E+00,-1.94E+00,2.59E-01,-3.18E-03,4.830769231,0.301273885
-7.74E+01,1.90E+01,2.29E+01,1.27E-01,7.38E-01,-6.90E-02,-4.13E+01,-2.09E+02,5.61E+00,-1.94E+00,2.58E-01,-3.19E-03,4.81595092,0.301273885
-7.74E+01,1.90E+01,2.29E+01,1.27E-01,7.38E-01,-6.90E-02,-4.14E+01,-2.09E+02,5.56E+00,-1.94E+00,2.58E-01,-3.18E-03,4.81595092,0.301273885
-7.74E+01,1.90E+01,2.30E+01,1.27E-01,7.38E-01,-6.90E-02,-4.14E+01,-2.09E+02,5.53E+00,-1.94E+00,2.58E-01,-3.19E-03,4.81595092,0.301273885
-7.75E+01,1.91E+01,2.30E+01,1.27E-01,7.38E-01,-6.90E-02,-4.14E+01,-2.09E+02,5.51E+00,-1.94E+00,2.58E-01,-3.20E-03,4.81595092,0.301273885
-7.75E+01,1.91E+01,2.30E+01,1.27E-01,7.38E-01,-6.89E-02,-4.14E+01,-2.09E+02,5.51E+00,-1.94E+00,2.58E-01,-3.21E-03,4.81595092,0.301273885
-7.75E+01,1.91E+01,2.30E+01,1.27E-01,7.38E-01,-6.89E-02,-4.15E+01,-2.09E+02,5.54E+00,-1.94E+00,2.58E-01,-3.27E-03,4.801223242,0.301910828
-7.75E+01,1.91E+01,2.30E+01,1.27E-01,7.38E-01,-6.89E-02,-4.15E+01,-2.09E+02,5.59E+00,-1.94E+00,2.57E-01,-3.34E-03,4.801223242,0.301910828
-7.75E+01,1.92E+01,2.30E+01,1.27E-01,7.38E-01,-6.88E-02,-4.15E+01,-2.10E+02,5.66E+00,-1.94E+00,2.57E-01,-3.36E-03,4.801223242,0.301910828
-7.75E+01,1.92E+01,2.30E+01,1.27E-01,7.37E-01,-6.88E-02,-4.15E+01,-2.10E+02,5.74E+00,-1.94E+00,2.57E-01,-3.36E-03,4.801223242,0.301910828
-7.75E+01,1.92E+01,2.30E+01,1.27E-01,7.37E-01,-6.87E-02,-4.15E+01,-2.09E+02,5.82E+00,-1.94E+00,2.57E-01,-3.39E-03,4.801223242,0.301910828
-7.74E+01,1.93E+01,2.30E+01,1.27E-01,7.37E-01,-6.87E-02,-4.15E+01,-2.09E+02,5.91E+00,-1.94E+00,2.57E-01,-3.44E-03,4.801223242,0.301910828
-7.74E+01,1.93E+01,2.29E+01,1.27E-01,7.37E-01,-6.86E-02,-4.15E+01,-2.09E+02,5.99E+00,-1.94E+00,2.57E-01,-3.50E-03,4.81595092,0.301910828
-7.74E+01,1.93E+01,2.29E+01,1.27E-01,7.37E-01,-6.86E-02,-4.14E+01,-2.09E+02,6.05E+00,-1.94E+00,2.57E-01,-3.54E-03,4.81595092,0.301910828
-7.74E+01,1.93E+01,2.29E+01,1.27E-01,7.37E-01,-6.86E-02,-4.14E+01,-2.09E+02,6.09E+00,-1.94E+00,2.57E-01,-3.64E-03,4.81595092,0.301910828
-7.73E+01,1.93E+01,2.29E+01,1.27E-01,7.37E-01,-6.85E-02,-4.14E+01,-2.09E+02,6.11E+00,-1.94E+00,2.57E-01,-3.68E-03,4.81595092,0.301910828
-7.73E+01,1.93E+01,2.29E+01,1.27E-01,7.37E-01,-6.85E-02,-4.14E+01,-2.09E+02,6.12E+00,-1.94E+00,2.57E-01,-3.73E-03,4.81595092,0.301910828
-7.72E+01,1.93E+01,2.29E+01,1.27E-01,7.37E-01,-6.85E-02,-4.13E+01,-2.09E+02,6.10E+00,-1.94E+00,2.57E-01,-3.78E-03,4.81595092,0.301910828
-7.72E+01,1.93E+01,2.29E+01,1.27E-01,7.37E-01,-6.85E-02,-4.13E+01,-2.09E+02,6.07E+00,-1.94E+00,2.57E-01,-3.81E-03,4.830769231,0.301910828
-7.72E+01,1.92E+01,2.28E+01,1.27E-01,7.37E-01,-6.86E-02,-4.13E+01,-2.09E+02,6.01E+00,-1.94E+00,2.57E-01,-3.85E-03,4.830769231,0.301910828
-7.72E+01,1.92E+01,2.28E+01,1.27E-01,7.37E-01,-6.86E-02,-4.13E+01,-2.09E+02,5.93E+00,-1.94E+00,2.57E-01,-3.86E-03,4.830769231,0.301910828
-7.71E+01,1.92E+01,2.28E+01,1.27E-01,7.37E-01,-6.86E-02,-4.13E+01,-2.09E+02,5.84E+00,-1.94E+00,2.58E-01,-3.86E-03,4.830769231,0.301910828
-7.71E+01,1.91E+01,2.28E+01,1.27E-01,7.37E-01,-6.87E-02,-4.13E+01,-2.09E+02,5.74E+00,-1.94E+00,2.58E-01,-3.85E-03,4.830769231,0.301910828
-7.71E+01,1.91E+01,2.28E+01,1.27E-01,7.37E-01,-6.88E-02,-4.13E+01,-2.09E+02,5.63E+00,-1.94E+00,2.58E-01,-3.82E-03,4.830769231,0.301910828
-7.71E+01,1.90E+01,2.28E+01,1.27E-01,7.37E-01,-6.88E-02,-4.13E+01,-2.09E+02,5.54E+00,-1.94E+00,2.58E-01,-3.77E-03,4.830769231,0.301910828
-7.71E+01,1.90E+01,2.28E+01,1.27E-01,7.37E-01,-6.89E-02,-4.13E+01,-2.09E+02,5.45E+00,-1.94E+00,2.58E-01,-3.67E-03,4.830769231,0.301910828
-7.71E+01,1.90E+01,2.29E+01,1.27E-01,7.37E-01,-6.89E-02,-4.13E+01,-2.09E+02,5.38E+00,-1.94E+00,2.58E-01,-3.56E-03,4.830769231,0.301910828
-7.71E+01,1.89E+01,2.29E+01,1.27E-01,7.37E-01,-6.90E-02,-4.13E+01,-2.09E+02,5.33E+00,-1.94E+00,2.58E-01,-3.42E-03,4.830769231,0.301910828
-7.72E+01,1.89E+01,2.29E+01,1.27E-01,7.38E-01,-6.90E-02,-4.13E+01,-2.09E+02,5.29E+00,-1.94E+00,2.58E-01,-3.29E-03,4.830769231,0.301910828
-7.72E+01,1.89E+01,2.29E+01,1.27E-01,7.38E-01,-6.90E-02,-4.13E+01,-2.09E+02,5.28E+00,-1.94E+00,2.58E-01,-3.15E-03,4.830769231,0.301910828
-7.72E+01,1.89E+01,2.29E+01,1.27E-01,7.38E-01,-6.91E-02,-4.13E+01,-2.09E+02,5.28E+00,-1.94E+00,2.58E-01,-2.94E-03,4.830769231,0.301910828
-7.72E+01,1.90E+01,2.29E+01,1.27E-01,7.38E-01,-6.91E-02,-4.13E+01,-2.09E+02,5.31E+00,-1.94E+00,2.58E-01,-2.83E-03,4.81595092,0.301910828
-7.73E+01,1.90E+01,2.29E+01,1.27E-01,7.38E-01,-6.90E-02,-4.14E+01,-2.09E+02,5.36E+00,-1.94E+00,2.58E-01,-2.69E-03,4.81595092,0.301910828
-7.73E+01,1.90E+01,2.29E+01,1.27E-01,7.38E-01,-6.90E-02,-4.14E+01,-2.09E+02,5.42E+00,-1.94E+00,2.58E-01,-2.54E-03,4.81595092,0.301910828
-7.73E+01,1.90E+01,2.29E+01,1.27E-01,7.38E-01,-6.90E-02,-4.14E+01,-2.09E+02,5.50E+00,-1.94E+00,2.58E-01,-2.39E-03,4.81595092,0.301910828
-7.73E+01,1.91E+01,2.29E+01,1.27E-01,7.38E-01,-6.90E-02,-4.14E+01,-2.09E+02,5.57E+00,-1.94E+00,2.58E-01,-2.26E-03,4.81595092,0.301910828
-7.74E+01,1.91E+01,2.29E+01,1.27E-01,7.38E-01,-6.89E-02,-4.14E+01,-2.09E+02,5.64E+00,-1.94E+00,2.58E-01,-2.16E-03,4.81595092,0.301910828
-7.73E+01,1.91E+01,2.29E+01,1.27E-01,7.38E-01,-6.89E-02,-4.13E+01,-2.09E+02,5.71E+00,-1.94E+00,2.58E-01,-2.09E-03,4.81595092,0.301910828
-7.73E+01,1.91E+01,2.29E+01,1.27E-01,7.38E-01,-6.89E-02,-4.13E+01,-2.09E+02,5.77E+00,-1.94E+00,2.58E-01,-2.06E-03,4.830769231,0.301910828
-7.73E+01,1.91E+01,2.29E+01,1.27E-01,7.38E-01,-6.89E-02,-4.13E+01,-2.09E+02,5.82E+00,-1.94E+00,2.58E-01,-2.09E-03,4.830769231,0.301910828
-7.73E+01,1.92E+01,2.28E+01,1.27E-01,7.39E-01,-6.88E-02,-4.13E+01,-2.09E+02,5.86E+00,-1.94E+00,2.58E-01,-2.15E-03,4.830769231,0.301910828
-7.73E+01,1.92E+01,2.28E+01,1.27E-01,7.39E-01,-6.88E-02,-4.13E+01,-2.09E+02,5.89E+00,-1.94E+00,2.58E-01,-2.23E-03,4.830769231,0.301910828
-7.73E+01,1.92E+01,2.28E+01,1.27E-01,7.38E-01,-6.88E-02,-4.12E+01,-2.09E+02,5.91E+00,-1.94E+00,2.58E-01,-2.37E-03,4.830769231,0.301273885
-7.72E+01,1.91E+01,2.28E+01,1.27E-01,7.38E-01,-6.88E-02,-4.12E+01,-2.09E+02,5.91E+00,-1.95E+00,2.58E-01,-2.55E-03,4.830769231,0.301273885
-7.72E+01,1.91E+01,2.28E+01,1.27E-01,7.38E-01,-6.88E-02,-4.12E+01,-2.09E+02,5.90E+00,-1.94E+00,2.59E-01,-2.76E-03,4.830769231,0.301273885
-7.72E+01,1.91E+01,2.28E+01,1.27E-01,7.38E-01,-6.88E-02,-4.12E+01,-2.08E+02,5.87E+00,-1.94E+00,2.59E-01,-2.99E-03,4.830769231,0.300636943
-7.72E+01,1.91E+01,2.28E+01,1.27E-01,7.38E-01,-6.88E-02,-4.12E+01,-2.08E+02,5.84E+00,-1.94E+00,2.59E-01,-3.23E-03,4.830769231,0.300636943
-7.71E+01,1.91E+01,2.28E+01,1.27E-01,7.38E-01,-6.89E-02,-4.12E+01,-2.08E+02,5.80E+00,-1.94E+00,2.59E-01,-3.48E-03,4.830769231,0.300636943
-7.71E+01,1.91E+01,2.28E+01,1.27E-01,7.38E-01,-6.89E-02,-4.12E+01,-2.08E+02,5.75E+00,-1.94E+00,2.59E-01,-3.73E-03,4.8,0.302564103
-7.71E+01,1.91E+01,2.28E+01,1.27E-01,7.38E-01,-6.89E-02,-4.12E+01,-2.08E+02,5.71E+00,-1.94E+00,2.59E-01,-3.95E-03,4.8,0.301923077
-7.71E+01,1.90E+01,2.28E+01,1.27E-01,7.38E-01,-6.89E-02,-4.12E+01,-2.08E+02,5.66E+00,-1.94E+00,2.59E-01,-4.14E-03,4.8,0.301923077
-7.70E+01,1.90E+01,2.28E+01,1.27E-01,7.37E-01,-6.90E-02,-4.12E+01,-2.08E+02,5.61E+00,-1.94E+00,2.59E-01,-4.32E-03,4.8,0.301923077
-7.70E+01,1.90E+01,2.28E+01,1.27E-01,7.37E-01,-6.90E-02,-4.13E+01,-2.08E+02,5.57E+00,-1.94E+00,2.59E-01,-4.46E-03,4.8,0.301923077
-7.70E+01,1.90E+01,2.28E+01,1.27E-01,7.37E-01,-6.90E-02,-4.13E+01,-2.08E+02,5.54E+00,-1.94E+00,2.59E-01,-4.61E-03,4.8,0.301923077
-7.70E+01,1.90E+01,2.28E+01,1.27E-01,7.37E-01,-6.90E-02,-4.12E+01,-2.08E+02,5.52E+00,-1.94E+00,2.58E-01,-4.67E-03,4.8,0.301923077
-7.70E+01,1.90E+01,2.28E+01,1.27E-01,7.37E-01,-6.90E-02,-4.12E+01,-2.08E+02,5.51E+00,-1.94E+00,2.58E-01,-4.74E-03,4.8,0.301923077
-7.70E+01,1.90E+01,2.28E+01,1.27E-01,7.37E-01,-6.90E-02,-4.12E+01,-2.08E+02,5.50E+00,-1.94E+00,2.58E-01,-4.76E-03,4.8,0.301923077
-7.70E+01,1.90E+01,2.28E+01,1.27E-01,7.37E-01,-6.90E-02,-4.12E+01,-2.08E+02,5.50E+00,-1.94E+00,2.58E-01,-4.70E-03,4.8,0.301923077
-7.70E+01,1.90E+01,2.27E+01,1.27E-01,7.37E-01,-6.90E-02,-4.12E+01,-2.08E+02,5.51E+00,-1.94E+00,2.58E-01,-4.63E-03,4.814814815,0.301282051
-7.70E+01,1.90E+01,2.27E+01,1.27E-01,7.37E-01,-6.90E-02,-4.12E+01,-2.08E+02,5.52E+00,-1.94E+00,2.58E-01,-4.54E-03,4.814814815,0.301282051
-7.70E+01,1.90E+01,2.27E+01,1.27E-01,7.37E-01,-6.89E-02,-4.11E+01,-2.08E+02,5.54E+00,-1.94E+00,2.58E-01,-4.42E-03,4.814814815,0.301282051
-7.70E+01,1.90E+01,2.27E+01,1.27E-01,7.38E-01,-6.89E-02,-4.11E+01,-2.08E+02,5.56E+00,-1.94E+00,2.58E-01,-4.25E-03,4.814814815,0.301282051
-7.70E+01,1.90E+01,2.27E+01,1.27E-01,7.38E-01,-6.89E-02,-4.11E+01,-2.08E+02,5.60E+00,-1.94E+00,2.58E-01,-4.08E-03,4.814814815,0.301282051
-7.70E+01,1.90E+01,2.27E+01,1.27E-01,7.38E-01,-6.89E-02,-4.11E+01,-2.08E+02,5.64E+00,-1.94E+00,2.58E-01,-3.91E-03,4.814814815,0.301282051
-7.70E+01,1.90E+01,2.27E+01,1.27E-01,7.38E-01,-6.89E-02,-4.11E+01,-2.08E+02,5.69E+00,-1.94E+00,2.58E-01,-3.70E-03,4.814814815,0.301282051
-7.70E+01,1.90E+01,2.27E+01,1.27E-01,7.38E-01,-6.89E-02,-4.11E+01,-2.08E+02,5.73E+00,-1.94E+00,2.59E-01,-3.56E-03,4.814814815,0.301282051
-7.70E+01,1.90E+01,2.27E+01,1.27E-01,7.38E-01,-6.89E-02,-4.11E+01,-2.08E+02,5.78E+00,-1.94E+00,2.59E-01,-3.41E-03,4.814814815,0.301282051
-7.70E+01,1.91E+01,2.27E+01,1.27E-01,7.38E-01,-6.89E-02,-4.11E+01,-2.08E+02,5.83E+00,-1.94E+00,2.59E-01,-3.27E-03,4.814814815,0.301282051
-7.70E+01,1.91E+01,2.28E+01,1.27E-01,7.38E-01,-6.89E-02,-4.11E+01,-2.08E+02,5.88E+00,-1.94E+00,2.59E-01,-3.18E-03,4.814814815,0.301282051
-7.71E+01,1.91E+01,2.28E+01,1.27E-01,7.39E-01,-6.89E-02,-4.11E+01,-2.08E+02,5.92E+00,-1.94E+00,2.59E-01,-3.10E-03,4.814814815,0.301282051
-7.71E+01,1.91E+01,2.28E+01,1.27E-01,7.39E-01,-6.90E-02,-4.11E+01,-2.08E+02,5.97E+00,-1.94E+00,2.59E-01,-3.05E-03,4.814814815,0.301282051
-7.71E+01,1.91E+01,2.28E+01,1.27E-01,7.39E-01,-6.90E-02,-4.11E+01,-2.08E+02,6.00E+00,-1.94E+00,2.59E-01,-3.05E-03,4.814814815,0.301923077
-7.71E+01,1.91E+01,2.28E+01,1.27E-01,7.39E-01,-6.90E-02,-4.11E+01,-2.08E+02,6.02E+00,-1.94E+00,2.59E-01,-3.09E-03,4.814814815,0.301923077
-7.71E+01,1.91E+01,2.28E+01,1.27E-01,7.39E-01,-6.90E-02,-4.11E+01,-2.08E+02,6.02E+00,-1.94E+00,2.59E-01,-3.15E-03,4.814814815,0.301923077
-7.72E+01,1.91E+01,2.28E+01,1.27E-01,7.39E-01,-6.90E-02,-4.12E+01,-2.08E+02,6.01E+00,-1.94E+00,2.59E-01,-3.27E-03,4.814814815,0.301923077
-7.72E+01,1.91E+01,2.28E+01,1.27E-01,7.39E-01,-6.90E-02,-4.12E+01,-2.08E+02,5.98E+00,-1.94E+00,2.59E-01,-3.38E-03,4.845679012,0.3
-7.72E+01,1.91E+01,2.29E+01,1.27E-01,7.39E-01,-6.90E-02,-4.12E+01,-2.08E+02,5.94E+00,-1.95E+00,2.59E-01,-3.47E-03,4.830769231,0.300636943
-7.72E+01,1.91E+01,2.29E+01,1.27E-01,7.39E-01,-6.90E-02,-4.12E+01,-2.09E+02,5.89E+00,-1.94E+00,2.59E-01,-3.59E-03,4.830769231,0.300636943
-7.73E+01,1.90E+01,2.29E+01,1.27E-01,7.39E-01,-6.90E-02,-4.12E+01,-2.09E+02,5.83E+00,-1.94E+00,2.59E-01,-3.74E-03,4.830769231,0.300636943
-7.73E+01,1.90E+01,2.29E+01,1.27E-01,7.39E-01,-6.90E-02,-4.13E+01,-2.09E+02,5.77E+00,-1.94E+00,2.59E-01,-3.91E-03,4.830769231,0.300636943
-7.73E+01,1.90E+01,2.29E+01,1.27E-01,7.39E-01,-6.90E-02,-4.13E+01,-2.09E+02,5.70E+00,-1.94E+00,2.59E-01,-4.03E-03,4.830769231,0.300636943
-7.73E+01,1.90E+01,2.29E+01,1.27E-01,7.39E-01,-6.89E-02,-4.13E+01,-2.09E+02,5.65E+00,-1.94E+00,2.58E-01,-4.11E-03,4.830769231,0.301273885
-7.73E+01,1.90E+01,2.29E+01,1.27E-01,7.39E-01,-6.89E-02,-4.13E+01,-2.09E+02,5.60E+00,-1.94E+00,2.58E-01,-4.16E-03,4.830769231,0.301273885
-7.74E+01,1.90E+01,2.29E+01,1.27E-01,7.39E-01,-6.88E-02,-4.13E+01,-2.09E+02,5.54E+00,-1.94E+00,2.58E-01,-4.22E-03,4.830769231,0.301273885
-7.74E+01,1.90E+01,2.29E+01,1.27E-01,7.39E-01,-6.88E-02,-4.13E+01,-2.09E+02,5.50E+00,-1.94E+00,2.58E-01,-4.28E-03,4.81595092,0.301273885
-7.74E+01,1.90E+01,2.29E+01,1.27E-01,7.38E-01,-6.87E-02,-4.14E+01,-2.09E+02,5.47E+00,-1.94E+00,2.57E-01,-4.36E-03,4.81595092,0.301273885
-7.75E+01,1.90E+01,2.29E+01,1.27E-01,7.38E-01,-6.86E-02,-4.14E+01,-2.09E+02,5.46E+00,-1.94E+00,2.57E-01,-4.44E-03,4.81595092,0.301273885
-7.75E+01,1.91E+01,2.30E+01,1.27E-01,7.38E-01,-6.86E-02,-4.14E+01,-2.09E+02,5.48E+00,-1.94E+00,2.57E-01,-4.51E-03,4.81595092,0.301273885
-7.75E+01,1.91E+01,2.30E+01,1.26E-01,7.38E-01,-6.85E-02,-4.14E+01,-2.09E+02,5.51E+00,-1.94E+00,2.57E-01,-4.54E-03,4.81595092,0.301273885
-7.75E+01,1.91E+01,2.30E+01,1.26E-01,7.38E-01,-6.84E-02,-4.14E+01,-2.09E+02,5.56E+00,-1.94E+00,2.57E-01,-4.57E-03,4.81595092,0.301273885
-7.76E+01,1.92E+01,2.30E+01,1.26E-01,7.38E-01,-6.84E-02,-4.15E+01,-2.09E+02,5.62E+00,-1.94E+00,2.56E-01,-4.56E-03,4.801223242,0.301273885
-7.76E+01,1.92E+01,2.30E+01,1.26E-01,7.38E-01,-6.83E-02,-4.15E+01,-2.09E+02,5.69E+00,-1.94E+00,2.56E-01,-4.52E-03,4.801223242,0.301273885
-7.76E+01,1.92E+01,2.30E+01,1.26E-01,7.38E-01,-6.83E-02,-4.15E+01,-2.09E+02,5.77E+00,-1.94E+00,2.56E-01,-4.45E-03,4.801223242,0.301273885
-7.76E+01,1.93E+01,2.30E+01,1.26E-01,7.38E-01,-6.82E-02,-4.15E+01,-2.09E+02,5.84E+00,-1.94E+00,2.56E-01,-4.36E-03,4.801223242,0.301273885
-7.76E+01,1.93E+01,2.30E+01,1.26E-01,7.38E-01,-6.82E-02,-4.15E+01,-2.09E+02,5.91E+00,-1.94E+00,2.56E-01,-4.30E-03,4.801223242,0.301273885
-7.76E+01,1.93E+01,2.30E+01,1.26E-01,7.38E-01,-6.82E-02,-4.15E+01,-2.09E+02,5.97E+00,-1.94E+00,2.56E-01,-4.23E-03,4.801223242,0.301273885
-7.75E+01,1.93E+01,2.30E+01,1.26E-01,7.38E-01,-6.82E-02,-4.15E+01,-2.09E+02,6.00E+00,-1.94E+00,2.57E-01,-4.13E-03,4.801223242,0.301273885
-7.75E+01,1.93E+01,2.30E+01,1.26E-01,7.38E-01,-6.82E-02,-4.15E+01,-2.09E+02,6.03E+00,-1.94E+00,2.57E-01,-4.02E-03,4.801223242,0.301273885
-7.75E+01,1.93E+01,2.30E+01,1.26E-01,7.38E-01,-6.82E-02,-4.15E+01,-2.09E+02,6.03E+00,-1.94E+00,2.57E-01,-3.94E-03,4.81595092,0.301910828
-7.75E+01,1.93E+01,2.30E+01,1.26E-01,7.38E-01,-6.83E-02,-4.14E+01,-2.09E+02,6.03E+00,-1.94E+00,2.57E-01,-3.85E-03,4.81595092,0.301910828
-7.75E+01,1.93E+01,2.29E+01,1.26E-01,7.38E-01,-6.83E-02,-4.14E+01,-2.09E+02,6.00E+00,-1.94E+00,2.57E-01,-3.77E-03,4.81595092,0.301910828
-7.74E+01,1.92E+01,2.29E+01,1.27E-01,7.38E-01,-6.84E-02,-4.14E+01,-2.09E+02,5.96E+00,-1.94E+00,2.57E-01,-3.69E-03,4.81595092,0.301910828
-7.74E+01,1.92E+01,2.29E+01,1.27E-01,7.38E-01,-6.85E-02,-4.14E+01,-2.09E+02,5.89E+00,-1.94E+00,2.58E-01,-3.60E-03,4.81595092,0.301910828
-7.74E+01,1.92E+01,2.29E+01,1.27E-01,7.38E-01,-6.86E-02,-4.13E+01,-2.09E+02,5.82E+00,-1.94E+00,2.58E-01,-3.51E-03,4.81595092,0.301910828
-7.74E+01,1.91E+01,2.29E+01,1.27E-01,7.38E-01,-6.87E-02,-4.13E+01,-2.09E+02,5.75E+00,-1.94E+00,2.58E-01,-3.41E-03,4.830769231,0.301910828
-7.74E+01,1.91E+01,2.29E+01,1.27E-01,7.38E-01,-6.88E-02,-4.13E+01,-2.09E+02,5.69E+00,-1.94E+00,2.58E-01,-3.33E-03,4.830769231,0.301910828
-7.73E+01,1.90E+01,2.29E+01,1.27E-01,7.39E-01,-6.88E-02,-4.13E+01,-2.09E+02,5.63E+00,-1.94E+00,2.59E-01,-3.25E-03,4.830769231,0.301910828
-7.73E+01,1.90E+01,2.29E+01,1.27E-01,7.39E-01,-6.89E-02,-4.12E+01,-2.09E+02,5.58E+00,-1.94E+00,2.59E-01,-3.16E-03,4.830769231,0.301910828
-7.73E+01,1.90E+01,2.28E+01,1.27E-01,7.39E-01,-6.90E-02,-4.12E+01,-2.09E+02,5.54E+00,-1.94E+00,2.59E-01,-3.07E-03,4.830769231,0.301910828
-7.73E+01,1.89E+01,2.28E+01,1.27E-01,7.39E-01,-6.90E-02,-4.12E+01,-2.09E+02,5.51E+00,-1.94E+00,2.59E-01,-3.01E-03,4.830769231,0.301910828
-7.73E+01,1.89E+01,2.28E+01,1.27E-01,7.39E-01,-6.91E-02,-4.12E+01,-2.09E+02,5.50E+00,-1.94E+00,2.59E-01,-2.96E-03,4.830769231,0.301910828
-7.73E+01,1.89E+01,2.29E+01,1.27E-01,7.39E-01,-6.91E-02,-4.12E+01,-2.09E+02,5.51E+00,-1.94E+00,2.59E-01,-2.92E-03,4.830769231,0.301910828
-7.73E+01,1.90E+01,2.29E+01,1.27E-01,7.39E-01,-6.91E-02,-4.12E+01,-2.09E+02,5.55E+00,-1.94E+00,2.59E-01,-2.92E-03,4.830769231,0.301910828
-7.74E+01,1.90E+01,2.29E+01,1.27E-01,7.39E-01,-6.91E-02,-4.12E+01,-2.09E+02,5.61E+00,-1.94E+00,2.59E-01,-2.90E-03,4.830769231,0.301910828
-7.74E+01,1.90E+01,2.29E+01,1.27E-01,7.39E-01,-6.90E-02,-4.13E+01,-2.09E+02,5.69E+00,-1.94E+00,2.59E-01,-2.91E-03,4.830769231,0.301910828
-7.74E+01,1.91E+01,2.29E+01,1.27E-01,7.39E-01,-6.90E-02,-4.13E+01,-2.09E+02,5.78E+00,-1.94E+00,2.59E-01,-2.96E-03,4.830769231,0.301273885
-7.73E+01,1.91E+01,2.29E+01,1.27E-01,7.39E-01,-6.90E-02,-4.13E+01,-2.09E+02,5.86E+00,-1.94E+00,2.59E-01,-3.04E-03,4.830769231,0.301273885
-7.73E+01,1.92E+01,2.29E+01,1.27E-01,7.39E-01,-6.89E-02,-4.13E+01,-2.09E+02,5.95E+00,-1.94E+00,2.59E-01,-3.16E-03,4.830769231,0.301273885
-7.73E+01,1.92E+01,2.29E+01,1.27E-01,7.38E-01,-6.89E-02,-4.13E+01,-2.09E+02,6.03E+00,-1.94E+00,2.59E-01,-3.32E-03,4.830769231,0.301273885
-7.73E+01,1.92E+01,2.29E+01,1.27E-01,7.38E-01,-6.88E-02,-4.13E+01,-2.09E+02,6.09E+00,-1.94E+00,2.58E-01,-3.48E-03,4.830769231,0.300636943
-7.73E+01,1.93E+01,2.29E+01,1.27E-01,7.38E-01,-6.88E-02,-4.13E+01,-2.09E+02,6.13E+00,-1.94E+00,2.58E-01,-3.70E-03,4.81595092,0.300636943
-7.73E+01,1.93E+01,2.28E+01,1.27E-01,7.38E-01,-6.88E-02,-4.13E+01,-2.09E+02,6.16E+00,-1.94E+00,2.58E-01,-3.92E-03,4.81595092,0.300636943
-7.73E+01,1.93E+01,2.28E+01,1.27E-01,7.38E-01,-6.88E-02,-4.13E+01,-2.08E+02,6.16E+00,-1.94E+00,2.58E-01,-4.13E-03,4.830769231,0.300636943
-7.72E+01,1.93E+01,2.28E+01,1.27E-01,7.38E-01,-6.87E-02,-4.13E+01,-2.08E+02,6.13E+00,-1.94E+00,2.58E-01,-4.34E-03,4.830769231,0.3
-7.72E+01,1.93E+01,2.28E+01,1.27E-01,7.38E-01,-6.87E-02,-4.13E+01,-2.08E+02,6.09E+00,-1.94E+00,2.58E-01,-4.52E-03,4.785276074,0.301923077
-7.72E+01,1.93E+01,2.28E+01,1.27E-01,7.37E-01,-6.88E-02,-4.13E+01,-2.08E+02,6.03E+00,-1.94E+00,2.58E-01,-4.70E-03,4.785276074,0.301923077
-7.72E+01,1.92E+01,2.28E+01,1.27E-01,7.37E-01,-6.88E-02,-4.14E+01,-2.08E+02,5.95E+00,-1.94E+00,2.58E-01,-4.83E-03,4.785276074,0.301923077
-7.72E+01,1.92E+01,2.29E+01,1.27E-01,7.37E-01,-6.88E-02,-4.14E+01,-2.08E+02,5.86E+00,-1.94E+00,2.58E-01,-4.94E-03,4.785276074,0.301923077
-7.72E+01,1.92E+01,2.29E+01,1.27E-01,7.37E-01,-6.89E-02,-4.14E+01,-2.08E+02,5.75E+00,-1.94E+00,2.58E-01,-5.02E-03,4.785276074,0.301282051
-7.71E+01,1.91E+01,2.29E+01,1.27E-01,7.37E-01,-6.89E-02,-4.14E+01,-2.08E+02,5.64E+00,-1.94E+00,2.58E-01,-5.06E-03,4.785276074,0.301282051
-7.71E+01,1.91E+01,2.29E+01,1.27E-01,7.37E-01,-6.89E-02,-4.14E+01,-2.08E+02,5.53E+00,-1.94E+00,2.58E-01,-5.04E-03,4.785276074,0.301282051
-7.71E+01,1.91E+01,2.29E+01,1.27E-01,7.37E-01,-6.90E-02,-4.14E+01,-2.08E+02,5.43E+00,-1.94E+00,2.58E-01,-4.94E-03,4.785276074,0.301282051
-7.71E+01,1.90E+01,2.29E+01,1.27E-01,7.37E-01,-6.91E-02,-4.14E+01,-2.08E+02,5.35E+00,-1.94E+00,2.59E-01,-4.81E-03,4.785276074,0.301282051
-7.71E+01,1.90E+01,2.29E+01,1.27E-01,7.37E-01,-6.91E-02,-4.14E+01,-2.08E+02,5.28E+00,-1.94E+00,2.59E-01,-4.64E-03,4.785276074,0.301282051
-7.71E+01,1.90E+01,2.28E+01,1.27E-01,7.37E-01,-6.92E-02,-4.14E+01,-2.08E+02,5.22E+00,-1.94E+00,2.59E-01,-4.46E-03,4.785276074,0.301282051
-7.70E+01,1.89E+01,2.28E+01,1.27E-01,7.37E-01,-6.92E-02,-4.13E+01,-2.08E+02,5.19E+00,-1.94E+00,2.59E-01,-4.26E-03,4.785276074,0.301282051
-7.70E+01,1.89E+01,2.28E+01,1.27E-01,7.37E-01,-6.92E-02,-4.13E+01,-2.08E+02,5.18E+00,-1.94E+00,2.59E-01,-4.08E-03,4.8,0.301282051
-7.70E+01,1.89E+01,2.28E+01,1.27E-01,7.37E-01,-6.93E-02,-4.13E+01,-2.08E+02,5.19E+00,-1.94E+00,2.59E-01,-3.89E-03,4.8,0.301282051
-7.69E+01,1.89E+01,2.28E+01,1.27E-01,7.38E-01,-6.93E-02,-4.12E+01,-2.08E+02,5.24E+00,-1.94E+00,2.60E-01,-3.71E-03,4.8,0.301282051
-7.69E+01,1.89E+01,2.27E+01,1.28E-01,7.38E-01,-6.93E-02,-4.12E+01,-2.08E+02,5.32E+00,-1.94E+00,2.60E-01,-3.54E-03,4.814814815,0.301282051
-7.69E+01,1.89E+01,2.27E+01,1.28E-01,7.38E-01,-6.93E-02,-4.11E+01,-2.08E+02,5.42E+00,-1.94E+00,2.60E-01,-3.40E-03,4.814814815,0.301923077
-7.69E+01,1.90E+01,2.27E+01,1.28E-01,7.38E-01,-6.93E-02,-4.11E+01,-2.08E+02,5.53E+00,-1.94E+00,2.60E-01,-3.27E-03,4.814814815,0.301923077
-7.68E+01,1.90E+01,2.27E+01,1.28E-01,7.38E-01,-6.93E-02,-4.10E+01,-2.08E+02,5.65E+00,-1.94E+00,2.60E-01,-3.17E-03,4.829721362,0.301923077
-7.68E+01,1.90E+01,2.27E+01,1.28E-01,7.38E-01,-6.93E-02,-4.10E+01,-2.08E+02,5.76E+00,-1.94E+00,2.60E-01,-3.09E-03,4.829721362,0.301923077
-7.68E+01,1.90E+01,2.27E+01,1.28E-01,7.38E-01,-6.93E-02,-4.10E+01,-2.08E+02,5.86E+00,-1.94E+00,2.60E-01,-3.05E-03,4.829721362,0.301923077
-7.68E+01,1.91E+01,2.27E+01,1.28E-01,7.39E-01,-6.93E-02,-4.10E+01,-2.08E+02,5.95E+00,-1.94E+00,2.61E-01,-3.04E-03,4.829721362,0.301923077
-7.69E+01,1.91E+01,2.27E+01,1.28E-01,7.39E-01,-6.93E-02,-4.10E+01,-2.08E+02,6.03E+00,-1.95E+00,2.61E-01,-3.08E-03,4.829721362,0.301923077
-7.69E+01,1.91E+01,2.27E+01,1.28E-01,7.39E-01,-6.93E-02,-4.10E+01,-2.08E+02,6.08E+00,-1.95E+00,2.61E-01,-3.14E-03,4.829721362,0.302564103
-7.69E+01,1.91E+01,2.27E+01,1.28E-01,7.39E-01,-6.93E-02,-4.10E+01,-2.08E+02,6.11E+00,-1.95E+00,2.61E-01,-3.20E-03,4.829721362,0.302564103
-7.69E+01,1.91E+01,2.27E+01,1.28E-01,7.39E-01,-6.93E-02,-4.10E+01,-2.08E+02,6.12E+00,-1.95E+00,2.61E-01,-3.30E-03,4.829721362,0.302564103
-7.70E+01,1.91E+01,2.27E+01,1.28E-01,7.39E-01,-6.93E-02,-4.10E+01,-2.08E+02,6.10E+00,-1.95E+00,2.61E-01,-3.40E-03,4.829721362,0.302564103
-7.70E+01,1.91E+01,2.28E+01,1.28E-01,7.39E-01,-6.93E-02,-4.11E+01,-2.08E+02,6.07E+00,-1.95E+00,2.61E-01,-3.50E-03,4.845679012,0.300636943
-7.70E+01,1.91E+01,2.28E+01,1.28E-01,7.39E-01,-6.93E-02,-4.11E+01,-2.09E+02,6.01E+00,-1.95E+00,2.61E-01,-3.58E-03,4.845679012,0.301273885
-7.71E+01,1.91E+01,2.28E+01,1.28E-01,7.39E-01,-6.94E-02,-4.12E+01,-2.09E+02,5.95E+00,-1.95E+00,2.61E-01,-3.65E-03,4.845679012,0.301273885
-7.71E+01,1.91E+01,2.28E+01,1.28E-01,7.39E-01,-6.94E-02,-4.12E+01,-2.09E+02,5.88E+00,-1.94E+00,2.61E-01,-3.70E-03,4.830769231,0.301273885
-7.72E+01,1.91E+01,2.29E+01,1.28E-01,7.39E-01,-6.94E-02,-4.13E+01,-2.09E+02,5.80E+00,-1.94E+00,2.61E-01,-3.71E-03,4.830769231,0.301273885
-7.72E+01,1.91E+01,2.29E+01,1.28E-01,7.39E-01,-6.94E-02,-4.13E+01,-2.09E+02,5.73E+00,-1.94E+00,2.61E-01,-3.67E-03,4.830769231,0.301273885
-7.72E+01,1.91E+01,2.29E+01,1.28E-01,7.39E-01,-6.94E-02,-4.13E+01,-2.09E+02,5.67E+00,-1.94E+00,2.61E-01,-3.63E-03,4.81595092,0.301273885
-7.73E+01,1.91E+01,2.29E+01,1.28E-01,7.39E-01,-6.94E-02,-4.14E+01,-2.09E+02,5.62E+00,-1.94E+00,2.61E-01,-3.59E-03,4.81595092,0.301273885
-7.73E+01,1.91E+01,2.29E+01,1.28E-01,7.39E-01,-6.94E-02,-4.14E+01,-2.09E+02,5.58E+00,-1.94E+00,2.60E-01,-3.54E-03,4.81595092,0.301910828
-7.73E+01,1.91E+01,2.29E+01,1.28E-01,7.39E-01,-6.93E-02,-4.14E+01,-2.09E+02,5.56E+00,-1.94E+00,2.60E-01,-3.54E-03,4.81595092,0.301910828
-7.73E+01,1.91E+01,2.29E+01,1.28E-01,7.39E-01,-6.93E-02,-4.14E+01,-2.09E+02,5.54E+00,-1.94E+00,2.60E-01,-3.49E-03,4.81595092,0.301910828
-7.73E+01,1.91E+01,2.29E+01,1.28E-01,7.39E-01,-6.93E-02,-4.14E+01,-2.09E+02,5.52E+00,-1.94E+00,2.60E-01,-3.48E-03,4.81595092,0.301910828
-7.73E+01,1.91E+01,2.29E+01,1.28E-01,7.38E-01,-6.92E-02,-4.14E+01,-2.09E+02,5.52E+00,-1.94E+00,2.60E-01,-3.44E-03,4.81595092,0.301910828
-7.73E+01,1.91E+01,2.29E+01,1.28E-01,7.38E-01,-6.92E-02,-4.14E+01,-2.09E+02,5.54E+00,-1.94E+00,2.59E-01,-3.41E-03,4.81595092,0.301910828
-7.73E+01,1.91E+01,2.29E+01,1.28E-01,7.38E-01,-6.91E-02,-4.14E+01,-2.09E+02,5.56E+00,-1.94E+00,2.59E-01,-3.32E-03,4.81595092,0.302547771
-7.73E+01,1.91E+01,2.29E+01,1.28E-01,7.38E-01,-6.91E-02,-4.14E+01,-2.10E+02,5.60E+00,-1.94E+00,2.59E-01,-3.26E-03,4.81595092,0.302547771
-7.73E+01,1.91E+01,2.29E+01,1.28E-01,7.38E-01,-6.90E-02,-4.13E+01,-2.10E+02,5.64E+00,-1.94E+00,2.59E-01,-3.18E-03,4.81595092,0.302547771
-7.73E+01,1.91E+01,2.29E+01,1.28E-01,7.38E-01,-6.90E-02,-4.13E+01,-2.10E+02,5.68E+00,-1.95E+00,2.59E-01,-3.11E-03,4.846625767,0.300632911
-7.73E+01,1.91E+01,2.29E+01,1.28E-01,7.38E-01,-6.89E-02,-4.13E+01,-2.10E+02,5.72E+00,-1.95E+00,2.59E-01,-2.99E-03,4.861538462,0.301265823
-7.74E+01,1.92E+01,2.29E+01,1.27E-01,7.39E-01,-6.89E-02,-4.13E+01,-2.10E+02,5.76E+00,-1.95E+00,2.59E-01,-2.86E-03,4.861538462,0.301265823
-7.74E+01,1.92E+01,2.29E+01,1.27E-01,7.39E-01,-6.88E-02,-4.13E+01,-2.10E+02,5.79E+00,-1.95E+00,2.58E-01,-2.72E-03,4.861538462,0.301265823
-7.74E+01,1.92E+01,2.29E+01,1.27E-01,7.39E-01,-6.88E-02,-4.13E+01,-2.10E+02,5.82E+00,-1.95E+00,2.58E-01,-2.56E-03,4.861538462,0.301265823
-7.74E+01,1.92E+01,2.29E+01,1.27E-01,7.39E-01,-6.88E-02,-4.13E+01,-2.10E+02,5.85E+00,-1.95E+00,2.58E-01,-2.39E-03,4.861538462,0.301265823
-7.74E+01,1.92E+01,2.29E+01,1.27E-01,7.39E-01,-6.88E-02,-4.13E+01,-2.10E+02,5.87E+00,-1.95E+00,2.58E-01,-2.21E-03,4.861538462,0.301265823
-7.74E+01,1.92E+01,2.29E+01,1.27E-01,7.39E-01,-6.88E-02,-4.13E+01,-2.10E+02,5.90E+00,-1.95E+00,2.58E-01,-2.06E-03,4.861538462,0.301265823
-7.74E+01,1.92E+01,2.29E+01,1.27E-01,7.39E-01,-6.88E-02,-4.13E+01,-2.10E+02,5.92E+00,-1.95E+00,2.58E-01,-1.88E-03,4.861538462,0.301265823
-7.74E+01,1.92E+01,2.29E+01,1.27E-01,7.39E-01,-6.89E-02,-4.13E+01,-2.10E+02,5.93E+00,-1.95E+00,2.58E-01,-1.70E-03,4.861538462,0.301265823
-7.74E+01,1.92E+01,2.29E+01,1.27E-01,7.39E-01,-6.89E-02,-4.13E+01,-2.10E+02,5.93E+00,-1.95E+00,2.58E-01,-1.55E-03,4.861538462,0.301265823
-7.74E+01,1.91E+01,2.29E+01,1.27E-01,7.39E-01,-6.90E-02,-4.13E+01,-2.10E+02,5.91E+00,-1.95E+00,2.59E-01,-1.44E-03,4.861538462,0.301265823
-7.74E+01,1.91E+01,2.29E+01,1.27E-01,7.39E-01,-6.90E-02,-4.13E+01,-2.10E+02,5.89E+00,-1.95E+00,2.59E-01,-1.31E-03,4.861538462,0.301265823
-7.74E+01,1.91E+01,2.29E+01,1.27E-01,7.39E-01,-6.91E-02,-4.12E+01,-2.10E+02,5.87E+00,-1.95E+00,2.59E-01,-1.22E-03,4.861538462,0.301265823
-7.74E+01,1.91E+01,2.29E+01,1.27E-01,7.39E-01,-6.91E-02,-4.12E+01,-2.10E+02,5.84E+00,-1.95E+00,2.59E-01,-1.13E-03,4.861538462,0.301265823
-7.74E+01,1.91E+01,2.29E+01,1.27E-01,7.39E-01,-6.91E-02,-4.13E+01,-2.10E+02,5.82E+00,-1.95E+00,2.59E-01,-1.07E-03,4.861538462,0.301265823
-7.74E+01,1.91E+01,2.29E+01,1.27E-01,7.39E-01,-6.91E-02,-4.13E+01,-2.10E+02,5.79E+00,-1.95E+00,2.59E-01,-1.05E-03,4.861538462,0.301265823
-7.74E+01,1.91E+01,2.29E+01,1.27E-01,7.39E-01,-6.91E-02,-4.13E+01,-2.10E+02,5.77E+00,-1.95E+00,2.59E-01,-1.04E-03,4.861538462,0.301265823
-7.74E+01,1.91E+01,2.29E+01,1.27E-01,7.39E-01,-6.91E-02,-4.13E+01,-2.10E+02,5.75E+00,-1.94E+00,2.59E-01,-1.08E-03,4.861538462,0.301265823
-7.75E+01,1.91E+01,2.29E+01,1.27E-01,7.39E-01,-6.91E-02,-4.13E+01,-2.10E+02,5.72E+00,-1.94E+00,2.58E-01,-1.15E-03,4.861538462,0.301265823
-7.75E+01,1.91E+01,2.29E+01,1.27E-01,7.39E-01,-6.91E-02,-4.13E+01,-2.10E+02,5.71E+00,-1.94E+00,2.58E-01,-1.23E-03,4.861538462,0.301265823
-7.75E+01,1.91E+01,2.29E+01,1.27E-01,7.38E-01,-6.90E-02,-4.13E+01,-2.10E+02,5.69E+00,-1.94E+00,2.58E-01,-1.34E-03,4.861538462,0.301898734
-7.75E+01,1.91E+01,2.29E+01,1.27E-01,7.38E-01,-6.89E-02,-4.13E+01,-2.10E+02,5.68E+00,-1.94E+00,2.58E-01,-1.46E-03,4.846625767,0.301898734
-7.75E+01,1.91E+01,2.29E+01,1.27E-01,7.38E-01,-6.89E-02,-4.14E+01,-2.10E+02,5.67E+00,-1.94E+00,2.57E-01,-1.60E-03,4.846625767,0.301898734
-7.75E+01,1.91E+01,2.29E+01,1.27E-01,7.38E-01,-6.88E-02,-4.14E+01,-2.10E+02,5.69E+00,-1.94E+00,2.57E-01,-1.71E-03,4.846625767,0.301898734
-7.75E+01,1.91E+01,2.30E+01,1.27E-01,7.37E-01,-6.87E-02,-4.14E+01,-2.10E+02,5.72E+00,-1.94E+00,2.57E-01,-1.86E-03,4.846625767,0.301898734
-7.75E+01,1.92E+01,2.30E+01,1.27E-01,7.37E-01,-6.86E-02,-4.14E+01,-2.10E+02,5.76E+00,-1.94E+00,2.57E-01,-2.02E-03,4.846625767,0.301898734
-7.75E+01,1.92E+01,2.30E+01,1.27E-01,7.37E-01,-6.85E-02,-4.15E+01,-2.10E+02,5.81E+00,-1.94E+00,2.56E-01,-2.15E-03,4.846625767,0.301265823
-7.75E+01,1.92E+01,2.30E+01,1.26E-01,7.37E-01,-6.84E-02,-4.15E+01,-2.10E+02,5.86E+00,-1.94E+00,2.56E-01,-2.29E-03,4.831804281,0.301265823
-7.75E+01,1.93E+01,2.30E+01,1.26E-01,7.37E-01,-6.83E-02,-4.15E+01,-2.10E+02,5.91E+00,-1.94E+00,2.56E-01,-2.43E-03,4.831804281,0.301265823
-7.75E+01,1.93E+01,2.30E+01,1.26E-01,7.37E-01,-6.82E-02,-4.15E+01,-2.10E+02,5.95E+00,-1.94E+00,2.56E-01,-2.53E-03,4.831804281,0.301265823
-7.75E+01,1.93E+01,2.30E+01,1.26E-01,7.37E-01,-6.82E-02,-4.15E+01,-2.10E+02,6.00E+00,-1.94E+00,2.55E-01,-2.63E-03,4.831804281,0.300632911
-7.74E+01,1.93E+01,2.30E+01,1.26E-01,7.37E-01,-6.81E-02,-4.15E+01,-2.10E+02,6.04E+00,-1.94E+00,2.55E-01,-2.71E-03,4.831804281,0.300632911
-7.74E+01,1.93E+01,2.29E+01,1.26E-01,7.37E-01,-6.81E-02,-4.15E+01,-2.10E+02,6.07E+00,-1.94E+00,2.55E-01,-2.75E-03,4.801223242,0.301910828
-7.74E+01,1.93E+01,2.29E+01,1.26E-01,7.37E-01,-6.81E-02,-4.15E+01,-2.09E+02,6.08E+00,-1.94E+00,2.55E-01,-2.78E-03,4.81595092,0.301910828
-7.73E+01,1.93E+01,2.29E+01,1.26E-01,7.37E-01,-6.81E-02,-4.14E+01,-2.09E+02,6.07E+00,-1.94E+00,2.56E-01,-2.83E-03,4.81595092,0.301273885
-7.73E+01,1.93E+01,2.29E+01,1.26E-01,7.37E-01,-6.81E-02,-4.14E+01,-2.09E+02,6.04E+00,-1.94E+00,2.56E-01,-2.89E-03,4.81595092,0.301273885
-7.73E+01,1.93E+01,2.29E+01,1.26E-01,7.37E-01,-6.82E-02,-4.14E+01,-2.09E+02,6.00E+00,-1.94E+00,2.56E-01,-2.95E-03,4.81595092,0.300636943
-7.72E+01,1.93E+01,2.29E+01,1.26E-01,7.37E-01,-6.82E-02,-4.14E+01,-2.09E+02,5.94E+00,-1.94E+00,2.56E-01,-2.96E-03,4.81595092,0.300636943
-7.72E+01,1.92E+01,2.29E+01,1.26E-01,7.37E-01,-6.82E-02,-4.14E+01,-2.09E+02,5.88E+00,-1.94E+00,2.56E-01,-3.00E-03,4.81595092,0.3
-7.72E+01,1.92E+01,2.29E+01,1.26E-01,7.37E-01,-6.83E-02,-4.14E+01,-2.08E+02,5.80E+00,-1.94E+00,2.56E-01,-3.04E-03,4.81595092,0.3
-7.72E+01,1.92E+01,2.29E+01,1.26E-01,7.37E-01,-6.84E-02,-4.14E+01,-2.08E+02,5.73E+00,-1.94E+00,2.57E-01,-3.06E-03,4.785276074,0.301923077
-7.71E+01,1.91E+01,2.29E+01,1.26E-01,7.38E-01,-6.84E-02,-4.13E+01,-2.08E+02,5.65E+00,-1.94E+00,2.57E-01,-3.08E-03,4.785276074,0.301282051
-7.71E+01,1.91E+01,2.28E+01,1.26E-01,7.38E-01,-6.85E-02,-4.13E+01,-2.08E+02,5.58E+00,-1.94E+00,2.57E-01,-3.08E-03,4.8,0.301282051
-7.71E+01,1.90E+01,2.28E+01,1.27E-01,7.38E-01,-6.85E-02,-4.13E+01,-2.08E+02,5.52E+00,-1.94E+00,2.57E-01,-3.11E-03,4.8,0.301282051
-7.71E+01,1.90E+01,2.28E+01,1.27E-01,7.38E-01,-6.86E-02,-4.13E+01,-2.08E+02,5.47E+00,-1.94E+00,2.57E-01,-3.11E-03,4.8,0.301282051
-7.70E+01,1.90E+01,2.28E+01,1.27E-01,7.38E-01,-6.86E-02,-4.13E+01,-2.08E+02,5.43E+00,-1.94E+00,2.57E-01,-3.13E-03,4.8,0.301282051
-7.70E+01,1.89E+01,2.28E+01,1.27E-01,7.38E-01,-6.86E-02,-4.12E+01,-2.08E+02,5.40E+00,-1.94E+00,2.58E-01,-3.13E-03,4.8,0.301282051
-7.70E+01,1.89E+01,2.28E+01,1.27E-01,7.38E-01,-6.87E-02,-4.12E+01,-2.08E+02,5.38E+00,-1.94E+00,2.58E-01,-3.13E-03,4.8,0.300641026
-7.70E+01,1.89E+01,2.28E+01,1.27E-01,7.38E-01,-6.87E-02,-4.12E+01,-2.08E+02,5.39E+00,-1.94E+00,2.58E-01,-3.13E-03,4.814814815,0.300641026
-7.69E+01,1.89E+01,2.28E+01,1.27E-01,7.38E-01,-6.87E-02,-4.12E+01,-2.08E+02,5.43E+00,-1.94E+00,2.58E-01,-3.11E-03,4.814814815,0.300641026
-7.69E+01,1.89E+01,2.28E+01,1.27E-01,7.39E-01,-6.87E-02,-4.12E+01,-2.08E+02,5.50E+00,-1.94E+00,2.58E-01,-3.07E-03,4.814814815,0.300641026
-7.69E+01,1.89E+01,2.28E+01,1.27E-01,7.39E-01,-6.87E-02,-4.11E+01,-2.08E+02,5.58E+00,-1.94E+00,2.58E-01,-3.03E-03,4.814814815,0.300641026
-7.68E+01,1.90E+01,2.27E+01,1.27E-01,7.39E-01,-6.86E-02,-4.11E+01,-2.07E+02,5.68E+00,-1.94E+00,2.58E-01,-2.98E-03,4.814814815,0.300641026
-7.68E+01,1.90E+01,2.27E+01,1.27E-01,7.39E-01,-6.87E-02,-4.11E+01,-2.07E+02,5.77E+00,-1.94E+00,2.58E-01,-2.89E-03,4.814814815,0.300641026
-7.68E+01,1.90E+01,2.27E+01,1.27E-01,7.39E-01,-6.87E-02,-4.11E+01,-2.07E+02,5.85E+00,-1.94E+00,2.58E-01,-2.83E-03,4.814814815,0.300641026
-7.68E+01,1.90E+01,2.27E+01,1.27E-01,7.39E-01,-6.87E-02,-4.11E+01,-2.07E+02,5.92E+00,-1.95E+00,2.59E-01,-2.78E-03,4.814814815,0.300641026
-7.68E+01,1.91E+01,2.27E+01,1.27E-01,7.39E-01,-6.87E-02,-4.11E+01,-2.07E+02,5.98E+00,-1.95E+00,2.59E-01,-2.72E-03,4.814814815,0.300641026
-7.68E+01,1.91E+01,2.27E+01,1.28E-01,7.39E-01,-6.87E-02,-4.11E+01,-2.07E+02,6.04E+00,-1.95E+00,2.59E-01,-2.67E-03,4.814814815,0.300641026
-7.68E+01,1.91E+01,2.27E+01,1.28E-01,7.39E-01,-6.88E-02,-4.11E+01,-2.07E+02,6.09E+00,-1.95E+00,2.59E-01,-2.63E-03,4.814814815,0.300641026
-7.68E+01,1.91E+01,2.27E+01,1.28E-01,7.39E-01,-6.88E-02,-4.11E+01,-2.07E+02,6.10E+00,-1.95E+00,2.59E-01,-2.63E-03,4.814814815,0.3
-7.68E+01,1.91E+01,2.27E+01,1.28E-01,7.39E-01,-6.89E-02,-4.11E+01,-2.07E+02,6.09E+00,-1.95E+00,2.60E-01,-2.61E-03,4.814814815,0.3
-7.68E+01,1.91E+01,2.27E+01,1.28E-01,7.39E-01,-6.89E-02,-4.11E+01,-2.07E+02,6.07E+00,-1.95E+00,2.60E-01,-2.63E-03,4.814814815,0.3
-7.68E+01,1.91E+01,2.27E+01,1.28E-01,7.39E-01,-6.90E-02,-4.11E+01,-2.07E+02,6.02E+00,-1.95E+00,2.60E-01,-2.66E-03,4.814814815,0.3
-7.68E+01,1.91E+01,2.27E+01,1.28E-01,7.39E-01,-6.90E-02,-4.11E+01,-2.07E+02,5.97E+00,-1.95E+00,2.60E-01,-2.69E-03,4.814814815,0.3
-7.68E+01,1.91E+01,2.28E+01,1.28E-01,7.39E-01,-6.91E-02,-4.12E+01,-2.07E+02,5.90E+00,-1.94E+00,2.60E-01,-2.77E-03,4.814814815,0.3
-7.68E+01,1.91E+01,2.28E+01,1.28E-01,7.39E-01,-6.91E-02,-4.12E+01,-2.07E+02,5.83E+00,-1.94E+00,2.60E-01,-2.81E-03,4.814814815,0.3
-7.68E+01,1.91E+01,2.28E+01,1.27E-01,7.39E-01,-6.91E-02,-4.12E+01,-2.07E+02,5.75E+00,-1.94E+00,2.60E-01,-2.90E-03,4.8,0.3
-7.69E+01,1.90E+01,2.28E+01,1.27E-01,7.38E-01,-6.91E-02,-4.12E+01,-2.07E+02,5.66E+00,-1.94E+00,2.60E-01,-2.99E-03,4.8,0.3
-7.69E+01,1.90E+01,2.28E+01,1.27E-01,7.38E-01,-6.91E-02,-4.13E+01,-2.07E+02,5.59E+00,-1.94E+00,2.59E-01,-3.08E-03,4.8,0.3
-7.69E+01,1.90E+01,2.28E+01,1.27E-01,7.38E-01,-6.91E-02,-4.13E+01,-2.08E+02,5.52E+00,-1.94E+00,2.59E-01,-3.19E-03,4.8,0.3
-7.69E+01,1.90E+01,2.28E+01,1.27E-01,7.38E-01,-6.91E-02,-4.13E+01,-2.08E+02,5.47E+00,-1.94E+00,2.59E-01,-3.30E-03,4.785276074,0.300641026
-7.69E+01,1.90E+01,2.29E+01,1.27E-01,7.38E-01,-6.90E-02,-4.13E+01,-2.08E+02,5.43E+00,-1.94E+00,2.59E-01,-3.41E-03,4.785276074,0.300641026
-7.69E+01,1.90E+01,2.29E+01,1.27E-01,7.38E-01,-6.90E-02,-4.14E+01,-2.08E+02,5.39E+00,-1.94E+00,2.59E-01,-3.51E-03,4.785276074,0.300641026
-7.69E+01,1.90E+01,2.29E+01,1.27E-01,7.37E-01,-6.90E-02,-4.14E+01,-2.08E+02,5.38E+00,-1.94E+00,2.58E-01,-3.61E-03,4.785276074,0.300641026
-7.69E+01,1.90E+01,2.28E+01,1.27E-01,7.37E-01,-6.89E-02,-4.13E+01,-2.08E+02,5.38E+00,-1.94E+00,2.58E-01,-3.68E-03,4.785276074,0.300641026
-7.69E+01,1.90E+01,2.28E+01,1.27E-01,7.37E-01,-6.88E-02,-4.13E+01,-2.08E+02,5.40E+00,-1.94E+00,2.58E-01,-3.73E-03,4.8,0.301282051
-7.69E+01,1.90E+01,2.28E+01,1.27E-01,7.37E-01,-6.88E-02,-4.13E+01,-2.08E+02,5.45E+00,-1.94E+00,2.58E-01,-3.76E-03,4.8,0.301282051
-7.69E+01,1.90E+01,2.28E+01,1.27E-01,7.37E-01,-6.87E-02,-4.13E+01,-2.08E+02,5.51E+00,-1.94E+00,2.58E-01,-3.76E-03,4.8,0.301282051
-7.68E+01,1.90E+01,2.28E+01,1.27E-01,7.37E-01,-6.87E-02,-4.12E+01,-2.08E+02,5.57E+00,-1.94E+00,2.58E-01,-3.74E-03,4.8,0.301282051
-7.68E+01,1.90E+01,2.28E+01,1.27E-01,7.37E-01,-6.86E-02,-4.12E+01,-2.08E+02,5.63E+00,-1.94E+00,2.58E-01,-3.70E-03,4.814814815,0.301282051
-7.68E+01,1.90E+01,2.28E+01,1.27E-01,7.37E-01,-6.86E-02,-4.12E+01,-2.08E+02,5.69E+00,-1.94E+00,2.58E-01,-3.65E-03,4.814814815,0.301282051
-7.68E+01,1.90E+01,2.28E+01,1.27E-01,7.37E-01,-6.85E-02,-4.11E+01,-2.08E+02,5.74E+00,-1.94E+00,2.58E-01,-3.59E-03,4.814814815,0.301282051
-7.68E+01,1.90E+01,2.28E+01,1.27E-01,7.37E-01,-6.85E-02,-4.11E+01,-2.08E+02,5.79E+00,-1.94E+00,2.58E-01,-3.55E-03,4.814814815,0.301282051
-7.68E+01,1.90E+01,2.28E+01,1.27E-01,7.37E-01,-6.85E-02,-4.11E+01,-2.08E+02,5.83E+00,-1.94E+00,2.58E-01,-3.49E-03,4.814814815,0.301282051
-7.68E+01,1.91E+01,2.28E+01,1.27E-01,7.37E-01,-6.85E-02,-4.11E+01,-2.08E+02,5.86E+00,-1.94E+00,2.58E-01,-3.45E-03,4.814814815,0.301282051
-7.69E+01,1.91E+01,2.28E+01,1.27E-01,7.37E-01,-6.85E-02,-4.11E+01,-2.08E+02,5.88E+00,-1.94E+00,2.58E-01,-3.40E-03,4.814814815,0.301282051
-7.69E+01,1.91E+01,2.28E+01,1.27E-01,7.37E-01,-6.85E-02,-4.11E+01,-2.08E+02,5.89E+00,-1.94E+00,2.59E-01,-3.36E-03,4.814814815,0.301923077
-7.69E+01,1.91E+01,2.28E+01,1.27E-01,7.37E-01,-6.86E-02,-4.11E+01,-2.08E+02,5.89E+00,-1.94E+00,2.59E-01,-3.33E-03,4.814814815,0.301923077
-7.70E+01,1.91E+01,2.28E+01,1.27E-01,7.37E-01,-6.86E-02,-4.12E+01,-2.08E+02,5.87E+00,-1.94E+00,2.59E-01,-3.29E-03,4.814814815,0.301923077
-7.71E+01,1.91E+01,2.29E+01,1.27E-01,7.37E-01,-6.86E-02,-4.12E+01,-2.08E+02,5.85E+00,-1.94E+00,2.59E-01,-3.28E-03,4.845679012,0.3
-7.71E+01,1.91E+01,2.29E+01,1.27E-01,7.37E-01,-6.87E-02,-4.12E+01,-2.08E+02,5.81E+00,-1.94E+00,2.59E-01,-3.29E-03,4.830769231,0.3
-7.72E+01,1.91E+01,2.29E+01,1.27E-01,7.37E-01,-6.87E-02,-4.13E+01,-2.09E+02,5.76E+00,-1.94E+00,2.59E-01,-3.27E-03,4.830769231,0.3
-7.72E+01,1.91E+01,2.29E+01,1.27E-01,7.37E-01,-6.87E-02,-4.13E+01,-2.09E+02,5.71E+00,-1.94E+00,2.59E-01,-3.26E-03,4.830769231,0.300636943
-7.72E+01,1.90E+01,2.29E+01,1.27E-01,7.38E-01,-6.87E-02,-4.13E+01,-2.09E+02,5.66E+00,-1.94E+00,2.59E-01,-3.24E-03,4.830769231,0.300636943
-7.73E+01,1.90E+01,2.30E+01,1.27E-01,7.38E-01,-6.87E-02,-4.14E+01,-2.09E+02,5.63E+00,-1.94E+00,2.59E-01,-3.21E-03,4.81595092,0.300636943
-7.73E+01,1.90E+01,2.30E+01,1.27E-01,7.38E-01,-6.87E-02,-4.14E+01,-2.09E+02,5.59E+00,-1.94E+00,2.59E-01,-3.19E-03,4.81595092,0.300636943
-7.73E+01,1.90E+01,2.30E+01,1.27E-01,7.38E-01,-6.87E-02,-4.14E+01,-2.09E+02,5.57E+00,-1.94E+00,2.58E-01,-3.17E-03,4.81595092,0.300636943
-7.73E+01,1.90E+01,2.30E+01,1.27E-01,7.38E-01,-6.87E-02,-4.14E+01,-2.09E+02,5.56E+00,-1.94E+00,2.58E-01,-3.19E-03,4.81595092,0.300636943
-7.73E+01,1.90E+01,2.29E+01,1.27E-01,7.38E-01,-6.87E-02,-4.14E+01,-2.09E+02,5.55E+00,-1.94E+00,2.58E-01,-3.19E-03,4.81595092,0.300636943
-7.73E+01,1.90E+01,2.29E+01,1.27E-01,7.38E-01,-6.87E-02,-4.14E+01,-2.09E+02,5.54E+00,-1.94E+00,2.58E-01,-3.19E-03,4.81595092,0.300636943
-7.72E+01,1.90E+01,2.29E+01,1.27E-01,7.38E-01,-6.86E-02,-4.14E+01,-2.09E+02,5.55E+00,-1.94E+00,2.58E-01,-3.25E-03,4.81595092,0.300636943
-7.72E+01,1.90E+01,2.29E+01,1.27E-01,7.38E-01,-6.86E-02,-4.13E+01,-2.09E+02,5.58E+00,-1.94E+00,2.58E-01,-3.27E-03,4.81595092,0.300636943
-7.72E+01,1.91E+01,2.29E+01,1.27E-01,7.38E-01,-6.86E-02,-4.13E+01,-2.09E+02,5.62E+00,-1.94E+00,2.58E-01,-3.28E-03,4.830769231,0.3
-7.71E+01,1.91E+01,2.29E+01,1.27E-01,7.38E-01,-6.86E-02,-4.13E+01,-2.08E+02,5.67E+00,-1.94E+00,2.58E-01,-3.34E-03,4.830769231,0.3
-7.71E+01,1.91E+01,2.29E+01,1.27E-01,7.38E-01,-6.85E-02,-4.13E+01,-2.08E+02,5.72E+00,-1.94E+00,2.58E-01,-3.39E-03,4.830769231,0.3
-7.71E+01,1.91E+01,2.28E+01,1.27E-01,7.38E-01,-6.85E-02,-4.12E+01,-2.08E+02,5.76E+00,-1.94E+00,2.58E-01,-3.44E-03,4.8,0.301923077
-7.70E+01,1.91E+01,2.28E+01,1.27E-01,7.38E-01,-6.84E-02,-4.12E+01,-2.08E+02,5.81E+00,-1.94E+00,2.57E-01,-3.52E-03,4.8,0.301923077
-7.70E+01,1.91E+01,2.28E+01,1.27E-01,7.38E-01,-6.84E-02,-4.12E+01,-2.08E+02,5.84E+00,-1.94E+00,2.57E-01,-3.59E-03,4.814814815,0.301282051
-7.70E+01,1.91E+01,2.28E+01,1.27E-01,7.38E-01,-6.84E-02,-4.12E+01,-2.08E+02,5.88E+00,-1.94E+00,2.57E-01,-3.68E-03,4.814814815,0.301282051
-7.69E+01,1.92E+01,2.28E+01,1.27E-01,7.37E-01,-6.84E-02,-4.12E+01,-2.08E+02,5.91E+00,-1.94E+00,2.57E-01,-3.78E-03,4.814814815,0.301282051
-7.69E+01,1.92E+01,2.28E+01,1.27E-01,7.37E-01,-6.83E-02,-4.12E+01,-2.08E+02,5.94E+00,-1.94E+00,2.58E-01,-3.89E-03,4.814814815,0.301282051
-7.69E+01,1.92E+01,2.28E+01,1.27E-01,7.37E-01,-6.83E-02,-4.12E+01,-2.08E+02,5.95E+00,-1.94E+00,2.58E-01,-3.99E-03,4.814814815,0.301282051
-7.69E+01,1.92E+01,2.28E+01,1.27E-01,7.37E-01,-6.83E-02,-4.12E+01,-2.08E+02,5.95E+00,-1.94E+00,2.58E-01,-4.11E-03,4.814814815,0.300641026
-7.69E+01,1.92E+01,2.28E+01,1.26E-01,7.37E-01,-6.84E-02,-4.12E+01,-2.08E+02,5.93E+00,-1.94E+00,2.58E-01,-4.23E-03,4.814814815,0.300641026
-7.69E+01,1.92E+01,2.28E+01,1.26E-01,7.37E-01,-6.84E-02,-4.12E+01,-2.08E+02,5.90E+00,-1.94E+00,2.58E-01,-4.34E-03,4.814814815,0.300641026
-7.69E+01,1.92E+01,2.28E+01,1.26E-01,7.37E-01,-6.84E-02,-4.12E+01,-2.08E+02,5.86E+00,-1.94E+00,2.58E-01,-4.44E-03,4.814814815,0.300641026
-7.70E+01,1.91E+01,2.28E+01,1.26E-01,7.37E-01,-6.84E-02,-4.12E+01,-2.08E+02,5.81E+00,-1.94E+00,2.58E-01,-4.52E-03,4.8,0.300641026
-7.70E+01,1.91E+01,2.28E+01,1.26E-01,7.36E-01,-6.84E-02,-4.12E+01,-2.08E+02,5.77E+00,-1.94E+00,2.58E-01,-4.58E-03,4.8,0.300641026
-7.70E+01,1.91E+01,2.28E+01,1.26E-01,7.36E-01,-6.85E-02,-4.13E+01,-2.08E+02,5.72E+00,-1.94E+00,2.58E-01,-4.63E-03,4.8,0.301282051
-7.70E+01,1.91E+01,2.28E+01,1.26E-01,7.36E-01,-6.85E-02,-4.13E+01,-2.08E+02,5.67E+00,-1.94E+00,2.58E-01,-4.65E-03,4.8,0.301282051
-7.70E+01,1.91E+01,2.28E+01,1.26E-01,7.36E-01,-6.85E-02,-4.13E+01,-2.08E+02,5.63E+00,-1.94E+00,2.58E-01,-4.65E-03,4.8,0.301282051
-7.70E+01,1.91E+01,2.28E+01,1.26E-01,7.36E-01,-6.85E-02,-4.13E+01,-2.08E+02,5.59E+00,-1.94E+00,2.58E-01,-4.67E-03,4.8,0.301282051
-7.70E+01,1.90E+01,2.28E+01,1.26E-01,7.36E-01,-6.85E-02,-4.13E+01,-2.08E+02,5.57E+00,-1.94E+00,2.58E-01,-4.64E-03,4.8,0.301282051
-7.70E+01,1.90E+01,2.28E+01,1.26E-01,7.36E-01,-6.86E-02,-4.13E+01,-2.08E+02,5.55E+00,-1.94E+00,2.58E-01,-4.60E-03,4.8,0.301282051
-7.70E+01,1.90E+01,2.28E+01,1.27E-01,7.36E-01,-6.86E-02,-4.13E+01,-2.08E+02,5.54E+00,-1.94E+00,2.58E-01,-4.56E-03,4.8,0.301282051
-7.70E+01,1.90E+01,2.28E+01,1.27E-01,7.36E-01,-6.86E-02,-4.13E+01,-2.08E+02,5.53E+00,-1.94E+00,2.58E-01,-4.50E-03,4.8,0.301282051
-7.70E+01,1.90E+01,2.28E+01,1.27E-01,7.36E-01,-6.86E-02,-4.12E+01,-2.08E+02,5.53E+00,-1.94E+00,2.58E-01,-4.46E-03,4.8,0.301282051
-7.70E+01,1.90E+01,2.28E+01,1.27E-01,7.36E-01,-6.87E-02,-4.12E+01,-2.08E+02,5.54E+00,-1.94E+00,2.58E-01,-4.37E-03,4.8,0.301923077
-7.70E+01,1.90E+01,2.28E+01,1.27E-01,7.36E-01,-6.87E-02,-4.12E+01,-2.08E+02,5.56E+00,-1.94E+00,2.58E-01,-4.25E-03,4.814814815,0.301923077
-7.70E+01,1.90E+01,2.28E+01,1.27E-01,7.36E-01,-6.87E-02,-4.12E+01,-2.08E+02,5.60E+00,-1.94E+00,2.58E-01,-4.15E-03,4.814814815,0.301282051
-7.69E+01,1.90E+01,2.28E+01,1.27E-01,7.36E-01,-6.87E-02,-4.12E+01,-2.08E+02,5.64E+00,-1.94E+00,2.58E-01,-3.98E-03,4.814814815,0.301282051
-7.69E+01,1.90E+01,2.28E+01,1.27E-01,7.36E-01,-6.86E-02,-4.11E+01,-2.08E+02,5.69E+00,-1.94E+00,2.58E-01,-3.85E-03,4.814814815,0.301282051
-7.69E+01,1.90E+01,2.28E+01,1.27E-01,7.36E-01,-6.86E-02,-4.11E+01,-2.08E+02,5.74E+00,-1.94E+00,2.58E-01,-3.69E-03,4.814814815,0.301282051
-7.69E+01,1.90E+01,2.28E+01,1.27E-01,7.36E-01,-6.86E-02,-4.11E+01,-2.08E+02,5.78E+00,-1.94E+00,2.58E-01,-3.52E-03,4.814814815,0.301282051
-7.68E+01,1.90E+01,2.27E+01,1.27E-01,7.37E-01,-6.86E-02,-4.11E+01,-2.08E+02,5.82E+00,-1.94E+00,2.58E-01,-3.35E-03,4.829721362,0.301282051
-7.68E+01,1.90E+01,2.27E+01,1.27E-01,7.37E-01,-6.86E-02,-4.10E+01,-2.08E+02,5.85E+00,-1.94E+00,2.58E-01,-3.17E-03,4.829721362,0.301282051
-7.68E+01,1.91E+01,2.27E+01,1.27E-01,7.37E-01,-6.86E-02,-4.10E+01,-2.08E+02,5.87E+00,-1.94E+00,2.58E-01,-2.99E-03,4.829721362,0.301282051
-7.68E+01,1.91E+01,2.27E+01,1.27E-01,7.37E-01,-6.86E-02,-4.10E+01,-2.08E+02,5.89E+00,-1.94E+00,2.58E-01,-2.81E-03,4.829721362,0.301282051
-7.68E+01,1.91E+01,2.27E+01,1.27E-01,7.37E-01,-6.87E-02,-4.10E+01,-2.08E+02,5.89E+00,-1.94E+00,2.58E-01,-2.63E-03,4.829721362,0.301282051
-7.68E+01,1.91E+01,2.27E+01,1.27E-01,7.37E-01,-6.87E-02,-4.10E+01,-2.08E+02,5.89E+00,-1.94E+00,2.58E-01,-2.46E-03,4.829721362,0.301923077
-7.68E+01,1.91E+01,2.27E+01,1.27E-01,7.37E-01,-6.87E-02,-4.11E+01,-2.08E+02,5.87E+00,-1.94E+00,2.58E-01,-2.33E-03,4.829721362,0.301923077
-7.68E+01,1.91E+01,2.28E+01,1.27E-01,7.37E-01,-6.87E-02,-4.11E+01,-2.08E+02,5.84E+00,-1.94E+00,2.58E-01,-2.22E-03,4.814814815,0.301923077
-7.69E+01,1.91E+01,2.28E+01,1.27E-01,7.37E-01,-6.88E-02,-4.11E+01,-2.08E+02,5.81E+00,-1.94E+00,2.58E-01,-2.12E-03,4.814814815,0.301923077
-7.69E+01,1.91E+01,2.28E+01,1.27E-01,7.37E-01,-6.88E-02,-4.11E+01,-2.08E+02,5.76E+00,-1.94E+00,2.58E-01,-2.06E-03,4.814814815,0.301923077
-7.70E+01,1.90E+01,2.28E+01,1.27E-01,7.37E-01,-6.88E-02,-4.12E+01,-2.08E+02,5.71E+00,-1.94E+00,2.58E-01,-2.03E-03,4.845679012,0.300636943
-7.70E+01,1.90E+01,2.28E+01,1.27E-01,7.37E-01,-6.89E-02,-4.12E+01,-2.08E+02,5.66E+00,-1.94E+00,2.58E-01,-2.04E-03,4.830769231,0.300636943
-7.70E+01,1.90E+01,2.28E+01,1.27E-01,7.37E-01,-6.89E-02,-4.12E+01,-2.09E+02,5.61E+00,-1.94E+00,2.58E-01,-2.08E-03,4.830769231,0.300636943
-7.71E+01,1.90E+01,2.29E+01,1.27E-01,7.37E-01,-6.89E-02,-4.13E+01,-2.09E+02,5.57E+00,-1.94E+00,2.58E-01,-2.12E-03,4.830769231,0.300636943
-7.71E+01,1.90E+01,2.29E+01,1.27E-01,7.37E-01,-6.89E-02,-4.13E+01,-2.09E+02,5.54E+00,-1.94E+00,2.58E-01,-2.23E-03,4.830769231,0.300636943
-7.71E+01,1.90E+01,2.29E+01,1.27E-01,7.37E-01,-6.89E-02,-4.13E+01,-2.09E+02,5.51E+00,-1.94E+00,2.58E-01,-2.34E-03,4.830769231,0.301273885
-7.72E+01,1.90E+01,2.29E+01,1.27E-01,7.37E-01,-6.89E-02,-4.13E+01,-2.09E+02,5.48E+00,-1.94E+00,2.58E-01,-2.50E-03,4.830769231,0.301273885
-7.72E+01,1.90E+01,2.29E+01,1.27E-01,7.37E-01,-6.88E-02,-4.13E+01,-2.09E+02,5.46E+00,-1.94E+00,2.58E-01,-2.61E-03,4.81595092,0.301273885
-7.72E+01,1.90E+01,2.29E+01,1.27E-01,7.37E-01,-6.88E-02,-4.14E+01,-2.09E+02,5.45E+00,-1.94E+00,2.58E-01,-2.78E-03,4.81595092,0.301273885
-7.72E+01,1.90E+01,2.29E+01,1.27E-01,7.36E-01,-6.87E-02,-4.14E+01,-2.09E+02,5.45E+00,-1.94E+00,2.58E-01,-2.93E-03,4.81595092,0.301910828
-7.72E+01,1.91E+01,2.29E+01,1.27E-01,7.36E-01,-6.87E-02,-4.14E+01,-2.09E+02,5.48E+00,-1.94E+00,2.58E-01,-3.04E-03,4.81595092,0.301910828
-7.71E+01,1.91E+01,2.29E+01,1.27E-01,7.36E-01,-6.86E-02,-4.14E+01,-2.09E+02,5.52E+00,-1.94E+00,2.58E-01,-3.11E-03,4.81595092,0.301910828
-7.71E+01,1.91E+01,2.29E+01,1.26E-01,7.36E-01,-6.86E-02,-4.13E+01,-2.09E+02,5.58E+00,-1.94E+00,2.57E-01,-3.17E-03,4.81595092,0.301910828
-7.71E+01,1.91E+01,2.29E+01,1.26E-01,7.36E-01,-6.85E-02,-4.13E+01,-2.09E+02,5.64E+00,-1.94E+00,2.57E-01,-3.20E-03,4.830769231,0.301910828
-7.70E+01,1.91E+01,2.28E+01,1.26E-01,7.36E-01,-6.85E-02,-4.13E+01,-2.09E+02,5.70E+00,-1.94E+00,2.57E-01,-3.24E-03,4.830769231,0.301910828
-7.70E+01,1.91E+01,2.28E+01,1.26E-01,7.36E-01,-6.84E-02,-4.13E+01,-2.09E+02,5.76E+00,-1.94E+00,2.57E-01,-3.25E-03,4.830769231,0.302547771
-7.70E+01,1.91E+01,2.28E+01,1.26E-01,7.36E-01,-6.84E-02,-4.12E+01,-2.09E+02,5.83E+00,-1.94E+00,2.57E-01,-3.28E-03,4.830769231,0.302547771
-7.69E+01,1.91E+01,2.28E+01,1.26E-01,7.36E-01,-6.84E-02,-4.12E+01,-2.09E+02,5.89E+00,-1.94E+00,2.57E-01,-3.29E-03,4.830769231,0.302547771
-7.69E+01,1.91E+01,2.28E+01,1.26E-01,7.36E-01,-6.84E-02,-4.12E+01,-2.09E+02,5.94E+00,-1.94E+00,2.57E-01,-3.31E-03,4.845679012,0.302547771
-7.69E+01,1.91E+01,2.28E+01,1.26E-01,7.36E-01,-6.84E-02,-4.11E+01,-2.09E+02,5.99E+00,-1.94E+00,2.57E-01,-3.32E-03,4.845679012,0.302547771
-7.69E+01,1.91E+01,2.27E+01,1.26E-01,7.36E-01,-6.84E-02,-4.11E+01,-2.09E+02,6.02E+00,-1.94E+00,2.57E-01,-3.34E-03,4.845679012,0.302547771
-7.69E+01,1.91E+01,2.27E+01,1.26E-01,7.36E-01,-6.84E-02,-4.11E+01,-2.09E+02,6.04E+00,-1.94E+00,2.57E-01,-3.35E-03,4.845679012,0.302547771
-7.69E+01,1.91E+01,2.27E+01,1.26E-01,7.36E-01,-6.85E-02,-4.11E+01,-2.09E+02,6.04E+00,-1.94E+00,2.57E-01,-3.37E-03,4.845679012,0.302547771
-7.69E+01,1.91E+01,2.27E+01,1.27E-01,7.36E-01,-6.85E-02,-4.11E+01,-2.09E+02,6.02E+00,-1.94E+00,2.57E-01,-3.39E-03,4.845679012,0.302547771
-7.69E+01,1.91E+01,2.27E+01,1.27E-01,7.36E-01,-6.86E-02,-4.11E+01,-2.09E+02,5.99E+00,-1.94E+00,2.57E-01,-3.41E-03,4.845679012,0.302547771
-7.69E+01,1.91E+01,2.28E+01,1.27E-01,7.36E-01,-6.86E-02,-4.11E+01,-2.09E+02,5.94E+00,-1.94E+00,2.57E-01,-3.42E-03,4.845679012,0.302547771
-7.70E+01,1.91E+01,2.28E+01,1.27E-01,7.36E-01,-6.87E-02,-4.11E+01,-2.09E+02,5.88E+00,-1.94E+00,2.57E-01,-3.42E-03,4.845679012,0.302547771
-7.70E+01,1.90E+01,2.28E+01,1.27E-01,7.36E-01,-6.87E-02,-4.11E+01,-2.09E+02,5.81E+00,-1.94E+00,2.57E-01,-3.41E-03,4.845679012,0.302547771
-7.71E+01,1.90E+01,2.28E+01,1.27E-01,7.36E-01,-6.87E-02,-4.12E+01,-2.09E+02,5.73E+00,-1.94E+00,2.57E-01,-3.39E-03,4.845679012,0.302547771
-7.71E+01,1.90E+01,2.28E+01,1.27E-01,7.36E-01,-6.87E-02,-4.12E+01,-2.09E+02,5.66E+00,-1.94E+00,2.57E-01,-3.33E-03,4.830769231,0.302547771
-7.71E+01,1.90E+01,2.29E+01,1.26E-01,7.36E-01,-6.87E-02,-4.12E+01,-2.09E+02,5.59E+00,-1.94E+00,2.57E-01,-3.28E-03,4.830769231,0.302547771
-7.72E+01,1.90E+01,2.29E+01,1.26E-01,7.36E-01,-6.87E-02,-4.12E+01,-2.09E+02,5.52E+00,-1.94E+00,2.57E-01,-3.23E-03,4.830769231,0.302547771
-7.72E+01,1.90E+01,2.29E+01,1.26E-01,7.36E-01,-6.86E-02,-4.13E+01,-2.09E+02,5.47E+00,-1.94E+00,2.57E-01,-3.16E-03,4.830769231,0.301910828
-7.72E+01,1.89E+01,2.29E+01,1.26E-01,7.36E-01,-6.86E-02,-4.13E+01,-2.09E+02,5.42E+00,-1.94E+00,2.56E-01,-3.08E-03,4.830769231,0.301910828
-7.72E+01,1.89E+01,2.29E+01,1.26E-01,7.36E-01,-6.85E-02,-4.13E+01,-2.09E+02,5.38E+00,-1.94E+00,2.56E-01,-3.01E-03,4.830769231,0.301910828
-7.72E+01,1.89E+01,2.29E+01,1.26E-01,7.36E-01,-6.85E-02,-4.13E+01,-2.09E+02,5.36E+00,-1.94E+00,2.56E-01,-2.92E-03,4.830769231,0.301910828
-7.72E+01,1.89E+01,2.29E+01,1.26E-01,7.36E-01,-6.84E-02,-4.13E+01,-2.09E+02,5.37E+00,-1.94E+00,2.56E-01,-2.84E-03,4.830769231,0.301910828
-7.71E+01,1.89E+01,2.29E+01,1.26E-01,7.36E-01,-6.83E-02,-4.13E+01,-2.09E+02,5.41E+00,-1.94E+00,2.56E-01,-2.73E-03,4.830769231,0.301910828
-7.71E+01,1.90E+01,2.28E+01,1.26E-01,7.36E-01,-6.82E-02,-4.13E+01,-2.09E+02,5.47E+00,-1.94E+00,2.55E-01,-2.64E-03,4.830769231,0.301910828
-7.71E+01,1.90E+01,2.28E+01,1.26E-01,7.36E-01,-6.82E-02,-4.12E+01,-2.09E+02,5.54E+00,-1.94E+00,2.55E-01,-2.52E-03,4.830769231,0.301910828
-7.71E+01,1.90E+01,2.28E+01,1.26E-01,7.37E-01,-6.81E-02,-4.12E+01,-2.09E+02,5.61E+00,-1.94E+00,2.55E-01,-2.40E-03,4.830769231,0.301910828
-7.70E+01,1.90E+01,2.28E+01,1.26E-01,7.37E-01,-6.81E-02,-4.12E+01,-2.09E+02,5.69E+00,-1.94E+00,2.55E-01,-2.29E-03,4.845679012,0.301910828
-7.70E+01,1.90E+01,2.28E+01,1.26E-01,7.37E-01,-6.81E-02,-4.12E+01,-2.09E+02,5.76E+00,-1.94E+00,2.55E-01,-2.21E-03,4.845679012,0.302547771
-7.70E+01,1.91E+01,2.28E+01,1.26E-01,7.37E-01,-6.81E-02,-4.11E+01,-2.09E+02,5.83E+00,-1.94E+00,2.55E-01,-2.16E-03,4.845679012,0.302547771
-7.70E+01,1.91E+01,2.28E+01,1.26E-01,7.37E-01,-6.81E-02,-4.11E+01,-2.09E+02,5.89E+00,-1.94E+00,2.55E-01,-2.15E-03,4.845679012,0.302547771
-7.70E+01,1.91E+01,2.27E+01,1.26E-01,7.36E-01,-6.81E-02,-4.11E+01,-2.09E+02,5.95E+00,-1.94E+00,2.55E-01,-2.16E-03,4.845679012,0.302547771
-7.70E+01,1.91E+01,2.27E+01,1.26E-01,7.36E-01,-6.82E-02,-4.11E+01,-2.09E+02,5.98E+00,-1.94E+00,2.56E-01,-2.19E-03,4.845679012,0.302547771
-7.70E+01,1.91E+01,2.27E+01,1.26E-01,7.36E-01,-6.82E-02,-4.11E+01,-2.09E+02,5.99E+00,-1.94E+00,2.56E-01,-2.24E-03,4.845679012,0.302547771
-7.70E+01,1.91E+01,2.27E+01,1.26E-01,7.36E-01,-6.83E-02,-4.11E+01,-2.09E+02,5.99E+00,-1.94E+00,2.56E-01,-2.30E-03,4.845679012,0.301910828
-7.71E+01,1.91E+01,2.27E+01,1.26E-01,7.36E-01,-6.83E-02,-4.11E+01,-2.09E+02,5.97E+00,-1.94E+00,2.56E-01,-2.39E-03,4.845679012,0.301910828
-7.71E+01,1.91E+01,2.28E+01,1.26E-01,7.36E-01,-6.84E-02,-4.11E+01,-2.09E+02,5.93E+00,-1.94E+00,2.56E-01,-2.48E-03,4.845679012,0.301910828
-7.71E+01,1.91E+01,2.28E+01,1.26E-01,7.36E-01,-6.85E-02,-4.11E+01,-2.09E+02,5.88E+00,-1.94E+00,2.57E-01,-2.57E-03,4.845679012,0.301910828
-7.71E+01,1.91E+01,2.28E+01,1.26E-01,7.36E-01,-6.85E-02,-4.11E+01,-2.09E+02,5.82E+00,-1.94E+00,2.57E-01,-2.61E-03,4.845679012,0.301910828
-7.72E+01,1.90E+01,2.28E+01,1.26E-01,7.36E-01,-6.86E-02,-4.12E+01,-2.09E+02,5.75E+00,-1.94E+00,2.57E-01,-2.66E-03,4.845679012,0.301273885
-7.72E+01,1.90E+01,2.28E+01,1.26E-01,7.36E-01,-6.86E-02,-4.12E+01,-2.09E+02,5.68E+00,-1.94E+00,2.57E-01,-2.72E-03,4.845679012,0.301273885
